-- phpMyAdmin SQL Dump
-- version 4.6.5.2
-- https://www.phpmyadmin.net/
--
-- Host: 127.0.0.1
-- Generation Time: Jun 12, 2018 at 09:18 AM
-- Server version: 10.1.21-MariaDB
-- PHP Version: 5.6.30

SET SQL_MODE = "NO_AUTO_VALUE_ON_ZERO";
SET time_zone = "+00:00";


/*!40101 SET @OLD_CHARACTER_SET_CLIENT=@@CHARACTER_SET_CLIENT */;
/*!40101 SET @OLD_CHARACTER_SET_RESULTS=@@CHARACTER_SET_RESULTS */;
/*!40101 SET @OLD_COLLATION_CONNECTION=@@COLLATION_CONNECTION */;
/*!40101 SET NAMES utf8mb4 */;

--
-- Database: `asolution`
--

-- --------------------------------------------------------

--
-- Table structure for table `city`
--

CREATE TABLE `city` (
  `id` int(11) NOT NULL,
  `city` varchar(100) NOT NULL,
  `stateid` varchar(100) NOT NULL,
  `countryid` varchar(100) NOT NULL
) ENGINE=MyISAM DEFAULT CHARSET=latin1;

--
-- Dumping data for table `city`
--

INSERT INTO `city` (`id`, `city`, `stateid`, `countryid`) VALUES
(3, 'Banani', '1', '1'),
(4, 'Badda', '1', '1'),
(5, 'Adabor', '1', '1'),
(6, 'Bangsal', '1', '1'),
(7, 'Mirzapur', '2', '1'),
(8, 'Basail', '2', '1'),
(9, 'Kaliaqur', '4', '1'),
(10, 'Delduar', '2', '1'),
(11, 'Gopalpur', '2', '1'),
(12, 'Bimanbandar', '1', '1'),
(13, 'Cantonment', '1', '1'),
(14, 'Chak Bazar', '1', '1'),
(15, 'Dakshinkhan', '1', '1'),
(16, 'Darys Sakan', '1', '1'),
(17, 'Kalihati', '2', '1'),
(18, 'Moulvibazar', '11', '6'),
(19, 'Gulshan', '1', '1'),
(20, 'Begumganj', '12', '2'),
(21, 'Barisal', '13', '5'),
(22, 'Bogra', '14', '3'),
(23, 'Ishwarganj', '15', '8'),
(24, 'Sirajgonj', '1', '1'),
(25, 'Rajshahi', '17', '3'),
(26, 'Mothergonj', '18', '1'),
(27, 'Laksham', '19', '2'),
(28, 'Darus Salam', '1', '1'),
(29, 'Demra', '1', '1'),
(30, 'Dhamrai', '1', '1'),
(31, 'Dhanmondi', '1', '1'),
(32, 'Dohar', '1', '1'),
(33, 'Gendaria', '1', '1'),
(34, 'Hazaribagh', '1', '1'),
(35, 'Jatarbari', '1', '1'),
(36, 'Keraniganj', '1', '1'),
(37, 'Kadamtali', '1', '1'),
(38, 'Kafrul', '1', '1'),
(39, 'Kalabagan', '1', '1'),
(40, 'Kamrangirchar', '1', '1'),
(41, 'Khilgaon', '1', '1'),
(42, 'Khilkhet', '1', '1'),
(43, 'Kotwali', '1', '1'),
(44, 'Lalbagh', '1', '1'),
(45, 'Mirpur', '1', '1'),
(46, 'Mohammadpur', '1', '1'),
(47, 'Motijheel', '1', '1'),
(48, 'Nawabganj', '1', '1'),
(49, 'Newmarket', '1', '1'),
(50, 'Ballabi', '1', '1'),
(51, 'Paltan', '1', '1'),
(52, 'Ramna', '1', '1'),
(53, 'Rampura', '1', '1'),
(54, 'Sabujbagh', '1', '1'),
(55, 'Savar', '1', '1'),
(56, 'Shah Ali', '1', '1'),
(57, 'Shahbag', '1', '1'),
(58, 'Sher-e-Bangla Nagar', '1', '1'),
(59, 'Shyampur', '1', '1'),
(60, 'Sutrapur', '1', '1'),
(61, 'Tejgaon', '1', '1'),
(62, 'Tejgaon Industrial Area', '1', '1'),
(63, 'Turag', '1', '1'),
(64, 'Uttara', '1', '1'),
(65, 'Jamalpur', '15', '8'),
(66, 'Agrabad', '32', '2'),
(67, 'Chittagong', '32', '2'),
(68, 'Debidwar', '19', '2'),
(69, 'Muksudpur', '5', '1'),
(70, 'Tangail', '1', '1'),
(71, 'Madhupur', '2', '1'),
(72, 'Gazipur Sadar', '4', '1'),
(73, 'Kaliakair', '4', '1'),
(74, 'Kaliganj', '1', '1'),
(75, 'Kapasia', '4', '1'),
(76, 'Sreepur', '4', '1'),
(77, 'Gopalganj Sadar', '5', '1'),
(78, 'Kashiani', '5', '1'),
(79, 'Kotalipara', '5', '1'),
(80, 'Tungipara', '1', '1'),
(81, 'Austagram', '64', '1'),
(82, 'Mymensingh Sadar', '60', '8'),
(83, 'Khulna Sadar', '38', '4'),
(84, 'Nilphamari sadar', '54', '7'),
(85, 'Jessore Sadar', '36', '4'),
(86, 'Rangpur sadar', '49', '7'),
(87, 'Bandarban sadar', '31', '2'),
(88, 'Munshiganj Sadar', '8', '1'),
(89, 'Akkelpur', '45', '3'),
(90, 'Sylhet Sadar', '59', '6'),
(91, 'Kishoreganj Sadar', '64', '1'),
(92, 'Narayanganj', '65', '1'),
(93, 'Hakimpur', '50', '7'),
(94, 'Dinajpur sadar', '50', '7'),
(95, 'Noakhali Sadar', '12', '2'),
(96, 'Cox\'s Bazar', '33', '2'),
(97, 'Comilla', '19', '2'),
(98, 'Brahmanpara', '19', '2'),
(99, 'Ashugonj', '25', '2'),
(100, 'Feni Sadar', '28', '2'),
(101, 'Pirganj', '56', '7'),
(102, 'Bagerhat ', '34', '4'),
(103, 'Natore Sadar', '47', '3'),
(104, 'Sarail', '25', '2'),
(105, 'Katiadi', '64', '1'),
(106, 'Kalkini', '6', '1'),
(107, 'Madaripur Sadar', '6', '1'),
(108, 'Rajoir', '6', '1'),
(109, 'Shibchar', '6', '1'),
(110, 'Bhaluka', '60', '8'),
(111, 'Trishal', '60', '8'),
(112, 'Haluaghat', '60', '8'),
(113, 'Muktagachha', '60', '8'),
(114, 'Dhobaura', '60', '8'),
(115, 'Fulbaria', '60', '8'),
(116, 'Gaffargaon', '60', '8'),
(117, 'Gauripur', '60', '8'),
(118, 'Nandail', '60', '8'),
(119, 'Phulpur', '60', '8'),
(120, 'Tarakanda', '60', '8'),
(121, 'Terokhada', '38', '4'),
(122, 'Batiaghata', '38', '4'),
(123, 'Dacope', '38', '4'),
(124, 'Dumuria', '38', '4'),
(125, 'Dighalia', '38', '4'),
(126, 'Koyra', '38', '4'),
(127, 'Paikgachha', '38', '4'),
(128, 'Phultala', '38', '4'),
(129, 'Rupsa', '38', '4'),
(130, 'Daulatpur', '38', '4'),
(131, 'Khalishpur', '38', '4'),
(132, 'Khan Jahan Ali ', '38', '4'),
(133, 'Haripur', '56', '7'),
(134, 'Chuadanga', '35', '4'),
(135, 'Faridpur', '3', '1'),
(136, 'Rangamati sadar', '30', '2'),
(137, 'Jhenaidah sadar', '37', '4'),
(138, 'Nababgonj', '44', '3'),
(139, 'Pabna', '67', '1'),
(140, 'Brahmanbaria', '25', '2'),
(141, 'Galachipa', '23', '5'),
(142, 'Patuakhali', '23', '5'),
(143, 'Siragonj', '67', '1'),
(144, 'Polash', '66', '1'),
(145, 'Narsingdi', '66', '1'),
(146, 'Shariatpur', '63', '1'),
(147, 'Akhaura', '25', '2'),
(148, '', '', ''),
(149, 'Rajbari', '9', '1'),
(150, 'Nakla', '62', '8'),
(151, 'Muradnagar', '19', '2'),
(152, 'Sherpur', '62', '8'),
(153, 'Naogaon', '46', '3'),
(154, 'Rajnagar', '11', '6'),
(155, 'Mongla', '34', '4'),
(156, 'Bauphal', '23', '5'),
(157, 'Singra', '47', '3'),
(158, 'Kotchandpur', '37', '4'),
(159, 'Nazirpur', '24', '5'),
(160, 'Ranisankail', '56', '7'),
(161, 'Burichong', '19', '2'),
(162, 'Moheshpur', '37', '4'),
(163, 'Birampur', '50', '7'),
(164, 'Birganj', '50', '7'),
(165, 'Biral', '50', '7'),
(166, 'Bochaganj ', '50', '7'),
(167, 'Chirirbandar', '50', '7'),
(168, 'Phulbari', '50', '7'),
(169, 'Ghoraghat', '50', '7'),
(170, 'Kaharole', '50', '7'),
(171, 'Khansama', '49', '7'),
(172, 'Nawabganj-D', '50', '7'),
(173, 'Parbatipur', '50', '7'),
(174, 'Thakurgaon', '56', '7'),
(175, 'Pabna sadar', '48', '3'),
(176, 'Santhia', '48', '3'),
(177, 'Kushtia', '39', '4'),
(178, 'Damurhuda', '35', '4'),
(179, 'Bera', '48', '3'),
(180, 'Sarishabar', '15', '8'),
(181, 'Baksiganj', '15', '8'),
(182, 'Dewanganj', '15', '8'),
(183, 'Islampur', '15', '8'),
(184, 'Jamalpur Sadar', '15', '8'),
(185, 'Madarganj ', '15', '8'),
(186, 'Melandaha', '15', '8'),
(187, 'Chakaria', '33', '2'),
(188, 'Kutubdia', '33', '2'),
(189, 'Ramu', '33', '2'),
(190, 'Ukhia', '33', '2'),
(191, 'Cox\'s Bazar', '33', '2'),
(192, 'Maheshkhali', '33', '2'),
(193, 'Teknaf', '33', '2'),
(194, 'Pekua', '33', '2'),
(195, 'Lakshmipur', '27', '2'),
(196, 'Phulchhari', '51', '7'),
(197, 'Gaibandha Sadar', '51', '7'),
(198, 'Gobindaganj', '51', '7'),
(199, 'Palashbari', '51', '7'),
(200, 'Sadullapur', '51', '7'),
(201, 'Sughatta', '51', '7'),
(202, 'Sundarganj', '51', '7'),
(203, 'Bhurungamari', '52', '7'),
(204, 'Chilmari', '52', '7'),
(205, 'Kurigram Sadar', '52', '7'),
(206, 'Fakirhat', '34', '4'),
(207, 'Mollahat', '34', '4'),
(208, 'Morrelganj', '34', '4'),
(209, 'Sarankhola', '34', '4'),
(210, 'Chitalmari', '34', '4'),
(211, 'Kachua', '34', '4'),
(212, 'Rampal', '34', '4'),
(213, 'Joypurhat Sadar', '45', '3'),
(214, 'Kalai', '45', '3'),
(215, 'Khetlal', '45', '3'),
(216, 'Panchbibi', '45', '3'),
(217, 'Amtali', '20', '5'),
(218, 'Bamna', '20', '5'),
(219, 'Barguna Sadar', '20', '5'),
(220, 'Betagi', '20', '5'),
(221, 'Patharghata', '20', '5'),
(222, 'Taltali', '20', '5'),
(223, 'Balaganj', '59', '6'),
(224, 'Beanibazar', '59', '6'),
(225, 'Bishwanath', '59', '6'),
(226, 'Companiganj', 'Select District', '6'),
(227, 'Dakshin Surma', '59', '6'),
(228, 'Fenchuganj', '59', '6'),
(229, 'Golapganj', '59', '6'),
(230, 'Gowainghat', 'Select District', '6'),
(231, 'Jaintiapur', 'Select District', '6'),
(232, 'Kanaighat', '59', '6'),
(233, 'Osmani Nagar', '59', '6'),
(234, 'Zakiganj', '59', '6'),
(235, 'Barlekha', '11', '6'),
(236, 'Kamalganj', '11', '6'),
(237, 'Sreemangal', '11', '6'),
(238, 'Juri', '11', '6'),
(239, 'Kulaura', '11', '6'),
(240, 'Ajmiriganj', '57', '6'),
(241, 'Bahubal', '57', '6'),
(242, 'Baniyachong', '57', '6'),
(243, 'Chunarughat', '57', '6'),
(244, 'Habiganj Sadar', '57', '6'),
(245, 'Lakhai', '57', '6'),
(246, 'Madhabpur ', '57', '6'),
(247, 'Madhabpur (H)', '57', '6'),
(248, 'Sayestaganj', '57', '6'),
(249, 'Bishwamvarpur', '58', '6'),
(250, 'Chhatak', '58', '6'),
(251, 'Dakshin Sunamganj', '58', '6'),
(252, 'Derai', '58', '6'),
(253, 'Dharamapasha', '58', '6'),
(254, 'Dowarabazar', '58', '6'),
(255, 'Jagannathpur', '58', '6'),
(256, 'Jamalganj', '58', '6'),
(257, 'Sullah', '58', '6'),
(258, 'Sunamganj Sadar', '58', '6'),
(259, 'Tahirpur', '58', '6'),
(260, 'Bheramara', '39', '4'),
(261, 'Daulatpur (K)', '39', '4'),
(262, 'Khoksa', '39', '4'),
(263, 'Kumarkhali', '39', '4'),
(264, 'Mirpur (K)', '39', '4'),
(265, 'Abhaynagar', '36', '4'),
(266, 'Bagherpara', '36', '4'),
(267, 'Chaugachha', '36', '4'),
(268, 'Jhikargachha', '36', '4'),
(269, 'Keshabpur', '36', '4'),
(270, 'Manirampur', '36', '4'),
(271, 'Sharsha', '36', '4'),
(272, 'Alamdanga', '35', '4'),
(273, 'Jibannagar', '35', '4'),
(274, 'Magura Sadar', '40', '4'),
(275, 'Mohammadpur (M)', '40', '4'),
(276, 'Shalikha', '40', '4'),
(277, 'Sreepur (M)', '40', '4'),
(278, 'Gangni', '41', '4'),
(279, 'Meherpur Sadar', 'Select District', '4'),
(280, 'Mujibnagar', '41', '4'),
(281, 'Meherpur', '41', '4'),
(282, 'Kalia', '42', '4'),
(283, 'Lohagara', '42', '4'),
(284, 'Narail Sadar', '42', '4'),
(285, 'Naragati', '42', '4'),
(286, 'Assasuni', '43', '4'),
(287, 'Debhata', '43', '4'),
(288, 'Kalaroa', '43', '4'),
(289, 'Kaliganj (S)', '43', '4'),
(290, 'Satkhira Sadar', '43', '4'),
(291, 'Shyamnagar', '43', '4'),
(292, 'Tala', '43', '4'),
(293, 'Sonadanga', '38', '4'),
(294, 'Harintana', '38', '4'),
(295, 'Harinakunda', '37', '4'),
(296, 'Kaliganj (JH)', '37', '4'),
(297, 'Shailkupa', '37', '4'),
(298, 'Badarganj', '49', '7'),
(299, 'Gangachhara', '49', '7'),
(300, 'Kaunia', 'Select District', '7'),
(301, 'Mithapukur', '49', '7'),
(302, 'Pirgachha', '49', '7'),
(303, 'Pirganj (R)', '49', '7'),
(304, 'Taraganj', '49', '7'),
(305, 'Char Rajibpur', '52', '7'),
(306, 'Phulbari (K)', '52', '7'),
(307, 'Nageshwari', '52', '7'),
(308, 'Rajarhat', '52', '7'),
(309, 'Raomari', '52', '7'),
(310, 'Ulipur', '52', '7'),
(311, 'Aditmari', '53', '7'),
(312, 'Hatibandha', '53', '7'),
(313, 'Kaliganj (L)', '53', '7'),
(314, 'Lalmonirhat Sadar', '53', '7'),
(315, 'Patgram', '53', '7'),
(316, 'Dimla', '54', '7'),
(317, 'Domar', '54', '7'),
(318, 'Jaldhaka ', '54', '7'),
(319, 'Kishoreganj', '54', '7'),
(320, 'Saidpur', '54', '7'),
(321, 'Atwari', '55', '7'),
(322, 'Boda', '55', '7'),
(323, 'Debiganj', '55', '7'),
(324, 'Panchagarh Sadar', '55', '7'),
(325, 'Tetulia', '55', '7'),
(326, 'Baliadangi', '56', '7'),
(327, 'Atpara', '61', '8'),
(328, 'Barhatta', 'Select District', '8'),
(329, 'Durgapur', '61', '8'),
(330, 'Khaliajuri', '61', '8'),
(331, 'Kalmakanda', '61', '8'),
(332, 'Kendua', '61', '8'),
(333, 'Madan', '61', '8'),
(334, 'Mohanganj', '61', '8'),
(335, 'Netrokona Sadar', '61', '8'),
(336, 'Purbadhala', '61', '8'),
(337, 'Barhatta (N)', '61', '8'),
(338, 'Jhenaigati', '62', '8'),
(339, 'Nalitabari ', '62', '8'),
(340, 'Sreebardi', '62', '8'),
(341, 'Agailjhara', '13', '5'),
(342, 'Babuganj', '13', '5'),
(343, 'Bakerganj', '13', '5'),
(344, 'Banaripara', '13', '5'),
(345, 'Gaurnadi', 'Select District', '5'),
(346, 'Hizla', '13', '5'),
(347, 'Mehendiganj', '13', '5'),
(348, 'Muladi', '13', '5'),
(349, 'Wazirpur', 'Select District', '5'),
(350, 'Bhola Sadar', '21', '5'),
(351, 'Burhanuddin', '21', '5'),
(352, 'Char Fasson', '21', '5'),
(353, 'Daulatkhan', 'Select District', '5'),
(354, 'Lalmohan', '21', '5'),
(355, 'Manpura', '21', '5'),
(356, 'Tazumuddin', '21', '5'),
(357, 'Dashmina', '23', '5'),
(358, 'Kalapara', '23', '5'),
(359, 'Mirzaganj', '23', '5'),
(360, 'Rangabali', '23', '5'),
(361, 'Dumki', '23', '5'),
(362, 'Bhandaria', '24', '5'),
(363, 'Kawkhali', '24', '5'),
(364, 'Mathbaria', '24', '5'),
(365, 'Pirojpur Sadar', '24', '5'),
(366, 'Nesarabad (Swarupkati)', 'Select District', '5'),
(367, 'Zianagar', '24', '5'),
(368, 'Belkuchi', '16', '3'),
(369, 'Chauhali', '16', '3'),
(370, 'Kamarkhanda', '16', '3'),
(371, 'Kazipur', '16', '3'),
(372, 'Raiganj', '16', '3'),
(373, 'Shahjadpur', '16', '3'),
(374, 'Sirajganj Sadar', '16', '3'),
(375, 'Tarash', '16', '3'),
(376, 'Ullahpara', '16', '3'),
(377, 'Bagha', '17', '3'),
(378, 'Bagmara', '17', '3'),
(379, 'Charghat', '17', '3'),
(380, 'Durgapur (R)', '17', '3'),
(381, 'Godagari', '17', '3'),
(382, 'Mohanpur', '17', '3'),
(383, 'Paba', '17', '3'),
(384, 'Chandpur Sadar', '26', '2'),
(385, 'Faridganj', '26', '2'),
(386, 'Haimchar', '26', '2'),
(387, 'Haziganj', '26', '2'),
(388, 'Kachua (C)', '26', '2'),
(389, 'Matlab Dakshin', '26', '2'),
(390, 'Matlab Uttar', '26', '2'),
(391, 'Shahrasti', '26', '2'),
(392, 'Chatkhil', '12', '2'),
(393, 'Companiganj (N)', '12', '2'),
(394, 'Hatiya', '12', '2'),
(395, 'Senbagh', '12', '2'),
(396, 'Sonaimuri', '12', '2'),
(397, 'Subarnachar', '12', '2'),
(398, 'Kabirhat', '12', '2'),
(399, 'Dighinala', '29', '2'),
(400, 'Khagrachhari', '29', '2'),
(401, 'Lakshmichhari', '29', '2'),
(402, 'Mahalchhari', '29', '2'),
(403, 'Manikchhari', '29', '2'),
(404, 'Matiranga', '29', '2'),
(405, 'Panchhari', '29', '2'),
(406, 'Ramgarh', '29', '2'),
(407, 'Raipur', '27', '2'),
(408, 'Ramganj', '27', '2'),
(409, 'Ramgati', '27', '2'),
(410, 'Kamalnagar', '27', '2'),
(411, 'Chhagalnaiya', '28', '2'),
(412, 'Daganbhuiyan', '28', '2'),
(413, 'Parshuram', '28', '2'),
(414, 'Sonagazi', '28', '2'),
(415, 'Fulgazi', '28', '2'),
(416, 'Bagaichhari', '30', '2'),
(417, 'Barkal', '30', '2'),
(418, 'Kawkhali (Betbunia)', '30', '2'),
(419, 'Belaichhari', '30', '2'),
(420, 'Kaptai', '30', '2'),
(421, 'Juraichhari', '30', '2'),
(422, 'Langadu', '30', '2'),
(423, 'Naniyachar', '30', '2'),
(424, 'Rajasthali', '30', '2'),
(425, 'Ali Kadam', '31', '2'),
(426, 'Lama', '31', '2'),
(427, 'Naikhongchhari', 'Select District', '2'),
(428, 'Naikhongchhari (B)', '31', '2'),
(429, 'Rowangchhari', '31', '2'),
(430, 'Ruma', '31', '2'),
(431, 'Thanchi', '31', '2'),
(432, 'Bancharampur', 'Select District', '2'),
(433, 'Kasba', '25', '2'),
(434, 'Bancharampur (B)', '25', '2'),
(435, 'Nabinagar', '25', '2'),
(436, 'Nasirnagar', '25', '2'),
(437, 'Bijoynagar', '25', '2'),
(438, 'Barura', 'Select District', '2'),
(439, 'Chandina', 'Select District', '2'),
(440, 'Chauddagram', '19', '2'),
(441, 'Daudkandi', '19', '2'),
(442, 'Homna', 'Select District', '2'),
(443, 'Nangalkot', '19', '2'),
(444, 'Meghna', '19', '2'),
(445, 'Titas', '19', '2'),
(446, 'Monohargonj', '19', '2'),
(447, 'Cumilla Sadar Dakshin', '19', '2'),
(448, 'Anwara', '32', '2'),
(449, 'Banshkhali', '32', '2'),
(450, 'Boalkhali', '32', '2'),
(451, 'Chandanaish', '32', '2'),
(452, 'Fatikchhari', '32', '2'),
(453, 'Hathazari', '32', '2'),
(454, 'Karnaphuli', '32', '2'),
(455, 'Lohagara (CH)', '32', '2'),
(456, 'Mirsharai', '32', '2'),
(457, 'Patiya', '32', '2'),
(458, 'Rangunia', '32', '2'),
(459, 'Raozan', '32', '2'),
(460, 'Sandwip', '32', '2'),
(461, 'Satkania', '32', '2'),
(462, 'Sitakunda', '32', '2'),
(463, 'Bandar Thana', '32', '2'),
(464, 'Chandgaon', 'Select District', '2'),
(465, 'Chandgaon Thana', '32', '2'),
(466, 'Double Mooring Thana', '32', '2'),
(467, 'Pahartali Thana', '32', '2'),
(468, 'Panchlaish Thana', '32', '2'),
(469, 'Bhujpur Thana', '32', '2'),
(470, 'Jhalokati Sadar', '22', '5'),
(471, 'Kathalia', '22', '5'),
(472, 'Nalchity', '22', '5'),
(473, 'Rajapur', '22', '5'),
(474, 'Homna (C)', '19', '2'),
(475, 'Tangail Sadar', '2', '1'),
(476, 'Goshairhat', '63', '1'),
(477, 'Manikganj', '7', '1'),
(478, 'Saturia', '7', '1'),
(479, 'Bhuapur', '2', '1'),
(480, 'Karwanbazar', '1', '1'),
(481, 'Bhedarganj', '63', '1'),
(482, 'Damudya', '63', '1'),
(483, 'Naria', '63', '1'),
(484, 'Zajira', '63', '1'),
(485, 'Shakhipur', '63', '1'),
(486, 'Araihazar', '65', '1'),
(487, 'Bandar', '65', '1'),
(488, 'Rupganj', '65', '1'),
(489, 'Sonargaon', '65', '1'),
(490, 'Gazaria', '8', '1'),
(491, 'Lohajang', '8', '1'),
(492, 'Sirajdikhan', '8', '1'),
(493, 'Sreenagar', '8', '1'),
(494, 'Tongibari', '8', '1'),
(495, 'Bajitpur', '64', '1'),
(496, 'Bhairab', '64', '1'),
(497, 'Hossainpur', '64', '1'),
(498, 'Itna', '64', '1'),
(499, 'Karimganj ', '64', '1'),
(500, 'Kuliarchar', '64', '1'),
(501, 'Mithamain', '64', '1'),
(502, 'Nikli', '64', '1'),
(503, 'Pakundia', '64', '1'),
(504, 'Tarail ', '64', '1'),
(505, 'Bhanga', '3', '1'),
(506, 'Bholahat', '44', '3'),
(507, 'Atrai', '46', '3'),
(508, 'Manda', '46', '3'),
(509, 'Mohadevpur', '46', '3'),
(510, 'Niamatpur', '46', '3'),
(511, 'Porsha', '46', '3'),
(512, 'Sapahar', '46', '3'),
(513, 'Badalgachhi', '46', '3'),
(514, 'Dhamoirhat', '46', '3'),
(515, 'Patnitala', '46', '3'),
(516, 'Raninagar', '46', '3'),
(517, 'Baliakandi', '9', '1'),
(518, 'Goalandaghat', '9', '1'),
(519, 'Pangsha', '9', '1'),
(520, 'Kalukhali', '9', '1');

-- --------------------------------------------------------

--
-- Table structure for table `company_cat_tbl`
--

CREATE TABLE `company_cat_tbl` (
  `companycatid` int(11) NOT NULL,
  `companytypeid` tinyint(4) NOT NULL,
  `company_cat_name` varchar(100) NOT NULL,
  `company_cat_status` tinyint(1) NOT NULL
) ENGINE=MyISAM DEFAULT CHARSET=latin1;

--
-- Dumping data for table `company_cat_tbl`
--

INSERT INTO `company_cat_tbl` (`companycatid`, `companytypeid`, `company_cat_name`, `company_cat_status`) VALUES
(1, 1, 'LGED', 1),
(2, 2, 'Bank', 1),
(3, 1, 'PWD', 1),
(4, 1, 'RHD', 1),
(5, 1, 'EED', 1),
(6, 1, 'Health', 1),
(7, 1, 'Educational', 1),
(8, 1, 'Communication &amp; Transport', 1),
(9, 1, 'WASA', 1),
(10, 1, 'Police', 1),
(11, 1, 'Defence', 1),
(12, 1, 'Industry', 1),
(13, 1, 'Insurance', 1),
(14, 1, 'TAX,Customs,VAT', 1),
(15, 1, 'Energy &amp; Power ', 1),
(16, 1, 'Information &amp; Technology', 1),
(17, 1, 'Air &amp; Aviation', 1),
(18, 1, 'Press &amp; Printing', 1),
(19, 1, 'Development', 1),
(20, 1, 'Public Administration', 1),
(21, 2, 'Food &amp; Beverage', 1),
(22, 1, 'Industries', 1),
(23, 1, 'HED', 1),
(24, 1, 'Survey,Land &amp; Housing,', 1),
(25, 3, 'Education', 1),
(26, 2, 'Advertising Agency', 1),
(27, 2, 'Insurance', 1),
(28, 1, 'Museum', 1),
(29, 1, 'Agriculture', 1),
(30, 2, 'Manufacturing', 1),
(31, 2, 'University', 1),
(32, 1, 'Ministry', 1),
(33, 2, 'Legal', 1),
(34, 2, 'Real Estate', 1),
(35, 2, 'Garments &amp; Textile', 1),
(36, 2, 'Industries', 1);

-- --------------------------------------------------------

--
-- Table structure for table `company_type_tbl`
--

CREATE TABLE `company_type_tbl` (
  `companytypeid` int(11) NOT NULL,
  `company_type_name` varchar(100) NOT NULL,
  `company_type_status` tinyint(1) NOT NULL
) ENGINE=MyISAM DEFAULT CHARSET=latin1;

--
-- Dumping data for table `company_type_tbl`
--

INSERT INTO `company_type_tbl` (`companytypeid`, `company_type_name`, `company_type_status`) VALUES
(1, 'Government', 1),
(2, 'Private', 1),
(3, 'Multinational', 1),
(4, 'Others', 1),
(5, 'Chapainawabganj', 1);

-- --------------------------------------------------------

--
-- Table structure for table `country`
--

CREATE TABLE `country` (
  `id` int(11) NOT NULL,
  `country` varchar(50) NOT NULL
) ENGINE=MyISAM DEFAULT CHARSET=latin1;

--
-- Dumping data for table `country`
--

INSERT INTO `country` (`id`, `country`) VALUES
(1, 'Dhaka'),
(2, 'Chittagong'),
(3, 'Rajshahi'),
(4, 'Khulna'),
(5, 'Barisal'),
(6, 'Sylhet'),
(7, 'Rangpur'),
(8, 'Mymensingh');

-- --------------------------------------------------------

--
-- Table structure for table `item`
--

CREATE TABLE `item` (
  `itemid` int(11) NOT NULL,
  `productid` int(11) NOT NULL,
  `listprice` float NOT NULL,
  `unitcost` float NOT NULL,
  `attr1` varchar(100) NOT NULL,
  `status` varchar(100) NOT NULL
) ENGINE=MyISAM DEFAULT CHARSET=latin1;

--
-- Dumping data for table `item`
--

INSERT INTO `item` (`itemid`, `productid`, `listprice`, `unitcost`, `attr1`, `status`) VALUES
(1, 1, 30.5, 5, 'test1', 'status'),
(2, 2, 40.5, 10.5, 'test1', 'status2'),
(3, 3, 20, 15, 'test2', 'status');

-- --------------------------------------------------------

--
-- Table structure for table `nodes`
--

CREATE TABLE `nodes` (
  `id` int(11) NOT NULL,
  `parentId` int(11) DEFAULT NULL,
  `name` varchar(50) DEFAULT NULL
) ENGINE=MyISAM DEFAULT CHARSET=utf8;

--
-- Dumping data for table `nodes`
--

INSERT INTO `nodes` (`id`, `parentId`, `name`) VALUES
(1, 0, 'Node 1'),
(2, 0, 'Node 2'),
(3, 0, 'Node 3'),
(4, 0, 'Node 4'),
(5, 1, 'Node 1.1'),
(6, 1, 'Node 1.2'),
(7, 5, 'Node 1.1.1'),
(8, 5, 'Node 1.1.2'),
(9, 5, 'Node 1.1.3');

-- --------------------------------------------------------

--
-- Table structure for table `state`
--

CREATE TABLE `state` (
  `id` int(11) NOT NULL,
  `countryid` varchar(100) NOT NULL,
  `statename` varchar(100) NOT NULL
) ENGINE=MyISAM DEFAULT CHARSET=latin1;

--
-- Dumping data for table `state`
--

INSERT INTO `state` (`id`, `countryid`, `statename`) VALUES
(1, '1', 'Dhaka'),
(2, '1', 'Tangail'),
(3, '1', 'Faridpur'),
(4, '1', 'Gazipur'),
(5, '1', 'Gopalganj'),
(6, '1', 'Madaripur'),
(7, '1', 'Manikganj'),
(8, '1', 'Munshiganj'),
(9, '1', 'Rajbari'),
(10, '1', 'Monshigonj'),
(11, '6', 'Moulvibazar'),
(12, '2', 'Noakhali'),
(13, '5', 'Barisal'),
(14, '3', 'Bogra'),
(15, '8', 'Jamalpur'),
(16, '3', 'Serajgonj'),
(17, '3', 'Rajshahi'),
(19, '2', 'Comilla'),
(20, '5', 'Barguna'),
(21, '5', 'Bhola'),
(22, '5', 'Jhalokati'),
(23, '5', 'Patuakhali'),
(24, '5', 'Pirojpur'),
(25, '2', 'Brahmanbaria'),
(26, '2', 'Chandpur'),
(27, '2', 'Lakshmipur'),
(28, '2', 'Feni'),
(29, '2', 'Khagrachhari'),
(30, '2', 'Rangamati'),
(31, '2', 'Bandarban'),
(32, '2', 'Chittagong'),
(33, '2', 'Cox\'s Bazar'),
(34, '4', 'Bagerhat'),
(35, '4', 'Chuadanga'),
(36, '4', 'Jessore'),
(37, '4', 'Jhenaidah'),
(38, '4', 'Khulna'),
(39, '4', 'Kushtia'),
(40, '4', 'Magura'),
(41, '4', 'Meherpur'),
(42, '4', 'Narail'),
(43, '4', 'Satkhira'),
(44, '3', 'Chapainawabganj'),
(45, '3', 'Joypurhat'),
(46, '3', 'Naogaon'),
(47, '3', 'Natore'),
(48, '3', 'Pabna'),
(49, '7', 'Rangpur'),
(50, '7', 'Dinajpur'),
(51, '7', 'Gaibandha'),
(52, '7', 'Kurigram'),
(53, '7', 'Lalmonirhat'),
(54, '7', 'Nilphamari'),
(55, '7', 'Panchagarh'),
(56, '7', 'Thakurgaon'),
(57, '6', 'Habiganj'),
(58, '6', 'Sunamganj'),
(59, '6', 'Sylhet'),
(60, '8', 'Mymensingh'),
(61, '8', 'Natrokona'),
(62, '8', 'Sherpur'),
(63, '1', 'Shariatpur'),
(64, '1', 'Kishoreganj'),
(65, '1', 'Narayanganj'),
(66, '1', 'Narsingdi'),
(67, '1', 'Sirajgonj');

-- --------------------------------------------------------

--
-- Table structure for table `tbl_customer`
--

CREATE TABLE `tbl_customer` (
  `cust_id` int(11) NOT NULL,
  `cust_id_new` varchar(100) NOT NULL,
  `name` varchar(256) NOT NULL,
  `address` varchar(256) NOT NULL,
  `type` varchar(100) NOT NULL,
  `project_name` varchar(100) NOT NULL,
  `ref_id` tinyint(100) NOT NULL,
  `join_date` date NOT NULL,
  `division` varchar(100) NOT NULL,
  `district` varchar(100) NOT NULL,
  `upazila` varchar(100) NOT NULL,
  `contact_person` varchar(60) NOT NULL,
  `phone` varchar(25) NOT NULL,
  `email` varchar(100) NOT NULL,
  `fax` varchar(50) NOT NULL,
  `website` varchar(100) NOT NULL
) ENGINE=MyISAM DEFAULT CHARSET=latin1;

--
-- Dumping data for table `tbl_customer`
--

INSERT INTO `tbl_customer` (`cust_id`, `cust_id_new`, `name`, `address`, `type`, `project_name`, `ref_id`, `join_date`, `division`, `district`, `upazila`, `contact_person`, `phone`, `email`, `fax`, `website`) VALUES
(1, 'IL-1835521', 'Islami Bank Bangladesh Limited', 'Islami Bank Tower', '2', '2', 2, '2018-04-21', '1', '1', '47', '', '+88028331090', 'info@islamibankbd.com', '', 'www.islamibankbd.com'),
(2, 'DL-183190', 'Dutch Bangla Bank Limited', 'Mitijeel', '2', '2', 3, '2018-04-23', '1', '1', '47', '', '88029561889', 'hossain.mosharraf@dutchbanglabank.com', '', ''),
(3, 'TL-1833156', 'Tori Tailor Private Limited', '', '2', 'Others', 2, '2018-01-01', '8', '60', '82', '', '', '', '', ''),
(4, 'PL-1834745', 'Pubali Bank Limited', '', '2', '2', 4, '2018-01-01', '1', '1', '47', '', '88029551614', 'nahid327@gmail.com ', '', ''),
(5, 'PS-18312', 'Police Super,Khulna', '', '1', 'Others', 5, '2018-01-01', '4', '38', '83', '', '', '', '', ''),
(6, 'LD-183454', 'Local Government Engineering Department,Nilphamari', 'Nilphamari', '1', '1', 6, '2018-05-08', '7', '54', '84', '', '9800000', '', '', ''),
(7, 'RD-1832020', 'Roads and Highway Division', 'Allenbari, Tejgoan', '1', '4', 7, '2018-05-27', '1', '1', '61', '', '8879299', 'ce@rhd.gov.bd', '', ''),
(8, 'MD-1832648', 'Ministry of Defence,', 'New Airport Road, Dhaka', '', '', 8, '2018-05-13', '1', '1', '1', 'Commandant,ADHOC', '9800000', '', '', ''),
(9, 'JC-1832950', 'Jessore Technical School and College', '', '2', '', 9, '2018-01-01', '4', '36', '85', '', '020000000', '', '', ''),
(10, 'LD-1834234', 'Local Government Engineering Division,Rangpur', '', '1', 'Others', 10, '2018-01-01', '7', '49', '86', '', '', '', '', ''),
(11, 'LB-1835143', 'Local Government Engineering Department, Bandarban', '', '1', 'Others', 11, '2018-01-01', '2', '31', '87', '', '9800000', '', '', ''),
(12, 'PD-18309', 'Publics Works Division,', '', '1', 'Others', 12, '2018-01-01', '1', '1', '52', '', '', '', '', ''),
(13, 'DM-1832126', 'Department of Public Health Engineering, Munshigonj', 'Monshigonj', '1', 'Others', 13, '2018-01-01', '1', '10', '88', '', '9800000', 'alamin', '', ''),
(14, 'D(-1832724', 'Department of Livestock Services (DLS)', '', '1', 'Others', 14, '2018-01-01', '1', '1', '58', '', '', '', '', ''),
(15, 'CB-1833140', 'Cute Bangladesh', '', '2', 'Others', 2, '2018-01-01', '1', '1', '47', '', '', '', '', ''),
(16, 'AL-1833528', 'Annex Communication Ltd', '', '2', 'Others', 2, '2018-01-01', '1', '1', '17', '', '', '', '', ''),
(17, 'RL-18346', 'Rupali Bank Limited', '', '1', '2', 3, '2018-01-02', '1', '1', '47', '', '', '', '', ''),
(18, 'LL-1833729', 'LGED,Akkelpur,Joypurhat', '', '1', 'Others', 17, '2018-04-22', '3', '45', 'Akkelpur', '', '', '', '', ''),
(19, 'ZN-183046', 'Zila Porishod, Nilphamari', '', '1', 'Others', 6, '2018-01-02', '7', '54', '84', '', '', '', '', ''),
(20, 'PD-1831353', 'PWD, Kishoreganj Division', '', '1', 'Others', 18, '2018-01-02', '1', '64', 'Kishoreganj Sadar', '', '', '', '', ''),
(21, 'BC-1831647', 'Bangladesh Forest Industry Development Corporation', '', '1', 'Others', 12, '2018-01-02', '1', '1', '47', '', '', '', '', ''),
(22, 'NC-1832053', 'Narayanganj City Corporation', '', '1', 'Others', 20, '2018-01-02', '1', '65', 'Select Upazila', '', '', '', '', ''),
(23, 'BB-1833719', 'Bangladesh Power Development Board', 'Wapda Bhaban,Motijheel,Dhaka', '1', '15', 21, '2018-05-10', '1', '1', '1', 'Public Relation Officer', '', '', '', ''),
(24, 'LL-1834328', 'LGED,Hakimpur,Dinajpur', '', '2', 'Others', 22, '2018-01-03', '7', '50', 'Hakimpur', '', '', '', '', ''),
(25, 'LL-1834853', 'LGED,Noakhali', '', '2', '', 23, '2018-01-03', '2', '12', '95', '', '', '', '', ''),
(26, 'RD-18325', 'RHD, Jessore Division', 'Jessore', '1', '4', 24, '2018-05-14', '4', '36', '85', 'Executive Engineer', '8879299', 'ce@rhd.gov.bd', '', ''),
(27, 'WW-183945', 'WASA,Dhaka', '', '1', '2', 14, '2018-01-03', '1', '1', '61', '', '', '', '', ''),
(28, 'DD-183146', 'DPHE,Gopalgonj', 'Gopalgonj', '1', '0', 25, '2018-05-08', '1', '5', 'Gopalganj Sadar', '', '', '', '', ''),
(29, 'PH-1831753', 'Police Headquarter', '', '1', 'Others', 14, '2018-01-03', '1', '1', '47', '', '', '', '', ''),
(30, 'WR-1832421', 'WASA, Rajshahi', '', '1', '2', 26, '2018-01-04', '3', '17', 'Rajshahi', '', '', '', '', ''),
(31, 'PC-1833021', 'PWD,Jessore Circle', '', '1', 'Others', 24, '2018-01-04', '4', '36', '85', '', '', '', '', ''),
(32, 'LL-1833312', 'LGED,Gopalganj', '', '1', 'Others', 25, '2018-04-04', '1', '5', 'Gopalganj Sadar', '', '', '', '', ''),
(33, '3B-1834255', '3rd Armed Force Battalion,Khulna', '', '1', 'Others', 5, '2018-01-04', '4', '38', '83', '', '', '', '', ''),
(34, 'RD-1834545', 'RHD, Mirpur Division', '', '1', 'Others', 27, '2018-01-04', '1', '1', 'Mirpur', '', '', '', '', ''),
(35, 'BB-1834954', 'Bangladesh Water Development Board', '', '1', 'Others', 28, '2018-01-04', '1', '1', '47', '', '', '', '', ''),
(36, 'RB-1835422', 'RHD, Cox\'s Bazar', '', '1', 'Others', 29, '2018-01-04', '2', '33', 'Cox\'s Bazar', '', '', '', '', ''),
(37, 'HD-183231', 'Health Engineering Department,Sylhet', '', '1', 'Others', 16, '2018-01-04', '6', '59', 'Sylhet Sadar', '', '', '', '', ''),
(38, 'DF-183437', 'Directorate of General Food', '', '1', 'Others', 28, '2018-01-04', '1', '1', '47', '', '', '', '', ''),
(39, 'BB-183825', 'Bangladesh Bank', '', '2', '2', 3, '2018-01-04', '1', '1', '47', '', '', '', '', ''),
(40, 'NP-1834424', 'National Agriculture Technology Programme Phas-II', '', '1', 'Others', 14, '2018-01-05', '1', '1', '58', '', '', '', '', ''),
(41, 'ST-1835119', 'Shahjalal University of Science &amp; Technology', '', '1', 'E_Institute', 16, '2018-01-05', '6', '59', 'Sylhet Sadar', '', '', '', '', ''),
(42, 'PD-1835410', 'PWD,Rangpur ', 'R Division', '1', '3', 10, '2018-05-28', '7', '49', '86', 'Executive Engineer', '', '', '', ''),
(43, 'PM-1835819', 'Police Super, Moulvibazar', '', '1', 'Others', 30, '2018-01-05', '6', '11', 'Moulvibazar', '', '', '', '', ''),
(44, 'PD-183957', 'PWD,Comilla Division', '', '1', '2', 31, '2018-01-05', '2', '19', 'Comilla', '', '', '', '', ''),
(45, 'BA-1831159', 'Bangladesh Inland Water Transport Authority', '', '1', 'Others', 28, '2018-01-05', '1', '1', '47', '', '', '', '', ''),
(46, 'LB-1831915', 'LGED, Brahmanpara,Comilla', '', '1', 'Others', 32, '2018-01-06', '2', '19', 'Comilla', '', '', '', '', ''),
(47, 'ST-1835119', 'Shahjalal University of Science &amp;amp; Technology', '', '1', 'E_Institute', 16, '2018-01-06', '6', '59', 'Sylhet Sadar', '', '', '', '', ''),
(48, 'GL-1832811', 'Gas Transmission Company Limited-GTCL', '', '1', 'Others', 8, '2018-01-06', '1', '1', '58', '', '', '', '', ''),
(49, 'LS-1833139', 'LGED,Dinajpur Sadar', '', '1', 'Others', 22, '2018-01-06', '7', '50', 'Dinajpur sadar', '', '', '', '', ''),
(50, 'LA-1833738', 'LGED, Ashugonj,Brahmanbaria', '', '1', 'Others', 33, '2018-01-06', '2', '25', 'Ashugonj', '', '', '', '', ''),
(51, 'DS-1834734', 'Directorate General Health Services-DGHS', '', '1', 'Others', 7, '2018-01-07', '1', '1', '17', '', '', '', '', ''),
(52, 'BB-1831734', 'Bangladesh Rural Electrification Board-BREB', '', '1', 'Others', 7, '2018-01-07', '1', '1', 'Khilkhet', '', '', '', '', ''),
(53, 'RD-1832616', 'RHD,Feni Division', '', '1', 'Others', 24, '2018-01-08', '2', '28', 'Feni Sadar', '', '8879299', 'ce@rhd.gov.bd', '', ''),
(54, 'BG-183524', 'Bangladesh Coast Guard', '', '1', 'Others', 8, '2018-01-08', '1', '1', '58', '', '', '', '', ''),
(55, 'EM-183317', 'Exclusive Multimedia', '', '2', 'Others', 34, '2018-01-08', '1', '1', '52', '', '', '', '', ''),
(56, 'LL-183103', 'LGED,Pirgonj,Thakurgoan', '', '1', 'Others', 35, '2018-01-08', '7', '56', 'Select Upazila', '', '', '', '', ''),
(57, 'LL-183190', 'LGED,Feni', '', '1', 'Others', 36, '2018-01-09', '2', '28', 'Feni Sadar', '', '', '', '', ''),
(58, 'EZ-1834034', 'EED,Bagerhat Zone', '', '1', 'Others', 37, '2018-01-09', '4', '34', 'Bagerhat ', '', '', 'Executive Engineer,EED,Bagerhat', '', ''),
(59, 'PD-1834656', 'PWD,Division-8', 'Mirpur', '1', '3', 27, '2018-05-27', '1', '1', '45', 'Executive Engineer, PWD', '', '', '', ''),
(60, 'BA-183496', 'Bangladesh Hi Tech Park Authority', '', '1', 'Technology', 8, '2018-01-09', '1', '1', '58', 'Assistant Project Director,ICT Division', '', '', '', ''),
(61, 'DE-1835240', 'Directorate of Secondary &amp; Higher Education-DHSE', '', '1', 'E_Institute', 12, '2018-01-09', '1', '1', '47', 'Assistant Director-1,DSHE', '', '', '', ''),
(62, 'EE-183218', 'EEB,Moulovibazar', '', '1', 'E_Institute', 30, '2018-01-10', '6', '11', 'Moulvibazar', '', '', '', '', ''),
(63, 'LB-18347', 'LGED,Bandarban', 'Bandaban', '', '', 11, '2018-05-07', '2', '31', '31', 'Executive Engineer', '1879752438', 'Bandarban', '', ''),
(64, 'DM-18387', 'Directorate of Meteorological', '', '1', 'Others', 8, '2018-01-10', '1', '1', '58', '', '', '', '', ''),
(65, 'DP-1831752', 'Department of Film &amp; Publication', '', '1', 'Others', 38, '2018-01-10', '1', '1', '52', 'Deputy Director-Ad &amp; Audit', '', '', '', ''),
(66, 'PP-1832514', 'PWD,Barisal', '', '1', 'Others', 39, '2018-01-10', '5', '13', 'Select Upazila', 'Executive Engineer', '', '', '', ''),
(67, 'NP-1832937', 'Natore Pourashava', '', '1', 'Others', 40, '2018-01-10', '3', '47', 'Natore Sadar', 'Mayor,Natore ', '', '', '', ''),
(68, 'HD-1833355', 'Health Engineering Department', '', '1', 'Others', 14, '2018-01-10', '1', '1', 'Shahbag', 'Executive Engineer,HED,Karwanbazar', '', '', '', ''),
(69, 'PA-1833742', 'Popular Advertising', '', '2', 'Others', 2, '2018-01-10', '1', '1', '47', 'Managing Director', '', '', '', ''),
(70, 'IF-1834321', 'Islami Foundation', '', '1', 'Others', 8, '2018-01-11', '1', '1', '58', 'Director (Coordination Department)', '', '', '', ''),
(71, 'BA-1834634', 'Bangladesh Economic Zones Authority', '', '1', 'Others', 14, '2018-01-11', '1', '1', 'Shahbag', 'Dpty Chief Manager,BEZA, Karwanbazar', '', '', '', ''),
(72, 'LL-1835114', 'LGED,Sorail,Brahmanbaria', '', '1', 'Others', 41, '2018-01-11', '2', '25', 'Sarail', '', '', '', '', ''),
(73, 'DP-1835452', 'Director General Defence Purchase', 'Dhaka Cantonment', '1', '11', 8, '2018-05-13', '1', '1', '1', 'Director General, DGDP, Mokhali', '', '', '', ''),
(74, 'LK-183243', 'LGED,Kotiadi, Kishoregonj', '', '1', 'Others', 42, '2018-01-11', '1', '64', 'Select Upazila', 'Upzila Engineer, Katiadi', '', '', '', ''),
(75, 'LH-1831333', 'Life Style &amp; Health Education &amp; Promotion Directorate of Health', '', '1', 'Others', 7, '2018-01-11', '1', '1', '17', 'Chief, HEB &amp; Line Director', '', '', '', ''),
(76, 'UP-1833244', 'University of Asia Pacific-UAP', '', '2', 'E_Institute', 43, '2018-01-12', '1', '1', '61', '', '', '', '', ''),
(77, 'TA-1831858', 'Tania Advertisement', '', '2', 'Others', 4, '2018-01-12', '1', '1', '47', '', '', '', '', ''),
(78, 'PD-183363', 'PWD,Bogra Division', '', '1', 'Others', 44, '2018-01-13', '3', '14', 'Select Upazila', 'Executive Engineer', '', '', '', ''),
(79, 'DD-1834831', 'DPHE,Munshigonj Division', '', '1', 'Others', 13, '2018-01-13', '1', '10', '88', '', '', 'Executive Engineer', '', ''),
(80, 'RZ-183023', 'RHD,Rangpur Zone', 'Rangpur Sadar', '1', '4', 10, '2018-05-23', '7', '49', '86', 'Additional Chief Engineer', '', '', '', ''),
(81, 'RZ-1832250', 'RHD,Sylhet Zone', '', '1', 'Others', 16, '2018-01-14', '6', '59', 'Sylhet Sadar', 'Additional Chief Engineer', '', '', '', ''),
(82, 'SM-1832559', 'Shibchar Pourashava, Madaripur', '', '1', 'Others', 14, '2018-01-14', '1', '1', '61', 'Mayor, Shibchar Pourashava', '', 'Madaripur', '', ''),
(83, '1B-1834017', '1st Armed Police Battalion', '', '1', 'Others', 7, '2018-01-14', '1', '1', 'Uttara', 'Commandant-SP', '', '', '', ''),
(84, 'RD-1834551', 'RHD,Naogoan Division', '', '1', 'Others', 45, '2018-01-14', '3', '46', 'Select Upazila', 'Executive Engineer', '', '', '', ''),
(85, 'PM-1835031', 'Police Super, Munshigonj', '', '1', 'Others', 13, '2018-01-14', '1', '8', 'Select Upazila', 'Police Super', '', '', '', ''),
(86, 'JL-183587', 'JM Classic Fashion Limited', '', '1', 'Others', 45, '2018-01-14', '1', '1', '47', 'Managing Director', '', '', '', ''),
(87, 'EA-1831023', 'Emtiaz Azad', '', '2', 'Others', 45, '2018-01-14', '1', '6', 'Select Upazila', 'Emtiaz', '', '', '', ''),
(88, 'LL-1832922', 'LGED,Nilphamari', '', '1', 'Others', 6, '2018-01-15', '7', '54', '84', '', '', '', '', ''),
(89, 'RD-1834511', 'RHD,Khulna Division', '', '1', 'Others', 5, '2018-01-15', '4', '38', '83', 'Executive Engineer', '', '', '', ''),
(90, 'GP-183485', 'District Prison,Gopalganj ', 'Jail', '1', '', 25, '2018-05-27', '1', '5', '77', 'Jail Super', '', '', '', ''),
(91, 'GC-183507', 'Gazipur Cantonment', '', '1', 'Others', 46, '2018-01-15', '1', '4', 'Gazipur Sadar', 'Commandant Executive Officer', '', '', '', ''),
(92, 'CA-1835619', 'Chittagong Port Authority', '', '1', 'Others', 47, '2018-01-15', '2', '32', 'Chittagong', 'PRO', '', '', '', ''),
(93, 'PP-18330', 'PWD,Mymensingh', '', '1', '', 48, '2018-01-16', '8', '60', '82', '', '', '', '', ''),
(94, 'DD-1831253', 'DPHE,Sirajganj Division', '', '1', 'E_Institute', 49, '2018-01-16', '1', '67', 'Select Upazila', 'Executive Engineer', '', '', '', ''),
(95, 'L-1831847', 'Local Government Engineering Department ', 'Agargaon, Dhaka', '1', 'Others', 8, '2018-01-01', '1', '1', '58', 'Executive Engineer', '', '', '', ''),
(96, 'ME-1832136', 'Ministry of Labor and Employment', 'BFDC Bhaban', '1', 'Others', 45, '2018-01-01', '1', '1', '47', 'Inspector General', '', '', '', ''),
(97, 'DP-1833016', 'Directorate General &amp; Family Planning', 'Karwanbazar', '1', 'Others', 14, '2018-04-24', '1', '1', 'Shahbag', 'Director - logistics &amp; Supply', '', '', '', ''),
(98, 'DP-1831752', 'Department of Film &amp;amp; Publication', '', '1', 'Others', 38, '2018-01-17', '1', '1', '52', 'Deputy Director-Ad &amp;amp; Audit', '', '', '', ''),
(99, 'DD-1833939', 'DPHE,Chittagong', '', '1', 'Others', 47, '2018-01-17', '2', '32', 'Chittagong', 'Executive Engineer', '', '', '', ''),
(100, 'LL-1834157', 'LGED,Khulna', '', '1', '', 5, '2018-01-17', '4', '38', '83', 'Executive Engineer', '', '', '', ''),
(101, 'T-1834443', 'Thakurgaon Polytechnic Institute ', '', '1', 'E_Institute', 5, '2018-01-17', '7', '56', 'Rangpur Sadar', 'Principal', '', '', '', ''),
(102, 'RD-183037', 'RHD,Moulvibazar Division', '', '1', 'Others', 30, '2018-01-17', '6', '11', 'Moulvibazar', 'Executive Engineer', '', '', '', ''),
(103, 'RD-183440', 'RHD,Brahmanbaria Division', 'Brahmanbaria', '1', '4', 41, '2018-05-14', '2', '25', '140', 'Executive Engineer', '', '', '', ''),
(104, 'SP-1834511', 'Singra Pourashava,', '', '1', 'Others', 40, '2018-01-17', '3', '47', 'Natore Sadar', 'Mayor', '', '', '', ''),
(105, 'PS-1834952', 'Police Super,Feni', '', '1', 'Others', 36, '2018-01-17', '2', '28', 'Feni Sadar', '', '', '', '', ''),
(106, 'DP-1835241', 'Zila Porishod,Dhaka ', 'Uttara', '1', '20', 7, '2018-05-16', '1', '1', '64', '', '', '', '', ''),
(107, 'PP-1835456', 'PWD,Chuadanga', '', '1', 'Others', 50, '2018-01-17', '4', '35', 'Chuadanga', '', '', '', '', ''),
(108, 'LF-183038', 'LGED,Faridpur', 'Faridpur', '1', '1', 51, '2018-05-26', '1', '3', '135', 'Executive Engineer', '', '', '', ''),
(109, 'LL-1832441', 'LGED,Rangamati', '', '1', 'Others', 52, '2018-01-18', '2', '12', 'Rangamati sadar', '', '', '', '', ''),
(110, 'LL-1835357', 'LGED,Ishwarganj,Mymensinsh', '', '1', 'Others', 48, '2018-01-18', '8', '60', '82', 'Upzilla Engineer', '', '', '', ''),
(111, 'TL-1835924', 'Titas Gas Transmission &amp; Distribution Co Ltd', '', '1', '', 14, '2018-01-18', '1', '1', 'Sabujbagh', 'PRO', '', '', '', ''),
(112, 'LL-183327', 'LGED,Jhenaidah', '', '1', 'Others', 53, '2018-01-18', '4', '37', 'Select Upazila', 'Executive Engineer', '', '', '', ''),
(113, 'RR-1835441', 'RHD,Faridpur', '', '1', 'Others', 51, '2018-01-18', '1', '3', 'Faridpur', '', '', '', '', ''),
(114, 'UP-183587', 'Upzilla Porishod,Nababgonj', '', '1', 'Others', 54, '2018-01-18', '3', '44', 'Nababgonj', '', '', '', '', ''),
(115, 'RR-183439', 'RHD,Pabna', '', '1', 'Others', 45, '2018-01-18', '1', '67', 'Pabna', '', '', '', '', ''),
(116, 'NU-18397', 'National University', '', '1', 'E_Institute', 46, '2018-01-18', '1', '4', 'Gazipur Sadar', '', '', '', '', ''),
(117, 'RR-183134', 'RHD,Barisal', '', '1', 'Others', 39, '2018-01-19', '5', '13', 'Barisal', 'Executive Engineer', '', '', '', ''),
(118, 'CR-183159', 'Chittagong Railway', '', '1', 'Others', 47, '2018-01-19', '2', '32', 'Chittagong', '', '', '', '', ''),
(119, 'PC-1831733', 'Police Training Centre,Rangpur', '', '1', 'Others', 10, '2018-01-19', '7', '49', '86', 'Commandant-DIG', '', '', '', ''),
(120, 'PP-1831917', 'PWD,Khulna', '', '1', 'Others', 5, '2018-01-19', '4', '38', '83', 'Executive Engineer', '', '', '', ''),
(121, 'LS-1833730', 'LGED,Moulvibazar Sadar', '', '1', 'Others', 30, '2018-01-19', '6', '11', 'Moulvibazar', 'Upzilla Engineer', '', '', '', ''),
(122, 'RR-1834714', 'Rajshahi Railway', '', '1', 'Others', 26, '2018-01-19', '3', '17', 'Rajshahi', 'PRO-Rajshahi', '', '', '', ''),
(123, 'LL-183560', 'LGED,Brahmanbaria', '', '1', 'Others', 41, '2018-01-21', '2', '25', 'Brahmanbaria', 'Executive Engineer', '', '', '', ''),
(124, 'C-18336', 'Chittagong Hill Tracts Development Board, ', '', '1', 'Others', 45, '2018-01-21', '1', '1', '47', 'Secretary, Hill Tracts Ministry', '', '', '', ''),
(125, 'GP-183431', 'Golachipa Pourashava, Patuakhali', '', '1', 'Others', 55, '2018-01-21', '5', '23', 'Patuakhali', '', '', '', '', ''),
(126, 'LL-183946', 'LGED,Madaripur', '', '1', 'Others', 56, '2018-01-22', '1', '6', 'Madaripur Sadar', 'Upzilla Engineer', '', '', '', ''),
(127, 'LL-1831327', 'LGED,Siraganj', '', '1', 'Others', 49, '2018-01-22', '1', '67', 'Siragonj', '', '', '', '', ''),
(128, 'MW-1832054', 'Ministry of Housing &amp; Public Works', '', '1', 'Others', 12, '2018-01-22', '1', '1', '47', '', '', '', '', ''),
(129, 'PD-1832816', 'PWD,Azimpur Division', '', '1', 'Others', 14, '2018-01-22', '1', '1', 'Newmarket', 'Executive Engineer', '', '', '', ''),
(130, 'BA-1833155', 'Bangladesh Export Processing Zone Authority', 'BEZA Complex, H-19/D,Road-6,', '1', 'Industry', 14, '2018-01-01', '1', '1', 'Dhanmondi', 'GM-PR', '', '', '', ''),
(131, 'ME-183354', 'Madina Fish Enterprise', '', '1', 'Others', 47, '2018-01-23', '2', '32', 'Chittagong', '', '', '', '', ''),
(132, 'NC-1833647', 'National Sports Council', '', '1', 'Others', 12, '2018-01-23', '1', '1', '47', 'Director-PD', '', '', '', ''),
(133, 'LL-1833918', 'LGED,Rangpur', '', '1', 'Others', 10, '2018-01-23', '7', '49', '86', 'Executive Engineer', '', '', '', ''),
(134, 'DE-1834128', 'Directorate of Primary Education', '', '1', 'Others', 27, '2018-01-23', '1', '1', 'Mirpur', 'Director-Finance', '', '', '', ''),
(135, 'LP-1834451', 'LGED, Polash,Narsingdi', '', '1', 'Others', 57, '2018-01-23', '1', '66', 'Narsingdi', '', '', '', '', ''),
(136, 'LL-1834727', 'LGED,Shariatpur', '', '1', 'Others', 58, '2018-01-23', '1', '63', 'Shariatpur', 'Upzilla Engineer', '', '', '', ''),
(137, 'PP-1835327', 'PWD,Chittagong', '', '1', 'Others', 47, '2018-01-23', '2', '32', 'Chittagong', 'Executive Engineer', '', '', '', ''),
(138, 'BB-1835519', 'Bangladesh Betar', '', '1', 'Others', 27, '2018-01-23', '1', '1', '58', '', '', '', '', ''),
(139, 'BS-1835721', 'Bangladesh Bureau of Statistics', '', '1', 'Others', 8, '2018-01-23', '1', '1', '58', 'PD-BBS', '', '', '', ''),
(140, 'DP-183145', 'Department of DIG Tourist Police', '', '1', 'Others', 12, '2018-01-23', '1', '1', 'Rampura', 'SP-Admin &amp; Finance', '', '', '', ''),
(141, '1B-183447', '11 Armed Police Battalion-APBN', '', '1', 'Others', 7, '2018-01-23', '1', '1', 'Uttara', 'Commandant(SP)', '', '', '', ''),
(142, 'PD-183854', 'PWD,Division-4', 'Segunbagicha', '1', '3', 12, '2018-05-27', '1', '1', '52', '', '', '', '', ''),
(143, 'DF-1831236', 'Directorate of Food', '', '1', 'Others', 14, '2018-01-23', '1', '1', '47', '', '', '', '', ''),
(144, 'LL-1831656', 'LGED,Comilla', '', '1', 'Others', 59, '2018-01-24', '2', '19', 'Comilla', '', '', '', '', ''),
(145, 'LL-1832028', 'LGED,Akhaura,Brahmanbaria', '', '1', 'Others', 41, '2018-01-24', '2', '25', 'Akhaura', 'Upzilla', '', '', '', ''),
(146, 'RR-1832233', 'RHD,Rajbari', '', '1', 'Others', 60, '2018-01-24', '1', '9', 'Rajbari', '', '', '', '', ''),
(147, 'DC-1833012', 'Dhaka North City Corporation', '', '1', 'Others', 7, '2018-01-24', '1', '1', '17', 'PRO', '', '', '', ''),
(148, 'LL-1835532', 'LGED,Nakla,Sherpur', '', '1', 'Others', 61, '2018-01-24', '8', '62', 'Nakla', 'Upzilla Engineer', '', '', '', ''),
(149, 'LL-183217', 'LGED,Muradnagar,Comilla', '', '1', 'Others', 59, '2018-01-24', '2', '19', 'Muradnagar', '', '', '', '', ''),
(150, 'PD-183544', 'PWD,Chittagong Division-2', '', '1', 'Others', 47, '2018-01-24', '2', '32', 'Chittagong', '', '', '', '', ''),
(151, 'LL-183946', 'LGED,Sherpur', '', '1', 'Others', 61, '2018-01-24', '8', '62', 'Sherpur', 'Executive Engineer', '', '', '', ''),
(152, 'EE-183128', 'EED,Naogaon', '', '1', 'Others', 62, '2018-01-24', '3', '46', 'Naogaon', 'Executive Engineer', '', '', '', ''),
(153, 'LS-1831745', 'LGED,Sylhet Sadar', '', '1', 'Others', 16, '2018-01-24', '6', '59', 'Sylhet Sadar', 'Upzilla Engineer', '', '', '', ''),
(154, 'LL-1831956', 'LGED,Bagerhat-380', '', '1', 'Others', 37, '2018-01-24', '4', '34', 'Bagerhat ', '', '', '', '', ''),
(155, 'EZ-1832332', 'EED,Comilla Zone', '', '1', 'Others', 59, '2018-01-25', '2', '19', 'Comilla', 'Executive Engineer', '', '', '', ''),
(156, 'PP-1833241', 'PWD,Division-2', '', '1', 'Others', 12, '2018-01-25', '1', '1', '52', 'Executive Engineer', '', '', '', ''),
(157, 'LL-1833757', 'LGED,Rajnagar,Moulvibazar', '', '1', 'Others', 30, '2018-01-25', '6', '11', 'Rajnagar', 'Upzilla Engineer', '', '', '', ''),
(158, 'MB-1835030', 'Ministry of Road Transport &amp; Bridge', '', '1', 'Others', 12, '2018-01-25', '1', '1', '47', 'Add. Executive Director', '', '', '', ''),
(159, 'RD-1835450', 'RHD,Narsingdi Division', '', '1', 'Others', 57, '2018-01-25', '1', '66', 'Narsingdi', '', '', '', '', ''),
(160, 'PD-183167', 'PWD,Jamalpur Division', '', '1', 'Others', 63, '2018-01-26', '8', '15', 'Select Upazila', 'Executive Engineer', '', '', '', ''),
(161, 'PS-183200', 'Police Super,Chittagong', '', '1', 'Others', 47, '2018-01-26', '2', '32', 'Chittagong', '', '', '', '', ''),
(162, 'LL-1832151', 'LGED,Narayanganj', '', '1', 'Others', 19, '2018-01-26', '2', '32', 'Chittagong', 'Executive Engineer', '', '', '', ''),
(163, 'SP-183445', 'District Prison,Sherpur ', 'Jail', '1', '', 61, '2018-05-27', '8', '62', '152', 'Jail Super', '', '', '', ''),
(164, 'MA-18382', 'Mongla Port Authority', '', '1', 'Others', 33, '2018-01-26', '4', '34', 'Mongla', '', '', '', '', ''),
(165, 'SI-1831430', 'State Bank of India', '', '2', '2', 45, '2018-01-26', '1', '1', '17', 'Asst. Manager(HR &amp; Admin)', '', '', '', ''),
(166, 'ZP-1831513', 'Zila Porishod,Narsingdi', '', '1', 'Others', 57, '2018-01-27', '1', '66', 'Narsingdi', '', '', '', '', ''),
(167, 'RR-1832339', 'RHD,Rajshahi', '', '1', 'Others', 26, '2018-01-27', '3', '17', 'Rajshahi', '', '', '', '', ''),
(168, 'LL-1835314', 'LGED,Baufol,Patuakhali', '', '1', '13', 55, '2018-01-27', '5', '23', 'Baufol', '', '', '', '', ''),
(169, 'LL-1835612', 'LGED,Singra', '', '1', '13', 40, '2018-01-27', '3', '47', 'Singra', '', '', '', '', ''),
(170, 'LL-1835944', 'LGED,Kotchandpur', '', '1', '13', 53, '2018-01-28', '4', '37', 'Kotchandpur', '', '', '', '', ''),
(171, 'LL-183954', 'LGED,Nazipur,Pirojpur', '', '1', '13', 45, '2018-01-28', '5', '24', 'Nazipur', '', '', '', '', ''),
(172, 'LL-183153', 'LGED,Ranisankail,Thakurgaon', '', '1', '13', 64, '2018-01-28', '7', '56', 'Ranisankail', '', '', '', '', ''),
(173, 'PD-1832638', 'PWD,Workshop Division,EM', '', '1', '13', 8, '2018-01-28', '1', '1', '58', 'Executive Engineer', '', '', '', ''),
(174, 'DD-1832858', 'Directorate of BNCC, Ministry of Defence', '', '1', '13', 7, '2018-01-28', '1', '1', 'Uttara', 'DG-BNCC,Uttara, Sector,', '', '', '', ''),
(175, 'CP-183339', 'Coastal Forest Department, Patuakhali', '', '1', '13', 55, '2018-01-28', '5', '23', 'Patuakhali', 'Divisional Forest Officer', '', '', '', ''),
(176, 'BU-1833950', 'Bangabandhu Sheikh Mujib Medical University-BSMMU', '', '1', '13', 14, '2018-01-29', '1', '1', 'Sabujbagh', '', '', '', '', ''),
(177, 'SH-1834729', 'Sylhet MAG Osmani Medical College Hospital', '', '1', '12', 16, '2018-01-29', '6', '59', 'Sylhet Sadar', 'Director-MAG', '', '', '', ''),
(178, 'LL-1835049', 'LGED,Burichong,Comilla', '', '1', '13', 65, '2018-01-29', '2', '19', 'Burichong', '', '', '', '', ''),
(179, 'LL-1835641', 'LGED,Moheshpur,Jhenaidah', '', '1', '13', 55, '2018-01-29', '4', '37', 'Moheshpur', '', '', '', '', ''),
(180, 'LL-183147', 'LGED,Gazipur', '', '1', '13', 46, '2018-01-29', '1', '4', 'Gazipur Sadar', '', '', '', '', ''),
(181, 'S,-183940', 'Second Rural Transport Improvement Project ,LGED', '', '1', 'Others', 26, '2018-01-29', '1', '1', '58', '', '', '', '', ''),
(182, 'LL-1833530', 'LGED,Thakurgaon', '', '1', '13', 64, '2018-01-29', '7', '56', 'Thakurgaon', '', '', '', '', ''),
(183, 'LL-1834724', 'LGED,Belkuchi,Sirajganj', '', '1', '13', 49, '2018-01-29', '1', '67', 'Siragonj', '', '', '', '', ''),
(184, 'LL-1835240', 'LGED,Santhia,Pabna', '', '1', '13', 66, '2018-01-29', '3', '48', 'Santhia', '', '', '', '', ''),
(185, 'RR-1833430', 'RHD,Chittagong', '', '1', '13', 47, '2018-01-30', '2', '32', 'Chittagong', '', '', '', '', ''),
(186, 'ZP-183377', 'Zila Porishod,Kushtia', '', '1', '13', 16, '2018-01-30', '4', '39', 'Kushtia', '', '', '', '', ''),
(187, 'LL-183447', 'LGED,Damurhuda,Chuadanga', '', '1', 'Others', 50, '2018-01-30', '4', '35', 'Damurhuda', '', '', '', '', ''),
(188, 'BP-1834638', 'Bera Pourashava,Pabna', '', '1', '', 66, '2018-01-30', '3', '14', 'Bogra', '', '', '', '', ''),
(189, 'LL-1831120', 'LGED,Sarishabari,Jamalpur', '', '1', '13', 63, '2018-01-30', '8', '15', 'Sarishabar', '', '', '', '', ''),
(190, 'LL-1831324', 'LGED,Barisal', '', '1', 'Others', 39, '2018-01-30', '5', '13', 'Barisal', '', '', '', '', ''),
(191, 'EZ-1831859', 'EED,Madaripur Zune', '', '1', '12', 56, '2018-01-30', '1', '6', 'Madaripur Sadar', '', '', '', '', ''),
(192, 'NL-1832937', 'Nahee Aluminum Composite Panel Ltd', '', '1', 'Others', 4, '2018-01-30', '1', '1', 'Banani', 'Managing Director', '', '', '', ''),
(193, 'NP-1833343', 'National Household Database (NHD) Project-BSB', '', '1', '13', 8, '2018-01-30', '1', '1', '58', '', '', '', '', ''),
(194, 'EE-1835945', 'EED,Narayanganj', '', '1', 'Others', 19, '2018-01-31', '1', '65', 'Narayanganj', '', '', '', '', ''),
(195, 'C-18359', 'Chittagong City Corporation ', '', '1', '13', 47, '2018-01-31', '2', '32', 'Chittagong', '', '', '', '', ''),
(196, 'CB-1831839', 'Chakaria Pourashava,Cox\'s Bazar', '', '1', '13', 29, '2018-01-31', '2', '33', 'Chakaria', '', '', '', '', ''),
(197, 'RR-1832231', 'RHD,Lakshmipur', '', '1', '13', 67, '2018-01-31', '2', '27', 'Lakshmipur', '', '', '', '', ''),
(198, 'LL-1833632', 'LGED,Chirirbandar,Dinajpur', '', '1', '13', 22, '2018-01-31', '7', '50', 'Chirirbandar', '', '', '', '', ''),
(199, 'PD-1833937', 'PWD,Moulvibazar Division', '', '1', '13', 30, '2018-01-31', '6', '11', 'Moulvibazar', '', '', 'Executive Engineer', '', ''),
(200, 'PS-1834129', 'Police Super,Bandarban', '', '1', '13', 11, '2018-01-31', '2', '31', '87', 'SP-Bandarban Hill Tracts District', '', '', '', ''),
(201, 'LL-1834846', 'LGED,Sarankhola,Bagerhat', '', '1', '13', 37, '2018-01-31', '4', '34', 'Sarankhola', '', '', '', '', ''),
(202, 'FD-183560', 'Forest Division,Barisal', '', '1', '13', 39, '2018-01-31', '5', '13', 'Barisal', '', '', '', '', ''),
(203, 'DL-1835921', 'Dulamia Cotton Spinning Mills Ltd', 'Bir Uttam CR Dutta Road', '2', 'Apparel_Garment', 45, '2018-01-31', '1', '1', 'Shahbag', 'Managing Director', '', '', '', ''),
(204, 'PP-1831418', 'PWD,Joypurhat', '', '1', '13', 15, '2018-01-31', '3', '45', 'Joypurhat Sadar', '', '', '', '', ''),
(205, 'RR-1832443', 'RHD,Mirpur', '', '1', '13', 27, '2018-02-01', '1', '1', 'Mirpur', '', '', '', '', ''),
(206, 'PD-1833351', 'PWD,Savar Division', 'Agargaon', '1', '3', 8, '2018-05-23', '1', '1', '58', 'Executive Engineer', '', '', '', ''),
(207, 'PL-1833651', 'Pragoti Industries Limited', '', '1', '5', 45, '2018-02-01', '2', '32', 'Agrabad', '', '', '', '', ''),
(208, 'LL-18473', 'LGED,Amtali,Barguna', '', '1', '13', 68, '2018-02-01', '5', '20', 'Select Upazila', '', '', '', '', ''),
(209, 'DD-1841130', 'DPHE,Chandpur', '', '1', '13', 69, '2018-02-02', '2', '26', 'Select Upazila', '', '', '', '', ''),
(210, 'RR-184214', 'RHD,Jhalokathi', '', '1', '13', 70, '2018-02-01', '5', '22', 'Jhalokati Sadar', 'Executive Engineer', '', '', '', ''),
(211, 'DC-1845436', 'LGED,Brahmanbari Sadar ', 'Brahmanabaira', '2', '13', 41, '2018-05-05', '2', '25', 'Bancharampur (B)', 'Kamruzzaman', '01719845856', 'demo@gmail.com', '12365', 'demo.com'),
(212, 'EZ-1845741', 'EED,Mymensingh Zone', '', '1', '13', 48, '2018-02-01', '8', '60', '82', '', '', '', '', ''),
(213, 'PP-1841358', 'PWD,Madaripur', '', '1', '13', 56, '2018-02-02', '1', '6', 'Madaripur Sadar', '', '', '', '', ''),
(214, 'PD-1842159', 'PWD,Maintenace Division', '', '1', '13', 45, '2018-02-01', '1', '1', '47', '', '', '', '', ''),
(215, 'JL-184352', 'Janata Bank Limited', 'Motijhel', '1', '0', 3, '2018-05-08', '1', '1', '47', '', '', '', '', ''),
(216, 'LS-1845835', 'LGED,Netrokona Sadar', '', '1', '13', 71, '2018-02-01', '8', '61', 'Netrokona Sadar', '', '', '', '', ''),
(217, 'PP-184220', 'PWD,Faridpur', '', '1', '13', 51, '2018-02-01', '1', '3', 'Faridpur', '', '', '', '', ''),
(218, 'LL-184910', 'LGED,Shibchar,Madaripur', '', '1', '13', 56, '2018-02-02', '1', '6', 'Madaripur Sadar', '', '', '', '', ''),
(219, 'NN-1841127', 'NITOR', '', '3', '13', 8, '2018-02-02', '1', '1', '58', 'Project Director', '', '', '', ''),
(220, 'BP-1842123', 'Bangladesh University of Professionals', '', '1', '12', 45, '2018-02-02', '1', '1', 'Cantonment', '', '', '', '', ''),
(221, 'LL-1843344', 'LGED,Homna,Comilla', '', '1', '13', 73, '2018-02-02', '2', '19', 'Homna (C)', 'Upzila Engineer', '', '', '', ''),
(222, 'LL-1844340', 'LGED,Chuadanga', '', '1', '13', 50, '2018-02-02', '4', '35', 'Chuadanga', 'Upzila Executive', '', '', '', ''),
(223, 'LL-184254', 'LGED,Lalmonirhat', '', '1', '13', 74, '2018-02-02', '7', '53', 'Lalmonirhat Sadar', '', '', '', '', ''),
(224, 'LL-184637', 'LGED,Paikgacha,Khulna', '', '1', '13', 5, '2018-02-03', '4', '38', 'Paikgachha', '', '', '', '', ''),
(225, 'LL-184839', 'LGED,Jibonnagar,Chuadanga', '', '1', '13', 50, '2018-02-03', '4', '35', 'Jibannagar', 'Upazila Engineer', '', '', '', ''),
(226, 'RR-1841041', 'RHD,Gazipur', '', '1', '13', 46, '2018-02-03', '1', '4', 'Gazipur Sadar', 'Executive Engineer', '', '', '', ''),
(227, 'LL-184184', 'LGED,Jhalokati', '', '1', '13', 75, '2018-02-03', '5', '22', 'Jhalokati Sadar', '', '', '', '', ''),
(228, 'DP-1842026', 'Directorate of Immigration &amp; Passport', '', '1', '13', 8, '2018-02-03', '1', '1', '58', '', '', '', '', ''),
(229, 'HP-1843312', 'Homna Pourashava,Homna,Comilla', '', '1', '13', 73, '2018-02-03', '2', '19', 'Homna (C)', 'Mayor', '', '', '', ''),
(230, 'BP-184432', 'Banaripara Pourachava,Barisal', '', '1', '13', 39, '2018-02-03', '5', '13', 'Banaripara', '', '', '', '', ''),
(231, 'LL-1844628', 'LGED,Lama,Bandarban', '', '1', '13', 11, '2018-02-04', '2', '31', 'Lama', 'Upzila Engineer', '', '', '', ''),
(232, 'PD-1845611', 'PWD,Mohakhali Division', '', '1', '13', 7, '2018-02-04', '1', '1', '17', 'Executive Engineer', '', '', '', ''),
(233, 'BA-1845846', 'Bangladesh Bridge Authority', '', '1', '13', 7, '2018-02-05', '1', '1', '17', 'PRO,BBA,Setu Bhaban', '', '', '', ''),
(234, 'LS-184113', 'LGED,Comilla Sadar', '', '1', '13', 31, '2018-02-05', '2', '19', 'Comilla', 'Upazila Engineer', '', '', '', ''),
(235, 'LS-1841353', 'LGED,Chandpur Sadar', '', '1', '13', 76, '2018-02-05', '2', '26', 'Chandpur Sadar', 'Upzila Engineer', '', '', '', ''),
(236, 'LS-1842016', 'LGED,Patuakhali Sadar', '', '1', '13', 55, '2018-02-05', '5', '23', 'Patuakhali', 'Upzila Engineer', '', '', '', ''),
(237, 'PT-184243', 'Police Super,Tangail', 'Tangail', '1', '10', 77, '2018-05-26', '1', '2', '475', 'SP', '', '', '', ''),
(238, 'LL-184434', 'LGED,Kalmakanda,Netrokona', '', '1', '13', 71, '2018-02-05', '8', '61', 'Kalmakanda', 'Upzila Engineer', '', '', '', ''),
(239, 'P-184859', 'Power Grid  Company Bangladesh Limited ', '', '1', '6', 78, '2018-02-05', '1', '1', '47', '', '', '', '', ''),
(240, 'RR-1842647', 'RHD,Meherpur', '', '1', '13', 79, '2018-02-06', '4', '41', 'Meherpur', '', '', '', '', ''),
(241, 'LL-1843720', 'LGED,Chagalnaiya,Feni', '', '1', '13', 36, '2018-02-06', '2', '28', 'Chhagalnaiya', '', '', '', '', ''),
(242, 'LL-1844453', 'LGED,Rawmari,Kurigram', '', '1', '13', 80, '2018-02-06', '7', '52', 'Kurigram Sadar', '', '', '', '', ''),
(243, 'EZ-1844744', 'EED,Barisal Zone', '', '1', '13', 39, '2018-02-06', '5', '13', 'Barisal', '', '', '', '', ''),
(244, 'BB-1845345', 'Bangladesh Krishi Bank', '', '1', '13', 45, '2018-02-06', '1', '1', '47', '', '', '', '', ''),
(245, 'LL-1841234', 'LGED,Khagrachari', '', '1', '13', 81, '2018-02-06', '2', '29', 'Khagrachhari', '', '', '', '', ''),
(246, 'PP-1845634', 'PWD,Diviosn-7', '', '1', '13', 8, '2018-02-07', '1', '1', '58', 'Executive', '', '', '', ''),
(247, 'D,-184727', 'District Prison,Faridpur', 'Jail Super', '1', '13', 51, '2018-05-27', '1', '3', '', 'Jail Super', '', '', '', ''),
(248, 'LL-184130', 'LGED,Goshairgat,Shariatpur', '', '1', '13', 58, '2018-02-07', '1', '63', 'Goshairhat', '', '', '', '', ''),
(249, 'LS-1842423', 'LGED,Jamalpur Sadar', '', '1', '13', 63, '2018-02-07', '8', '15', 'Jamalpur Sadar', 'Upazila Engineer', '', '', '', ''),
(250, 'LL-1843150', 'LGED,Kushtia', '', '1', '13', 82, '2018-02-07', '4', '39', 'Kushtia', '', '', '', '', ''),
(251, 'LL-1843845', 'LGED,Jessore', '', '1', 'Others', 24, '2018-02-07', '4', '36', '85', '', '', '', '', ''),
(252, 'PP-1844250', 'PWD,Tangail', '', '1', '13', 77, '2018-02-07', '1', '2', 'Tangail Sadar', 'Executive Engineer', '', '', '', ''),
(253, 'LL-1844757', 'LGED,Sonagazi,Feni', '', '1', '13', 36, '2018-02-08', '2', '28', 'Sonagazi', 'Upzila Engineer', '', '', '', ''),
(254, 'HH-1845123', 'HED,Tangail', '', '1', '13', 77, '2018-02-08', '1', '2', 'Tangail Sadar', 'Executive Engineer', '', '', '', ''),
(255, 'NH-1845353', 'National Institute of Ophthalmology &amp; Hospital', '', '1', '7', 27, '2018-02-09', '1', '1', '58', '', '', '', '', ''),
(256, 'LL-1845740', 'LGED,Harinakunda,Jhenaidah', '', '1', '13', 53, '2018-02-09', '4', '37', 'Harinakunda', '', '', '', '', ''),
(257, 'BC-184108', 'Bangladesh Jute Mills Corporation', '', '2', '5', 83, '2018-02-09', '1', '1', '47', '', '', '', '', ''),
(258, 'HP-1842312', 'Health &amp; Family Planning,Saturia,Manikganj', '', '1', '13', 84, '2018-02-09', '1', '7', 'Saturia', '', '', '', '', ''),
(259, 'LL-1842944', 'LGED,Rangabali,Patuakhali', 'Rangabali', '1', '13', 55, '2018-05-23', '5', '23', '360', '', '', '', '', ''),
(260, 'EE-1841738', 'EED,Bogra', 'Bogra', '1', '5', 85, '2018-05-23', '3', '14', '22', '', '', '', '', ''),
(261, 'CB-1842233', 'Civil Aviation Authority, Bangladesh', 'Khilghet', '1', '17', 7, '2018-05-23', '1', '1', '42', '', '', '', '', ''),
(262, 'LL-184265', 'LGED,Kamarkhanda,Sirajganj', 'Kamarkhanda', '1', '1', 49, '2018-05-23', '3', '16', '370', '', '', '', '', ''),
(263, 'LL-1843450', 'LGED,Chhatak,Sunamganj', 'Chhatak', '1', '1', 16, '2018-05-23', '6', '58', '250', '', '', '', '', ''),
(264, 'RR-1845444', 'RHD,Gopalganj', 'Gopalganj', '1', '4', 25, '2018-05-23', '1', '5', '77', 'Executive Engineer', '', '', '', ''),
(265, 'LL-1845859', 'LGED,Durgapur,Natrokona', 'Durgapur', '1', '1', 71, '2018-05-23', '8', '61', '329', '', '', '', '', ''),
(266, 'LL-184534', 'LGED,Saturia,Manikganj', 'Saturia', '1', '1', 84, '2018-05-23', '1', '7', '478', '', '', '', '', ''),
(267, 'DD-1841312', 'DPHE,Goopalganj', 'Gopalganj', '1', '6', 25, '2018-05-23', '1', '5', '77', '', '', '', '', ''),
(268, 'LL-1841543', 'LGED,Bhuapur,Tangail', 'Tangail', '1', '1', 77, '2018-05-26', '1', '2', '479', '', '', '', '', ''),
(269, 'BP-1841224', 'Bangladesh Security Printing Press', '', '1', '18', 7, '2018-02-12', '1', '1', '61', '', '', '', '', ''),
(270, 'LL-1841742', 'LGED,Belaichari,Rangamati', '', '1', '1', 52, '2018-02-12', '2', '30', '419', '', '', '', '', ''),
(271, 'DD-1843124', 'DPHE,Bandarban', '', '1', '6', 11, '2018-02-12', '2', '31', '87', 'Executive Engineer', '', '', '', ''),
(272, 'EE-184354', 'EED,Netrokona', '', '1', '5', 71, '2018-02-13', '8', '61', '335', '', '', '', '', ''),
(273, 'BD-1845154', 'Barisal Cadet College,Ministry of Defence', 'Barisal Cadet', '1', '7', 8, '2018-05-27', '1', '1', '13', '', '', '', '', ''),
(274, 'BC-18412', 'Bangladesh Shipping Corporation', '', '1', '8', 47, '2018-02-13', '2', '32', '67', '', '', '', '', ''),
(275, 'ZP-1842640', 'Zila Porishod,Gopalganj', '', '1', '20', 25, '2018-02-13', '1', '5', '77', '', '', '', '', ''),
(276, 'SL-184026', 'S.A Salt Industries Limited', '', '2', '21', 45, '2018-02-14', '2', '32', '66', '', '', '', '', ''),
(277, 'PS-1841055', 'Police Super,Nilphamari', '', '1', '10', 6, '2018-02-14', '7', '54', '84', '', '', '', '', ''),
(278, 'LS-1841749', 'LGED,Meherpur Sadar', '', '1', '1', 79, '2018-02-14', '4', '41', '281', '', '', '', '', ''),
(279, 'LS-1842134', 'LGED,Hobiganj Sadar', '', '1', '1', 86, '2018-02-14', '6', '57', '244', '', '', '', '', ''),
(280, 'LL-184121', 'LGED,Kaliganj,Jhenaidah', '', '1', '1', 53, '2018-02-14', '4', '37', '296', '', '', '', '', ''),
(281, 'LL-1841658', 'LGED,Dacope,Khulna', '', '1', '1', 5, '2018-02-14', '4', '38', '123', '', '', '', '', ''),
(282, 'RR-1842256', 'RHD,Patuakhali', '', '1', '4', 19, '2018-02-15', '5', '23', '142', '', '', '', '', ''),
(283, 'LL-1842430', 'LGED,Faridganj,Chadpur', '', '1', '1', 76, '2018-02-15', '2', '26', '385', '', '', '', '', ''),
(284, 'HH-1843052', 'HED,Comilla', '', '1', '7', 87, '2018-02-15', '2', '19', '97', '', '', '', '', ''),
(285, 'LL-1843838', 'LGED,Phulbari,Dinajpur', '', '1', '1', 22, '2018-02-15', '7', '50', '168', '', '', '', '', ''),
(286, 'SC-184394', 'Sylhet City Corporation', '', '1', '20', 16, '2018-02-15', '6', '59', '90', '', '', '', '', ''),
(287, 'LL-184584', 'LGED,Brahmanpara,Comilla', '', '1', '1', 88, '2018-02-15', '2', '19', '98', '', '', '', '', ''),
(288, 'HH-184031', 'HED,Sylhet', '', '1', '23', 16, '2018-02-15', '6', '59', '90', 'Executive Engineer', '', '', '', ''),
(289, 'LL-184422', 'LGED,Madhabpur,Habiganj', '', '1', '1', 86, '2018-02-16', '6', '57', '247', '', '', '', '', ''),
(290, 'JL-18461', 'Jamuna Oil Company Limited', '', '1', '15', 47, '2018-02-19', '2', '32', '66', '', '', '', '', ''),
(291, 'BD-1841237', 'Bangladesh Survey Department', '', '1', '24', 7, '2018-02-16', '1', '1', '61', '', '', '', '', ''),
(292, 'LL-1841813', 'LGED,Madan,Netrokona', 'Netrokona', '1', '1', 69, '2018-05-23', '8', '61', '333', 'Upzilla Engineer', '', '', '', ''),
(293, 'KC-1841953', 'Khagrachari Hill District Council', '', '1', '20', 81, '2018-02-16', '2', '29', '400', '', '', '', '', ''),
(294, 'EE-184224', 'EED,Bhola', '', '1', '5', 89, '2018-02-16', '5', '21', '350', '', '', '', '', ''),
(295, 'PC-184259', 'PWD,PECU Circle', '', '1', '3', 12, '2018-02-16', '1', '1', '52', '', '', '', '', ''),
(296, 'LL-184301', 'LGED,Narina,Shariatpur', '', '1', '0', 58, '2018-02-16', '1', '63', '483', '', '', '', '', ''),
(297, 'RR-1843456', 'RHD,Jamalpur', '', '1', '4', 63, '2018-02-17', '8', '15', '65', '', '', '', '', ''),
(298, 'PS-1843635', 'Police Super,Lalmonirhat', '', '1', '10', 74, '2018-02-17', '7', '53', '314', '', '', '', '', ''),
(299, 'PP-184392', 'PWD,Kishoreganj', 'Kishoreganj', '1', '0', 18, '2018-05-23', '1', '64', '91', '', '', '', '', ''),
(300, 'RR-1844127', 'RHD,Narayanganj', '', '1', '4', 19, '2018-02-17', '1', '65', '92', '', '', '', '', ''),
(301, 'LS-1845021', 'LGED,Kishoreganj Sadar', '', '1', '1', 18, '2018-02-17', '1', '64', '91', 'Upzila Engineer', '', '', '', ''),
(302, 'BP-1845834', 'Bhedarganj Pourachava,Shariatpur', '', '1', '20', 58, '2018-02-18', '1', '63', '481', '', '', '', '', ''),
(303, 'PS-184449', 'Police Super,Kushtia', '', '1', '10', 82, '2018-02-18', '4', '39', '177', '', '', '', '', ''),
(304, 'EE-184843', 'EED,Tangail', '', '1', '5', 77, '2018-02-19', '1', '2', '475', '', '', '', '', ''),
(305, 'RZ-1841137', 'RHD,Allenbari,Dhaka Zone', '', '1', '4', 39, '2018-02-19', '1', '1', '61', '', '', '', '', ''),
(306, 'PD-1843350', 'PWD,Division-1', 'Abdul Gani Road-01', '1', '3', 12, '2018-05-27', '1', '1', '51', 'Executive Engineer', '', '', '', ''),
(307, 'BV-1843747', 'Bangladesh Ansar &amp; VDP', '', '1', '10', 14, '2018-02-19', '1', '1', '41', '', '', '', '', ''),
(308, 'PP-1844116', 'PWD,Gazipur', '', '1', '3', 46, '2018-02-19', '1', '4', '72', '', '', '', '', ''),
(309, 'PA-184441', 'Payra Port Authority', '', '1', '14', 14, '2018-02-19', '1', '1', '52', '', '', '', '', ''),
(310, 'BL-1844711', 'Bangladesh Petroleum Exploration and Production Company Limited', '', '1', '15', 14, '2018-02-19', '1', '1', '480', '', '', '', '', ''),
(311, 'PS-184501', 'Police Super,Pabna', '', '1', '10', 66, '2018-02-20', '3', '48', '175', '', '', '', '', ''),
(312, 'LL-1845258', 'LGED,Hizla,Barisal', '', '1', '1', 39, '2018-02-20', '5', '13', '346', '', '', '', '', ''),
(313, 'TP-1845445', 'Tungipara Pourachava,Gopalganj', '', '1', '20', 25, '2018-02-20', '1', '5', '77', '', '', '', '', ''),
(314, 'LL-1845847', 'LGED,Katiadi,Kishoreganj', '', '1', '1', 18, '2018-02-20', '1', '64', '105', '', '', '', '', ''),
(315, 'GP-1841526', 'Gobindaganj Pourachava,Gaibanda', '', '1', '1', 90, '2018-02-20', '7', '51', '198', '', '', '', '', ''),
(316, 'SL-1843928', 'South Bangla Agriculture and Commerce Bank Limited', '', '1', '0', 3, '2018-02-21', '1', '1', '47', '', '', '', '', ''),
(317, 'EE-1844339', 'EED,Kishoreganj', '', '1', '5', 18, '2018-02-21', '1', '64', '91', '', '', '', '', ''),
(318, 'LL-1844510', 'LGED,Nasirnagar,Brahmanbaria', '', '1', '1', 41, '2018-02-21', '2', '25', '436', '', '', '', '', ''),
(319, 'NB-1844953', 'National Curriculum and Textbook Board', '', '1', '7', 12, '2018-02-21', '1', '1', '47', 'Secretary', '', '', '', ''),
(320, 'IS-18405', 'International Turkish Hope School', '', '3', '25', 45, '2018-02-21', '1', '1', '19', '', '', '', '', ''),
(321, 'ED-184256', 'Education Engineering Department', '', '1', '5', 8, '2018-02-21', '1', '1', '58', '', '', '', '', ''),
(322, 'PP-184259', 'PWD,EM-Chittagong', '', '1', '3', 47, '2018-02-21', '2', '32', '67', '', '', '', '', ''),
(323, 'PP-1842823', 'PWD,Patuakhali', '', '1', '0', 55, '2018-02-21', '5', '23', '142', '', '', '', '', ''),
(324, 'A-1843315', 'Al-Arafah Islami Bank Limited ', '', '2', '2', 45, '2018-02-21', '1', '1', '47', '', '', '', '', ''),
(325, 'SC-1844228', 'Sadaron Bima Corportation', '', '1', '13', 3, '2018-02-21', '1', '1', '47', '', '', '', '', ''),
(326, 'LL-1845950', 'LGED,Tala,Satkhira', '', '1', '0', 91, '2018-02-22', '4', '43', '292', '', '', '', '', ''),
(327, 'CC-184423', 'Chhatak Technical School and College', '', '1', '7', 92, '2018-02-22', '6', '58', '258', '', '', '', '', ''),
(328, 'NP-184724', 'Nokla Pourachava,Sherpur', '', '1', '20', 94, '2018-02-22', '8', '62', '150', '', '', '', '', ''),
(329, 'LL-1841243', 'LGED,Jaldhaka,Nilphamari', '', '1', '1', 6, '2018-02-22', '7', '54', '84', '', '', '', '', ''),
(330, 'UB-1841456', 'United Commercial Bank', '', '2', '2', 43, '2018-02-23', '1', '1', '19', '', '', '', '', ''),
(331, 'LL-1841813', 'LGED,Manda,Noagoan', '', '1', '0', 95, '2018-02-23', '3', '46', '153', '', '', '', '', ''),
(332, 'LL-1842317', 'LGED,Sitakunda,Chittagong', '', '1', '0', 47, '2018-02-23', '2', '32', '462', '', '', '', '', ''),
(333, 'RR-1843356', 'RHD,Natore', '', '1', '4', 40, '2018-02-24', '3', '47', '103', '', '', '', '', ''),
(334, 'LL-1843653', 'LGED,Munshiganj', '', '1', '1', 13, '2018-02-24', '1', '8', '88', '', '', '', '', ''),
(335, 'LL-1845458', 'LGED,Kalia,Narail', '', '1', '1', 96, '2018-02-25', '4', '42', '282', '', '', '', '', ''),
(336, 'DD-184051', 'DPHE,Noakhali', '', '1', '6', 23, '2018-02-25', '2', '12', '95', '', '', '', '', ''),
(337, 'BC-18442', 'Bangladesh University Grants Commission', '', '1', '7', 43, '2018-02-25', '1', '1', '58', '', '', '', '', ''),
(338, 'ME-184120', 'Ministry of Primary and Mass Education', '', '1', '7', 27, '2018-02-26', '1', '1', '58', '', '', '', '', ''),
(339, 'PS-1841353', 'Police Super,Jhalokati', '', '1', '10', 75, '2018-02-26', '5', '22', '470', '', '', '', '', ''),
(340, 'LS-1841632', 'LGED,Tangail Sadar', '', '1', '0', 90, '2018-02-26', '1', '2', '475', '', '', '', '', ''),
(341, 'ZP-1844214', 'Zila Porishod,Barisal', '', '1', '20', 39, '2018-02-26', '5', '13', '21', '', '', '', '', ''),
(342, 'LL-1845746', 'LGED,Kamalganj,Moulvibazar', '', '1', '1', 30, '2018-02-26', '6', '11', '236', '', '', '', '', ''),
(343, 'BL-184928', 'Bangladesh Chemical Industries Corporation Limited', 'BCIC Bhaban,Dilikusha,Dhaka', '1', '12', 12, '2018-01-08', '1', '1', '47', 'PRO', '', '', '', ''),
(344, 'KA-1842050', 'Khan Advertising', 'Paramount Height,Kalbart Road', '2', '26', 3, '2018-02-20', '1', '1', '51', 'Propitors', '', '', '', ''),
(345, 'LL-1843514', 'LGED,Haziganj,Chandpur', '', '1', '1', 76, '2018-02-27', '2', '26', '387', '', '', '', '', ''),
(346, 'EE-1843650', 'EED,Noakhali', '', '1', '5', 23, '2018-02-27', '2', '12', '95', '', '', '', '', ''),
(347, 'EE-1844927', 'EED,Dinajpur', '', '1', '5', 22, '2018-02-27', '7', '50', '94', 'Executive Engineer', '', '', '', ''),
(348, 'PL-1842447', 'Pragati Life Insurance Company Ltd', '', '2', '27', 45, '2018-02-28', '1', '1', '47', '', '', '', '', ''),
(349, 'MP-1843444', 'Munshiganj Pourachava', '', '1', '20', 13, '2018-02-28', '1', '8', '88', '', '', '', '', ''),
(350, 'BC-1845841', 'Bangladesh Sugar &amp; Food Industries Corporation', '', '1', '12', 14, '2018-02-28', '1', '1', '47', '', '', '', '', ''),
(351, 'RR-184128', 'RHD,Sherpur', '', '1', '4', 93, '2018-02-28', '8', '62', '152', '', '', '', '', ''),
(352, 'NT-1843026', 'National Museum Science &amp;Technology', 'Shahbug', '1', '28', 43, '2018-05-23', '1', '1', '61', '', '', '', '', ''),
(353, 'UL-18473', 'Union Bank Limited', 'Bahela Tower, 72 Gulshan Avenue', '2', '2', 2, '2018-03-01', '1', '1', '19', 'Mokammel Hossain Chowdhury', '+88029859313', ' fad@unionbank.com.bd', '', 'www.unionbank.com.bd'),
(354, 'RR-1841614', 'RHD,Munshiganj', '', '1', '4', 13, '2018-03-01', '1', '8', '88', '', '', '', '', ''),
(355, 'BC-1843139', 'Bangladesh Computer Council', 'BCC Bhaban, Agargaon,Dhaka', '1', '16', 97, '2018-03-01', '1', '1', '58', 'Propretor', '', '', '', ''),
(356, 'PC-1844637', 'PWD,Propulation Project Cell', '', '1', '3', 45, '2018-03-01', '1', '1', '47', '', '', '', '', ''),
(357, 'PS-1845339', 'Police Super,Kishoreganj', '', '1', '10', 18, '2018-03-02', '1', '64', '91', '', '', '', '', ''),
(358, 'PM-1845559', 'Police Telecom and Information Management', 'Police Telecom Bhaban,Razarbagh,Dhaka', '1', '10', 12, '2018-05-14', '1', '1', '47', 'Add-IG(T&amp;IM)', '', '', '', ''),
(359, 'LL-1845257', 'LGED,Mymensingh', '', '1', '1', 48, '2018-03-02', '8', '60', '82', '', '', '', '', ''),
(360, 'BP-1841135', 'Birampur Pourachava.Dinajpur', '', '1', '20', 22, '2018-03-02', '7', '50', '163', '', '', '', '', ''),
(361, 'RR-1841519', 'RHD,Kushtia', '', '1', '4', 82, '2018-03-03', '4', '39', '177', '', '', '', '', ''),
(362, 'LL-184263', 'LGED,Savar,Dhaka', '', '1', '1', 98, '2018-03-03', '1', '1', '55', '', '', '', '', ''),
(363, 'SP-1843013', 'Shibchar Pourachava,Madaripur', '', '1', '20', 56, '2018-03-03', '1', '6', '109', '', '', '', '', ''),
(364, 'AM-1845432', 'Ad Moon', '', '2', '26', 45, '2018-03-04', '1', '1', '51', 'Propitor', '', '', '', ''),
(365, 'LL-184957', 'LGED,Austagram,Kishoreganj', '', '1', '1', 18, '2018-03-04', '1', '64', '81', '', '', '', '', ''),
(366, 'BB-1841810', 'Boarder Guard Bangladesh', '', '1', '11', 14, '2018-03-04', '1', '1', '49', '', '', '', '', ''),
(367, 'PS-1842638', 'Police Super,Gaibandha', '', '1', '10', 90, '2018-03-04', '7', '51', '197', 'SP', '', '', '', ''),
(368, 'ZP-1842159', 'Zila Porishod,Chapainawabganj', '', '1', '20', 99, '2018-03-05', '3', '44', '138', '', '', '', '', ''),
(369, 'PP-184487', 'PWD,Uttara Apartment Project', '', '1', '3', 12, '2018-03-06', '1', '1', '47', '', '', '', '', ''),
(370, 'BP-184584', 'Bhanga Pourachava,Faridpur', '', '1', '20', 51, '2018-03-06', '1', '3', '505', '', '', '', '', ''),
(371, 'PP-184146', 'PWD,Jhalokati', '', '1', '3', 75, '2018-03-06', '5', '22', '470', '', '', '', '', ''),
(372, 'R-184423', 'Rea Advertising ', 'Rahman Mention Second Floor', '2', '26', 45, '2018-03-06', '1', '1', '47', 'Propietor', '', '', '', ''),
(373, 'BC-18498', 'Bangladesh Agriculture Development Corporation', 'Krishi Bhaban,49-51Motijheel,Dhaka', '1', '29', 12, '2018-03-06', '1', '1', '47', 'PRO', '', '', '', ''),
(374, 'LL-1842739', 'LGED,Nawabganj,Dhaka', '', '1', '1', 45, '2018-03-06', '1', '1', '48', '', '', '', '', ''),
(375, 'EE-184313', 'EED,Jhenaidah', 'Jhenaidah Sadar', '1', '5', 53, '2018-05-15', '4', '37', '137', 'Executive Engineer', '', '', '', ''),
(376, 'ML-1845953', 'Mercantile Bank Limited', '', '2', '2', 3, '2018-03-06', '1', '1', '47', '', '', '', '', ''),
(377, 'HH-184458', 'HED,Barisal', '', '1', '23', 39, '2018-03-07', '5', '13', '21', '', '', '', '', ''),
(378, 'PP-1844955', 'PWD,Division-6', '', '1', '3', 12, '2018-03-07', '1', '1', '51', '', '', '', '', ''),
(379, 'RR-1845252', 'RHD,Bagerhat', '', '1', '1', 37, '2018-03-07', '4', '34', '102', '', '', '', '', ''),
(380, 'JG-184012', 'Judge Bhuiya Group', '', '2', '30', 100, '2018-03-07', '1', '1', 'Select Upazila', '', '', '', '', ''),
(381, 'EU-1845443', 'East West Univeristy', '', '2', '31', 101, '2018-03-08', '1', '1', '47', '', '', '', '', ''),
(382, 'LL-184032', 'LGED,Mirzaganj,Patuakhali', '', '1', '1', 55, '2018-03-08', '5', '23', '359', '', '', '', '', ''),
(383, 'LL-18420', 'LGED,Companyganj,Noakhali', '', '1', '13', 31, '2018-03-08', '2', '12', '393', 'Upazila Engineer', '', '', '', ''),
(384, 'RR-184110', 'RHD,Sunamganj', '', '1', '4', 92, '2018-03-08', '6', '58', '258', '', '', '', '', ''),
(385, 'MA-1841259', 'Ministry of Religions Affairs', '', '1', '32', 45, '2018-03-08', '1', '1', '51', '', '', '', '', ''),
(386, 'ZP-184644', 'Zila Porishod,Rangpur', 'Division', '1', '20', 10, '2018-05-28', '7', '49', '86', 'Mayor', '', '', '', ''),
(387, 'PD-1844538', 'PWD,City Division', '', '1', '3', 12, '2018-03-08', '1', '1', '52', '', '', '', '', '');
INSERT INTO `tbl_customer` (`cust_id`, `cust_id_new`, `name`, `address`, `type`, `project_name`, `ref_id`, `join_date`, `division`, `district`, `upazila`, `contact_person`, `phone`, `email`, `fax`, `website`) VALUES
(388, 'DL-184142', 'Directorate of Public Library', 'Shahbagh,Dhaka', '1', '7', 14, '2018-03-09', '1', '1', '57', 'Director General', '', '', '', ''),
(389, 'UP-18454', 'Upzila Parishod,Nilphamari Sadar', 'Nilphamari Sadar', '1', '20', 6, '2018-05-23', '7', '54', '84', 'Mayor', '', '', '', ''),
(390, 'LL-1842324', 'LGED,Narail', '', '1', '1', 96, '2018-03-09', '4', '42', '284', '', '', '', '', ''),
(391, 'BS-1842740', 'Bangladesh Stationary', '', '1', '22', 7, '2018-03-09', '1', '1', '61', '', '', '', '', ''),
(392, 'LL-1844517', 'LGED,Natore', '', '1', '1', 40, '2018-03-10', '3', '47', '103', '', '', '', '', ''),
(393, 'DM-1845235', 'Director of Disaster Management', '', '1', '19', 45, '2018-03-10', '1', '1', '19', '', '', '', '', ''),
(394, 'PP-184019', 'PWD,Manikganj', '', '1', '3', 84, '2018-03-10', '1', '7', '477', '', '', '', '', ''),
(395, 'LL-184110', 'LGED,Nangalkot,Comilla', '', '1', '1', 87, '2018-03-09', '2', '19', '443', '', '', '', '', ''),
(396, 'LL-184369', 'LGED,Nabinagar,Brahmanbaria', '', '1', '1', 102, '2018-03-11', '2', '25', '436', '', '', '', '', ''),
(397, 'LL-1842335', 'LGED,Raiganj,Sirajganj', '', '1', '1', 49, '2018-03-11', '3', '16', '372', '', '', '', '', ''),
(398, 'AP-18427', 'Ad Plus', '', '2', '26', 43, '2018-03-13', '1', '1', '31', '', '', '', '', ''),
(399, 'BL-1841629', 'Barapukuria Coal Mining Company Limited', '', '1', '12', 22, '2018-03-13', '7', '50', '173', 'DGM-Purchase', '', '', '', ''),
(400, 'S-1843526', 'Sadat Sarwat Associates ', 'H-28, R-23, Gulshan-1', '2', '33', 45, '2018-03-13', '1', '1', '19', 'Loyar', '', '', '', ''),
(401, 'SL-184422', 'S A Group Limited', 'Finlay House (2 &amp;amp; 3rd Floor)', '2', '21', 45, '2018-05-26', '2', '32', '66', 'Managing Director', '', '', '', ''),
(402, 'PW-1845655', 'PWD,EM Workshop,Dhaka', '', '1', '3', 8, '2018-03-14', '1', '1', '58', '', '', '', '', ''),
(403, 'LL-1843921', 'LGED,Mohadevpur,Naogaon', '', '1', '1', 62, '2018-03-14', '3', '46', '509', '', '', '', '', ''),
(404, 'PS-1844223', 'Police Super,Barisal', '', '1', '10', 39, '2018-03-14', '5', '13', '21', '', '', '', '', ''),
(405, 'MA-1844950', 'Ministry of Cultureal Affair', '', '1', '32', 8, '2018-03-14', '1', '1', '58', 'Dy. Secretary(PD)', '', '', '', ''),
(406, 'PA-1845336', 'Perfect Ad', '', '2', '26', 45, '2018-03-14', '1', '1', '47', '', '', '', '', ''),
(407, 'CD-1845953', 'Central Medical Store Department,HFWD', '', '1', '6', 7, '2018-03-14', '1', '1', '61', '', '', '', '', ''),
(408, 'PP-1841336', 'PWD,Gaibandha', '', '1', '3', 90, '2018-03-14', '7', '51', '197', '', '', '', '', ''),
(409, 'LS-1841023', 'LGED,Bogura Sadar', '', '1', '1', 44, '2018-03-15', '3', '14', '22', '', '', '', '', ''),
(410, 'PT-1841615', 'Police Super, Thakurgaon', '', '1', '10', 64, '2018-03-15', '7', '56', '174', '', '', '', '', ''),
(411, 'LL-1842146', 'LGED,Morrelganj,Bagerhat', '', '1', '1', 37, '2018-03-15', '4', '34', '208', '', '', '', '', ''),
(412, 'PD-1842329', 'PWD,Khulna Division-2', '', '1', '3', 5, '2018-03-15', '4', '38', '83', '', '', '', '', ''),
(413, 'LL-1844127', 'LGED,Barguna', '', '1', '1', 68, '2018-03-15', '5', '20', '219', '', '', '', '', ''),
(414, 'P-184445', ' Madaripur Pourashava', '', '1', '20', 56, '2018-03-15', '1', '6', '107', '', '', '', '', ''),
(415, 'RG-1844617', 'Rupayan Group', '', '2', '34', 103, '2018-03-15', '1', '1', '19', '', '', '', '', ''),
(416, 'EE-184580', 'EED,Pirojpur', '', '1', '5', 104, '2018-03-16', '5', '24', '365', '', '', '', '', ''),
(417, 'EE-184229', 'EED,Jamalpur', '', '1', '5', 63, '2018-03-16', '8', '15', '65', '', '', '', '', ''),
(418, 'LL-184530', 'LGED,Cox\'sbazar', '', '1', '1', 29, '2018-03-16', '2', '33', '96', '', '', '', '', ''),
(419, 'KT-1845545', 'Khunlan University of Engineering and Technology', '', '1', '7', 5, '2018-03-16', '4', '38', '83', '', '', '', '', ''),
(420, 'LL-1841658', 'LGED,Tongibari', '', '1', '1', 4, '2018-03-17', '1', '8', '494', '', '', '', '', ''),
(421, 'LL-1843515', 'LGED,Narsingdi', '', '1', '1', 57, '2018-03-18', '1', '66', '145', '', '', '', '', ''),
(422, 'AP-1843839', 'Akkelpur Pourashava,Jaypurhat', '', '1', '20', 17, '2018-03-19', '3', '45', '89', '', '', '', '', ''),
(423, 'HB-1844520', 'Health Education Bureau', '', '1', '23', 12, '2018-03-19', '1', '1', '47', '', '', '', '', ''),
(424, 'PP-1845339', 'Phulpur Pourashava,Mymensingh', '', '1', '20', 48, '2018-03-20', '8', '60', '119', '', '', '', '', ''),
(425, 'PS-184512', 'Police Super,Sylhet', '', '1', '10', 16, '2018-03-21', '6', '59', '90', '', '', '', '', ''),
(426, 'PP-1842051', 'PWD,Pabna', '', '1', '3', 66, '2018-03-22', '3', '48', '175', '', '', '', '', ''),
(427, 'DD-184301', 'DPHE,Kishoreganj', '', '1', '6', 18, '2018-03-22', '1', '64', '91', '', '', '', '', ''),
(428, 'NH-1843338', 'National Heart Institute of Hospital', '', '1', '6', 27, '2018-03-22', '1', '1', '58', '', '', '', '', ''),
(429, 'BB-1844620', 'BMDA,Joypurhat', '', '1', '29', 17, '2018-03-22', '3', '45', '213', '', '', '', '', ''),
(430, 'BB-1845340', 'Blazer BD', '', '2', '35', 2, '2018-03-22', '1', '1', '47', 'Kazi Rajib Uddin Ahmed ', '', '', '', ''),
(431, 'LL-184112', 'LGED,Rajbari', '', '1', '1', 60, '2018-03-23', '1', '9', '149', '', '', '', '', ''),
(432, 'GP-184167', 'Gopalganj Pourashava', '', '1', '20', 25, '2018-03-23', '1', '5', '77', '', '', '', '', ''),
(433, 'MP-1841839', 'Mohanganj Pourashava', '', '1', '20', 71, '2018-03-23', '8', '61', '334', '', '', '', '', ''),
(434, 'LL-1842552', 'LGED,Mujibnagar,Meherpur', '', '1', '1', 79, '2018-03-24', '4', '41', '280', '', '', '', '', ''),
(435, 'PS-1843231', 'Police Super,Rangpur', '', '1', '0', 10, '2018-03-24', '7', '49', '86', '', '', '', '', ''),
(436, 'BB-1844211', 'BSMRMU,Mirpur-12', '', '1', '6', 27, '2018-03-25', '1', '1', '45', '', '', '', '', ''),
(437, 'CP-184187', 'CID,Bangladesh Police', '', '1', '10', 12, '2018-03-26', '1', '1', '47', '', '', '', '', ''),
(438, 'RR-1843646', 'RHD,Serajganj', '', '1', '4', 49, '2018-03-26', '3', '16', '374', '', '', '', '', ''),
(439, 'DP-1845830', 'Debidwar Pourashava,Cumilla', '', '1', '20', 73, '2018-03-26', '2', '19', '68', '', '', '', '', ''),
(440, 'PP-184428', 'PWD,Nilphamari', '', '1', '3', 6, '2018-03-26', '7', '54', '84', '', '', '', '', ''),
(441, 'RC-184950', 'RAK Ceramics ( Star Ceramics)', '', '2', '36', 4, '2018-03-26', '1', '1', '64', '', '', '', '', ''),
(442, 'R-1841715', 'Rangdhanu Advertisement ', '', '2', '26', 3, '2018-03-26', '1', '1', '47', '', '', '', '', ''),
(443, 'LL-1842148', 'LGED,Patgram,Lalmonirhat', '', '1', '1', 74, '2018-03-27', '7', '53', '315', '', '', '', '', ''),
(444, 'RR-1842815', 'RHD,Chandpur', '', '1', '4', 69, '2018-03-28', '2', '26', '384', '', '', '', '', ''),
(445, 'EE-1841149', 'EED,Jessore', '', '1', '1', 9, '2018-03-29', '4', '36', '85', '', '', '', '', ''),
(446, 'LL-1841520', 'LGED,Pangsha,Rajbari', '', '1', '1', 60, '2018-03-29', '1', '9', '519', '', '', '', '', ''),
(447, 'LL-1842150', 'LGED,Rajshahi', '', '1', '1', 26, '2018-03-29', '3', '17', '25', '', '', '', '', ''),
(448, 'KP-1842511', 'Kumerkhali Pourashava,Kustia', '', '1', '20', 82, '2018-03-29', '4', '39', '263', '', '', '', '', ''),
(449, 'RA-184462', 'Ria Advertising', 'Motijeel Dhaka', '2', '26', 45, '2018-05-28', '1', '1', '47', 'Propitor', '', '', '', ''),
(450, 'LL-18423', 'LGED,Debidwar,Comilla', '', '1', '1', 73, '2018-03-31', '2', '19', '68', '', '', '', '', ''),
(451, 'LL-1841141', 'LGED,Delduar,Tangail', '', '1', '1', 77, '2018-03-31', '1', '2', '10', '', '', '', '', ''),
(452, 'ZP-1841527', 'Zila Porishod,Munshiganj', '', '1', '20', 13, '2018-03-31', '1', '8', '88', 'May', '', '', '', '');

-- --------------------------------------------------------

--
-- Table structure for table `tbl_ememo`
--

CREATE TABLE `tbl_ememo` (
  `memo_id` int(11) NOT NULL,
  `cust_id` int(11) NOT NULL,
  `cust_id_new` varchar(100) NOT NULL,
  `ref_id` tinyint(4) NOT NULL,
  `order_id` int(11) NOT NULL,
  `invoice_id` int(11) NOT NULL,
  `order_price` double NOT NULL,
  `paid_amount` double NOT NULL,
  `payable_amount` double NOT NULL,
  `receive_amount` double NOT NULL,
  `ait_others_discount` float NOT NULL,
  `commission` float NOT NULL,
  `due` double NOT NULL,
  `payment_date` date NOT NULL,
  `payment_method` varchar(256) NOT NULL,
  `memo` varchar(200) NOT NULL,
  `check_num` varchar(50) NOT NULL,
  `deposite_to` varchar(200) NOT NULL,
  `status_memo` varchar(20) NOT NULL
) ENGINE=InnoDB DEFAULT CHARSET=latin1;

-- --------------------------------------------------------

--
-- Table structure for table `tbl_invoice`
--

CREATE TABLE `tbl_invoice` (
  `invoice_id` int(11) NOT NULL,
  `order_id` int(11) NOT NULL,
  `order_date` date NOT NULL,
  `cust_id` smallint(6) NOT NULL,
  `cust_id_new` varchar(100) NOT NULL,
  `invoice_date` date NOT NULL,
  `pub_date` date NOT NULL,
  `item` varchar(100) DEFAULT NULL,
  `payable_amount` float NOT NULL,
  `work_order_no` varchar(50) NOT NULL,
  `ref_id` tinyint(4) NOT NULL,
  `ait_others_discount` smallint(6) NOT NULL
) ENGINE=MyISAM DEFAULT CHARSET=latin1;

--
-- Dumping data for table `tbl_invoice`
--

INSERT INTO `tbl_invoice` (`invoice_id`, `order_id`, `order_date`, `cust_id`, `cust_id_new`, `invoice_date`, `pub_date`, `item`, `payable_amount`, `work_order_no`, `ref_id`, `ait_others_discount`) VALUES
(1, 1, '2018-01-01', 1, 'IL-1835521', '2018-01-01', '2018-01-01', 'Advertisement', 46000.2, 'IBBL-01', 2, 0),
(2, 2, '2018-01-01', 2, 'DL-183190', '2018-01-02', '2018-01-01', 'Advertisement', 11500, 'DBBL-01', 3, 0),
(3, 4, '2018-01-01', 4, 'PL-1834745', '2018-01-02', '2018-01-01', 'Advertisement', 11500, 'PBL-01', 4, 0),
(4, 5, '2018-01-01', 5, 'PS-18312', '2018-01-02', '2018-01-01', 'Advertisement', 24518, 'PS-KH-11098', 5, 0),
(5, 7, '2018-01-01', 7, 'RD-1832020', '2018-01-02', '2018-01-01', 'Advertisement', 11033.1, 'RHD-3041', 7, 0),
(6, 8, '2018-01-01', 8, 'MD-1832648', '2018-01-02', '2018-01-01', 'Advertisement', 3677.7, 'ISPR-1954', 8, 0),
(7, 107, '2018-01-15', 1, 'IL-1835521', '2018-01-16', '2018-01-15', 'Advertisement', 46000.9, 'IBBL-02', 2, 0),
(8, 91, '2018-01-11', 7, 'RD-1832020', '2018-01-16', '2018-01-15', 'Advertisement', 29421.6, 'RHD-02', 7, 0),
(9, 68, '2018-01-09', 8, 'MD-1832648', '2018-01-16', '2018-01-15', 'Advertisement', 12259, 'ISPR-Army-1014', 8, 0),
(10, 97, '2018-01-12', 8, 'MD-1832648', '2018-01-16', '2018-01-12', 'Advertisement', 9807.2, 'ADHOC-1020', 8, 0),
(11, 116, '2018-01-16', 23, 'BB-1833719', '2018-01-17', '2018-01-16', 'Advertisement', 11033.1, 'BPDB-780', 21, 0),
(12, 54, '2018-01-06', 48, 'GL-1832811', '2018-01-07', '2018-01-06', 'Advertisement', 12872, 'GTCL-238', 8, 0),
(13, 87, '2018-01-11', 73, 'DP-1835452', '2018-01-07', '2018-01-06', 'Advertisement', 9807.2, 'DGDP-01', 26, 0),
(14, 48, '2018-01-05', 45, 'BA-1831159', '2018-01-07', '2018-01-05', 'Advertisement', 27582.8, 'BIWTA', 28, 0),
(15, 58, '2018-01-07', 52, 'BB-1831734', '2018-01-07', '2018-01-07', 'Advertisement', 24824.5, 'BREB-01', 7, 0),
(16, 28, '2018-01-03', 27, 'WW-183945', '2018-01-04', '2018-01-03', 'Advertisement', 7355.4, 'WASA-03', 14, 0),
(17, 9, '2018-01-01', 9, 'JC-1832950', '2018-01-04', '2018-01-03', 'Advertisement', 7355.4, 'JTSC-01', 9, 0),
(18, 21, '2018-01-02', 21, 'BC-1831647', '2018-01-03', '2018-01-02', 'Advertisement', 16549.7, 'BFIS-01', 12, 0),
(19, 3, '2018-01-01', 3, 'TL-1833156', '2018-01-03', '2018-01-01', 'Advertisement', 2300.46, 'TT-01', 2, 0),
(20, 6, '2018-01-01', 6, 'LD-183454', '2018-01-03', '2018-01-01', 'Advertisement', 11033.1, 'LGED-17', 6, 0),
(21, 10, '2018-01-01', 10, 'LD-1834234', '2018-01-03', '2018-01-01', 'Advertisement', 14710.8, 'LGED-10', 10, 0),
(22, 11, '2018-01-01', 11, 'LB-1835143', '2018-01-03', '2018-01-01', 'Advertisement', 18388.5, 'LGED-01', 11, 0),
(23, 12, '2018-01-01', 12, 'PD-18309', '2018-01-03', '2018-01-01', 'Advertisement', 12259, 'PWD-Purto Bhaban/Uttara Project', 12, 0),
(24, 13, '2018-01-01', 13, 'DM-1832126', '2018-01-03', '2018-01-01', 'Advertisement', 5516.55, 'DPHE-M_01', 13, 0),
(25, 14, '2018-01-01', 14, 'D(-1832724', '2018-01-03', '2018-01-01', 'Advertisement', 19614.4, 'DLS-KKS-01', 14, 0),
(26, 15, '2018-01-01', 15, 'CB-1833140', '2018-01-03', '2018-01-01', 'Advertisement', 30060, 'Cute-01', 2, 0),
(27, 16, '2018-01-01', 16, 'AL-1833528', '2018-01-03', '2018-01-01', 'Advertisement', 10000, 'Annex-01', 2, 0),
(28, 17, '2018-01-02', 17, 'RL-18346', '2018-01-04', '2018-01-02', 'Advertisement', 57963.8, 'RBL-01', 3, 0),
(29, 18, '2018-01-02', 18, 'LL-1833729', '2018-01-04', '2018-01-02', 'Advertisement', 24518, 'LGED-J-A-01', 17, 0),
(30, 19, '2018-01-02', 19, 'ZN-183046', '2018-01-04', '2018-01-02', 'Advertisement', 7355.4, 'Zila Prishod-01', 6, 0),
(31, 20, '2018-01-02', 20, 'PD-1831353', '2018-01-04', '2018-01-02', 'Advertisement', 11033.1, 'PWD-K-01', 18, 0),
(32, 22, '2018-01-02', 22, 'NC-1832053', '2018-01-04', '2018-01-02', 'Advertisement', 29421.6, 'NCC-8542(50)', 20, 0),
(33, 23, '2018-01-03', 23, 'BB-1833719', '2018-01-04', '2018-01-02', 'Advertisement', 16549.7, 'BPDB-724', 21, 0),
(34, 24, '2018-01-03', 23, 'BB-1833719', '2018-01-04', '2018-01-03', 'Advertisement', 16549.7, 'BPDB-Comilla-725', 21, 0),
(35, 25, '2018-01-03', 24, 'LL-1834328', '2018-01-04', '2018-01-03', 'Advertisement', 12259, 'LEGD-D-H-01', 22, 0),
(36, 26, '2018-01-03', 25, 'LL-1834853', '2018-01-04', '2018-01-03', 'Advertisement', 14710.8, 'LGED-N-01', 23, 0),
(37, 27, '2018-01-03', 26, 'RD-18325', '2018-01-04', '2018-01-03', 'Advertisement', 17162.6, 'RHD-J-01', 24, 0),
(38, 29, '2018-04-03', 28, 'DD-183146', '2018-01-04', '2018-01-03', 'Advertisement', 22066.2, 'DPHE-493', 25, 0),
(39, 30, '2018-01-03', 29, 'PH-1831753', '2018-01-04', '2018-01-03', 'Advertisement', 29421.6, 'Bangladesh Police-32(4)', 14, 0),
(40, 31, '2018-01-04', 30, 'WR-1832421', '2018-01-05', '2018-01-04', 'Advertisement', 14710.8, 'WASA-R-01', 26, 0),
(41, 32, '2018-01-04', 31, 'PC-1833021', '2018-01-05', '2018-01-04', 'Advertisement', 14710.8, 'PWD-J-2029(2', 24, 0),
(42, 33, '2018-01-04', 32, 'LL-1833312', '2018-01-05', '2018-01-04', '', 18388.5, 'LGED-G-01', 25, 0),
(43, 34, '2018-01-04', 33, '3B-1834255', '2018-01-05', '2018-01-04', 'Advertisement', 42906.5, '3rd ABPN-34', 5, 0),
(44, 35, '2018-01-04', 34, 'RD-1834545', '2018-01-05', '2018-01-04', 'Advertisement', 18388.5, 'RHD-OD-EAST-07(2)/1(15)', 27, 0),
(45, 36, '2018-01-04', 35, 'BB-1834954', '2018-01-05', '2018-01-04', 'Advertisement', 9194.25, 'BWDB-321', 28, 0),
(46, 37, '2018-01-04', 36, 'RB-1835422', '2018-01-05', '2018-01-04', 'Advertisement', 11033.1, 'RHD-C-71', 29, 0),
(47, 38, '2018-01-04', 23, 'BB-1833719', '2018-01-05', '2018-01-04', 'Advertisement', 16549.7, 'BPDB-741', 21, 0),
(48, 39, '2018-01-04', 23, 'BB-1833719', '2018-01-05', '2018-01-04', 'Advertisement', 22066.2, 'BPDB-735', 21, 0),
(49, 40, '2018-01-04', 37, 'HD-183231', '2018-01-05', '2018-01-04', 'Advertisement', 36777, 'HED-03', 16, 0),
(50, 41, '2018-01-04', 38, 'DF-183437', '2018-01-05', '2018-01-04', 'Advertisement', 14710.8, 'DGF-19', 28, 0),
(51, 42, '2018-01-04', 39, 'BB-183825', '2018-01-06', '2018-01-04', 'Advertisement', 31980, 'BB-49', 3, 0),
(52, 43, '2018-01-05', 40, 'NP-1834424', '2018-01-06', '2018-01-05', 'Advertisement', 19614.4, 'NAPT-2/9', 14, 0),
(53, 44, '2018-01-05', 41, 'ST-1835119', '2018-01-06', '2018-01-05', 'Advertisement', 12259, 'SUST-303(6)', 16, 0),
(54, 45, '2018-01-05', 42, 'PD-1835410', '2018-01-06', '2018-01-05', 'Advertisement', 14710.8, 'PWD-(2132(3)', 10, 0),
(55, 46, '2018-01-05', 43, 'PM-1835819', '2018-01-06', '2018-01-05', 'Advertisement', 36777, 'SP-S-M-4692', 30, 0),
(56, 47, '2018-01-05', 44, 'PD-183957', '2018-01-06', '2018-01-05', 'Advertisement', 9807.2, 'PWD-C-22', 31, 0),
(57, 49, '2018-01-05', 23, 'BB-1833719', '2018-01-06', '2018-01-05', 'Advertisement', 11033.1, 'BPDP-Comilla-748', 21, 0),
(58, 50, '2018-01-05', 35, 'BB-1834954', '2018-01-06', '2018-01-05', 'Advertisement', 14710.8, 'BWDB-327', 28, 0),
(59, 51, '2018-01-06', 46, 'LB-1831915', '2018-01-07', '2018-01-06', 'Advertisement', 19614.4, 'LGED-C-B-01', 32, 0),
(60, 52, '2018-01-06', 29, 'PH-1831753', '2018-01-07', '2018-01-06', 'Advertisement', 24518, 'PH-DIG-ICT-01', 14, 0),
(61, 53, '2018-01-06', 47, 'ST-1835119', '2018-01-07', '2018-01-06', 'Advertisement', 16856.1, 'SUST-DCEPS-05', 16, 0),
(62, 55, '2018-01-06', 49, 'LS-1833139', '2018-01-07', '2018-01-06', 'Advertisement', 24518, 'LEGD-D-01', 22, 0),
(63, 56, '2018-01-06', 50, 'LA-1833738', '2018-01-07', '2018-01-06', 'Advertisement', 29421.6, 'U-LGED-01', 33, 0),
(64, 57, '2018-01-07', 51, 'DS-1834734', '2018-01-08', '2018-01-07', 'Advertisement', 19614.4, 'DGHS-', 7, 0),
(65, 59, '2018-01-08', 11, 'LB-1835143', '2018-01-09', '2018-01-08', 'Advertisement', 18388.5, 'LGED-B-02', 11, 0),
(66, 60, '2018-01-08', 53, 'RD-1832616', '2018-01-09', '2018-01-08', 'Advertisement', 12259, 'RHD-F-11', 24, 0),
(67, 61, '2018-01-08', 54, 'BG-183524', '2018-01-09', '2018-01-08', 'Advertisement', 16549.7, 'BCG-03', 8, 0),
(68, 62, '2018-01-08', 55, 'EM-183317', '2018-01-09', '2018-01-08', 'Advertisement', 80077.3, 'Police HQ Supllement', 34, 0),
(69, 63, '2018-01-08', 56, 'LL-183103', '2018-01-09', '2018-01-08', 'Advertisement', 19614.4, 'U-LGED-P-01', 35, 0),
(70, 64, '2018-01-08', 39, 'BB-183825', '2018-01-09', '2018-01-08', 'Advertisement', 33312.5, 'BB-107', 3, 0),
(71, 66, '2018-01-09', 57, 'LL-183190', '2018-01-10', '2018-01-09', 'Advertisement', 18388.5, 'LGED-46/1(12)', 36, 0),
(72, 67, '2018-01-09', 39, 'BB-183825', '2018-01-10', '2018-01-09', 'Advertisement', 23985, 'BB-139', 3, 0),
(73, 69, '2018-01-09', 58, 'EZ-1834034', '2018-01-10', '2018-01-09', 'Advertisement', 17162.6, 'EED-BG-01', 37, 0),
(74, 70, '2018-01-09', 59, 'PD-1834656', '2018-01-10', '2018-01-09', 'Advertisement', 11033.1, 'PWD-Mirpur-1527', 27, 0),
(75, 71, '2018-01-09', 60, 'BA-183496', '2018-01-10', '2018-01-09', 'Advertisement', 12872, 'BHTPA-204', 8, 0),
(76, 72, '2018-01-09', 61, 'DE-1835240', '2018-01-10', '2018-01-09', 'Advertisement', 49036, 'DSHE-1978', 12, 0),
(77, 73, '2018-01-09', 15, 'CB-1833140', '2018-01-10', '2018-01-09', 'Advertisement', 21624.9, 'CUTE-02', 2, 0),
(78, 74, '2018-01-10', 62, 'EE-183218', '2018-01-10', '2018-01-09', 'Advertisement', 9194.25, 'EED-M-04', 30, 0),
(79, 75, '2018-01-10', 63, 'LB-18347', '2018-01-11', '2018-01-10', 'Advertisement', 18388.5, 'L:GED-B-01', 11, 0),
(80, 76, '2018-01-10', 9, 'JC-1832950', '2018-01-11', '2018-01-10', 'Advertisement', 12872, 'JUST-792(2)', 9, 0),
(81, 77, '2018-01-10', 64, 'DM-18387', '2018-01-11', '2018-01-10', 'Advertisement', 19614.4, 'DM-01', 8, 0),
(82, 78, '2018-01-10', 35, 'BB-1834954', '2018-01-11', '2018-01-10', 'Advertisement', 29421.6, 'BWDB-340', 28, 0),
(83, 79, '2018-01-10', 65, 'DP-1831752', '2018-01-11', '2018-01-10', 'Advertisement', 109265, 'DFP-Homecomming Day-05', 38, 0),
(84, 80, '2018-01-10', 66, 'PP-1832514', '2018-01-11', '2018-01-10', 'Advertisement', 7355.4, 'PWD-B-01', 39, 0),
(85, 81, '2018-01-10', 67, 'NP-1832937', '2018-01-11', '2018-01-10', 'Advertisement', 19614.4, 'Natore-pourashava-01', 40, 0),
(86, 82, '2018-01-10', 68, 'HD-1833355', '2018-01-11', '2018-01-10', 'Advertisement', 29421.6, 'HED-01', 14, 0),
(87, 83, '2018-01-10', 69, 'PA-1833742', '2018-01-11', '2018-01-10', 'Advertisement', 6000, 'Notol Motor-01', 2, 0),
(88, 84, '2018-01-11', 70, 'IF-1834321', '2018-01-12', '2018-01-11', 'Advertisement', 11033.1, 'IF-01', 8, 0),
(89, 85, '2018-01-11', 71, 'BA-1834634', '2018-01-12', '2018-01-11', 'Advertisement', 61295, 'BEZA-2939', 14, 0),
(90, 86, '2018-01-11', 72, 'LL-1835114', '2018-01-12', '2018-01-11', 'Advertisement', 9807.2, 'U-LGED-S-01', 41, 0),
(91, 88, '2018-01-11', 23, 'BB-1833719', '2018-01-12', '2018-01-11', 'Advertisement', 19307.9, 'BPDB-770', 21, 0),
(92, 89, '2018-01-11', 74, 'LK-183243', '2018-01-12', '2018-01-11', 'Advertisement', 11033.1, 'U-LGED-K-01', 42, 0),
(93, 90, '2018-01-11', 39, 'BB-183825', '2018-01-12', '2018-01-11', 'others', 7355.4, 'BB-193', 3, 0),
(94, 92, '2018-01-11', 75, 'LH-1831333', '2018-01-12', '2018-01-11', 'Advertisement', 74657.3, 'Winter Health-01', 7, 0),
(95, 93, '2018-01-12', 39, 'BB-183825', '2018-01-12', '2018-01-11', 'Advertisement', 7995, 'BB-216', 3, 0),
(96, 98, '2018-01-13', 78, 'PD-183363', '2018-01-14', '2018-01-13', 'Advertisement', 7355.4, 'PWD-B-01', 44, 0),
(97, 94, '2018-01-12', 76, 'UP-1833244', '2018-01-14', '2018-01-12', 'Advertisement', 21131.2, 'UAP-01', 43, 0),
(98, 95, '2018-01-12', 65, 'DP-1831752', '2018-01-14', '2018-01-12', 'others', 316868, 'DFP-Supplement-06', 38, 0),
(99, 96, '2018-01-12', 77, 'TA-1831858', '2018-01-14', '2018-01-12', 'Advertisement', 22066.2, 'T-AD-01', 4, 0),
(100, 99, '2018-01-13', 79, 'DD-1834831', '2018-01-14', '2018-01-13', 'Advertisement', 5516.55, 'DPHE-01', 13, 0),
(101, 100, '2018-01-13', 80, 'RZ-183023', '2018-01-14', '2018-01-13', 'Advertisement', 14710.8, 'RHD-R-01', 10, 0),
(102, 101, '2018-01-14', 81, 'RZ-1832250', '2018-01-15', '2018-01-14', 'Advertisement', 14710.8, 'RHD-S-01', 16, 0),
(103, 102, '2018-01-14', 82, 'SM-1832559', '2018-01-15', '2018-01-14', 'Advertisement', 24518, 'SPM-010', 14, 0),
(104, 103, '2018-01-14', 83, '1B-1834017', '2018-01-15', '2018-01-14', 'Advertisement', 29421.6, 'ABPN-236', 7, 0),
(105, 104, '2018-01-14', 84, 'RD-1834551', '2018-01-15', '2018-01-14', 'Advertisement', 9194.25, 'RHD', 45, 0),
(106, 105, '2018-01-14', 85, 'PM-1835031', '2018-01-15', '2018-01-14', 'Advertisement', 14710.8, 'SP-01', 13, 0),
(107, 106, '2018-01-14', 86, 'JL-183587', '2018-01-15', '2018-01-14', 'Advertisement', 10000, 'JM-01', 45, 0),
(108, 108, '2018-01-14', 87, 'EA-1831023', '2018-01-15', '2018-01-14', 'Advertisement', 500, 'EA-01', 45, 0),
(109, 109, '2018-01-15', 58, 'EZ-1834034', '2018-01-15', '2018-01-15', 'Advertisement', 17162.6, 'EED-510', 37, 0),
(110, 110, '2018-01-15', 88, 'LL-1832922', '2018-01-16', '2018-01-15', 'Advertisement', 7355.4, 'lged-02', 6, 0),
(111, 111, '2018-01-15', 89, 'RD-1834511', '2018-01-16', '2018-01-15', 'Advertisement', 12259, 'RHD-KH-01', 5, 0),
(112, 112, '2018-01-15', 90, 'GP-183485', '2018-01-16', '2018-01-15', 'Advertisement', 9194.25, 'GDP-JS-01', 25, 0),
(113, 113, '2018-01-15', 91, 'GC-183507', '2018-01-16', '2018-01-15', 'Advertisement', 12872, 'GC-01', 46, 0),
(114, 114, '2018-01-15', 92, 'CA-1835619', '2018-01-16', '2018-01-15', 'Advertisement', 13791.4, 'CPA-01', 47, 0),
(115, 115, '2018-01-16', 93, 'PP-18330', '2018-01-16', '2018-01-15', 'Advertisement', 12872, 'PWD-M-01', 48, 0),
(116, 117, '2018-01-16', 35, 'BB-1834954', '2018-01-16', '2018-01-15', 'Advertisement', 12872, 'BWDB-354', 28, 0),
(117, 118, '2018-01-16', 45, 'BA-1831159', '2018-01-16', '2018-01-15', 'Advertisement', 14710.8, 'BIWTA-02', 28, 0),
(118, 119, '2018-01-16', 94, 'DD-1831253', '2018-01-17', '2018-01-16', 'Advertisement', 13484.9, 'DPHE-Si-01', 49, 0),
(119, 120, '2018-01-16', 95, 'L-1831847', '2018-01-17', '2018-01-16', 'Advertisement', 22066.2, 'LGED-343', 8, 0),
(120, 121, '2018-01-16', 96, 'ME-1832136', '2018-01-17', '2018-01-16', 'Advertisement', 19614.4, 'BFDC-01', 45, 0),
(121, 122, '2018-01-16', 38, 'DF-183437', '2018-01-17', '2018-01-16', 'Advertisement', 15323.8, 'DGF-02', 28, 0),
(122, 123, '2018-01-16', 97, 'DP-1833016', '2018-01-17', '2018-01-16', 'Advertisement', 73554, 'DGFP-01', 14, 0),
(123, 124, '2018-01-17', 98, 'DP-1831752', '2018-01-18', '2018-01-17', 'Advertisement', 12259, 'DFP-N-Ad-01', 38, 0),
(124, 125, '2018-01-17', 99, 'DD-1833939', '2018-01-18', '2018-01-17', 'Advertisement', 5516.55, 'DPHE-C-01', 47, 0),
(125, 126, '2018-01-17', 100, 'LL-1834157', '2018-01-18', '2018-01-17', 'Advertisement', 12872, 'LGED-131', 5, 0),
(126, 127, '2018-01-17', 101, 'T-1834443', '2018-01-18', '2018-01-17', 'Advertisement', 14710.8, 'RPI-01', 5, 0),
(127, 128, '2018-01-17', 102, 'RD-183037', '2018-01-18', '2018-01-17', 'Advertisement', 11033.1, 'RHD-M-01', 30, 0),
(128, 65, '2018-01-09', 343, 'BL-184928', '2018-01-17', '2018-01-09', 'Advertisement', 22066.2, 'BCIC-376', 28, 0),
(129, 129, '2018-01-17', 103, 'RD-183440', '2018-01-18', '2018-01-17', 'Advertisement', 12872, 'RHD-79', 41, 0),
(130, 130, '2018-01-17', 104, 'SP-1834511', '2018-01-18', '2018-01-17', 'Advertisement', 18388.5, 'SP-N-01', 40, 0),
(131, 131, '2018-01-17', 92, 'CA-1835619', '2018-01-18', '2018-01-17', 'Advertisement', 22066.2, 'CPA-02', 47, 0),
(132, 132, '2018-01-17', 105, 'PS-1834952', '2018-01-18', '2018-01-17', 'Advertisement', 29421.6, 'PS-F-181', 36, 0),
(133, 133, '2018-01-17', 106, 'DP-1835241', '2018-01-18', '2018-01-17', 'Advertisement', 100524, 'DZP-01', 45, 0),
(134, 134, '2018-01-17', 107, 'PP-1835456', '2018-01-18', '2018-01-17', 'Advertisement', 27582.8, 'PWD-CD-49', 50, 0),
(135, 135, '2018-01-17', 54, 'BG-183524', '2018-01-18', '2018-01-17', 'Advertisement', 16549.7, 'BCG-16', 14, 0),
(136, 136, '2018-01-17', 108, 'LF-183038', '2018-01-18', '2018-01-17', 'Advertisement', 34325.2, 'LGED-FP-01', 51, 0),
(137, 137, '2018-01-18', 29, 'PH-1831753', '2018-01-18', '2018-01-17', '1', 42661.3, 'PH-AIG-59', 14, 0),
(138, 138, '2018-01-18', 109, 'LL-1832441', '2018-01-19', '2018-01-18', '1', 24518, 'LEGE-RM-01', 52, 0),
(139, 139, '2018-01-18', 8, 'MD-1832648', '2018-01-19', '2018-01-18', '1', 6252.09, 'COMB-1027', 8, 0),
(140, 140, '2018-01-18', 110, 'LL-1835357', '2018-01-19', '2018-01-18', '1', 17162.6, 'U-LGED-IM-01', 48, 0),
(141, 141, '2018-01-18', 111, 'TL-1835924', '2018-01-19', '2018-01-18', '1', 55165.5, 'TGTDCL-01', 14, 0),
(142, 142, '2018-01-18', 112, 'LL-183327', '2018-01-19', '2018-05-18', '1', 9194.25, 'LGED-JD-01', 53, 0),
(143, 143, '2018-01-18', 39, 'BB-183825', '2018-01-19', '2018-01-18', 'Advertisement', 7355.4, 'BB-296', 3, 0),
(144, 146, '2018-01-18', 115, 'RR-183439', '2018-01-19', '2018-01-18', '1', 14710.8, 'RHD-P-01', 45, 0),
(145, 144, '2018-01-18', 113, 'RR-1835441', '2018-01-19', '2018-01-18', '1', 11033.1, 'RHD-FP-01', 51, 0),
(146, 145, '2018-01-18', 114, 'UP-183587', '2018-01-19', '2018-01-18', '1', 29421.6, 'UPN-23/01(60)', 54, 0),
(147, 147, '2018-01-18', 116, 'NU-18397', '2018-01-19', '2018-01-18', '1', 18388.5, 'NUB-23', 46, 0),
(148, 148, '2018-01-19', 45, 'BA-1831159', '2018-01-20', '2018-01-19', '1', 14710.8, 'BIWTA-4', 28, 0),
(149, 149, '2018-01-19', 117, 'RR-183134', '2018-01-20', '2018-01-19', '1', 14710.8, 'RHD-BS-01', 39, 0),
(150, 150, '2018-01-19', 118, 'CR-183159', '2018-01-20', '2018-01-19', '1', 12259, 'CR-C-S(18)(19)', 47, 0),
(151, 151, '2018-01-19', 119, 'PC-1831733', '2018-01-20', '2018-01-19', '1', 30647.5, 'PTC-01', 10, 0),
(152, 152, '2018-01-19', 120, 'PP-1831917', '2018-01-20', '2018-01-19', '1', 11033.1, 'PWD-KH-01', 5, 0),
(153, 153, '2018-01-19', 121, 'LS-1833730', '2018-01-20', '2018-01-19', '1', 17162.6, 'LGED,S-M-01', 30, 0),
(154, 154, '2018-01-19', 49, 'LS-1833139', '2018-01-20', '2018-01-19', '1', 24518, 'LGED-D-01', 22, 0),
(155, 155, '2018-01-19', 122, 'RR-1834714', '2018-01-20', '2018-01-19', '1', 26969.8, 'BR', 26, 0),
(156, 156, '2018-01-20', 56, 'LL-183103', '2018-01-21', '2018-01-20', '1', 18388.5, 'LGED-P-1999', 35, 0),
(157, 157, '2018-01-20', 23, 'BB-1833719', '2018-01-21', '2018-01-20', 'Advertisement', 9194.25, 'BPDB-786', 21, 0),
(158, 158, '2018-01-20', 23, 'BB-1833719', '2018-01-21', '2018-01-20', 'Advertisement', 11033.1, 'BPDB-784', 21, 0),
(159, 159, '2018-01-20', 23, 'BB-1833719', '2018-01-21', '2018-01-20', 'Advertisement', 13791.4, 'BPDB-Ranpur-792', 21, 0),
(160, 160, '2018-01-21', 123, 'LL-183560', '2018-01-22', '2018-01-21', '1', 11033.1, 'LGED-B-S-01', 41, 0),
(161, 161, '2018-01-21', 52, 'BB-1831734', '2018-01-22', '2018-01-21', 'Advertisement', 33099.3, 'BREB-02', 7, 0),
(162, 162, '2018-01-21', 124, 'C-18336', '2018-01-22', '2018-01-21', '2', 158434, 'CHTDB-01', 45, 0),
(163, 163, '2018-01-21', 125, 'GP-183431', '2018-01-22', '2018-01-21', '1', 25743.9, 'GPP-01', 55, 0),
(164, 164, '2018-01-22', 126, 'LL-183946', '2018-01-23', '2018-01-22', '1', 17162.6, 'LGED-D-M-01', 56, 0),
(165, 165, '2018-01-22', 127, 'LL-1831327', '2018-01-23', '2018-01-22', '1', 14710.8, 'LGED-D-S-01', 49, 0),
(166, 166, '2018-01-22', 22, 'NC-1832053', '2018-01-23', '2018-01-22', 'Advertisement', 14710.8, 'Page-04', 20, 0),
(167, 167, '2018-01-22', 128, 'MW-1832054', '2018-01-23', '2018-01-22', '1', 5516.55, 'MHPW-01', 12, 0),
(168, 168, '2018-01-22', 129, 'PD-1832816', '2018-01-23', '2018-01-22', '1', 14710.8, ' PWD-D-A-', 14, 0),
(169, 169, '2018-01-22', 8, 'MD-1832648', '2018-01-23', '2018-01-22', 'Advertisement', 17162.6, 'DW,WD-1035', 8, 0),
(170, 170, '2018-01-22', 130, 'BA-1833155', '2018-01-23', '2018-01-22', 'Advertisement', 49036, 'BEZA-153(2)', 14, 0),
(171, 171, '2018-01-23', 131, 'ME-183354', '2018-01-24', '2018-01-23', '1', 1500, 'MDE-01', 47, 0),
(172, 172, '2018-01-23', 132, 'NC-1833647', '2018-01-24', '2018-01-23', '1', 24518, 'NSC-11', 12, 0),
(173, 173, '2018-01-23', 133, 'LL-1833918', '2018-01-24', '2018-01-23', '1', 18388.5, 'LGED-R-01', 10, 0),
(174, 174, '2018-01-23', 134, 'DE-1834128', '2018-01-24', '2018-01-23', '1', 33099.3, 'DPE-1030', 27, 0),
(175, 175, '2018-01-23', 135, 'LP-1834451', '2018-01-24', '2018-01-23', '1', 22066.2, 'LGED-D-N-24', 57, 0),
(176, 176, '2018-01-23', 136, 'LL-1834727', '2018-01-24', '2018-01-23', '1', 49036, 'LGED-S-01', 58, 0),
(177, 186, '2018-01-24', 144, 'LL-1831656', '2018-01-25', '2018-01-24', '1', 17162.6, 'LGED-C-C-01', 59, 0),
(178, 177, '2018-01-23', 137, 'PP-1835327', '2018-01-25', '2018-01-23', '1', 14710.8, 'PWD-CG-01', 47, 0),
(179, 178, '2018-01-23', 138, 'BB-1835519', '2018-01-25', '2018-01-23', '1', 12259, 'B-Betar-595', 27, 0),
(180, 179, '2018-01-23', 139, 'BS-1835721', '2018-01-25', '2018-01-23', '1', 14710.8, 'BBS-01', 8, 0),
(181, 180, '2018-01-23', 23, 'BB-1833719', '2018-01-25', '2018-01-23', 'Advertisement', 16549.7, 'BPDB-802', 21, 0),
(182, 181, '2018-01-23', 140, 'DP-183145', '2018-01-25', '2018-01-23', '1', 18388.5, 'TP-DIG-273', 12, 0),
(183, 182, '2018-01-23', 141, '1B-183447', '2018-01-25', '2018-01-23', '1', 29421.6, 'APBN-11-343', 7, 0),
(184, 183, '2018-01-23', 142, 'PD-183854', '2018-01-25', '2018-01-23', '1', 39228.8, 'PWD-D4', 12, 0),
(185, 184, '2018-01-23', 143, 'DF-1831236', '2018-01-25', '2018-01-23', '1', 34938.1, 'DOF-139', 14, 0),
(186, 185, '2018-01-23', 39, 'BB-183825', '2018-01-25', '2018-01-23', 'Advertisement', 61295, 'BB-376', 3, 0),
(187, 187, '2018-01-24', 145, 'LL-1832028', '2018-01-25', '2018-01-24', '1', 19614.4, 'LGED-B-A-01', 41, 0),
(188, 188, '2018-01-24', 146, 'RR-1832233', '2018-01-25', '2018-01-24', '1', 19614.4, 'RHD-D-R-01', 60, 0),
(189, 189, '2018-01-24', 35, 'BB-1834954', '2018-01-25', '2018-01-24', 'Advertisement', 16549.7, 'BWDB-377', 28, 0),
(190, 190, '2018-01-24', 8, 'MD-1832648', '2018-01-25', '2018-01-24', 'Advertisement', 11033.1, 'ECSME-1041', 8, 0),
(191, 196, '2018-01-24', 151, 'LL-183946', '2018-01-25', '2018-01-24', '1', 14710.8, 'LGED-SH-01', 61, 0),
(192, 191, '2018-01-24', 147, 'DC-1833012', '2018-01-25', '2018-01-24', '1', 16549.7, 'DNCC-33', 7, 0),
(193, 192, '2018-01-24', 148, 'LL-1835532', '2018-01-25', '2018-01-24', '1', 12259, 'U-LGED-SH-N', 61, 0),
(194, 193, '2018-01-24', 149, 'LL-183217', '2018-01-25', '2018-01-24', '1', 17162.6, 'U-LGED-CO-M', 59, 0),
(195, 194, '2018-01-24', 150, 'PD-183544', '2018-01-25', '2018-01-24', '1', 12872, 'PWD-CH-766', 47, 0),
(196, 195, '2018-01-24', 45, 'BA-1831159', '2018-01-25', '2018-01-24', '1', 12872, 'BIWTA-5', 28, 0),
(197, 197, '2018-01-24', 152, 'EE-183128', '2018-01-25', '2018-01-24', '1', 19614.4, 'EED-NAO-01', 62, 0),
(198, 198, '2018-01-24', 142, 'PD-183854', '2018-01-25', '2018-01-24', 'Advertisement', 39228.8, 'PWD-277(4)', 12, 0),
(199, 206, '2018-01-25', 158, 'MB-1835030', '2018-01-26', '2018-01-25', '1', 22066.2, 'MRTB-RTHD756', 12, 0),
(200, 199, '2018-01-25', 153, 'LS-1831745', '2018-01-26', '2018-01-25', 'Advertisement', 19614.4, 'LGED-SS-01', 16, 0),
(201, 200, '2018-01-25', 154, 'LL-1831956', '2018-01-26', '2018-01-25', 'Advertisement', 31873.4, 'LGED-B-01', 37, 0),
(202, 201, '2018-01-25', 155, 'EZ-1832332', '2018-01-26', '2018-01-25', '1', 24518, 'EED-C-C-01', 59, 0),
(203, 202, '2018-01-25', 93, 'PP-18330', '2018-01-26', '2018-01-25', '1', 14710.8, 'PWD-M-M-01', 48, 0),
(204, 203, '2018-01-25', 156, 'PP-1833241', '2018-01-26', '2018-01-25', '1', 4903.6, 'PWD-D2-01', 12, 0),
(205, 204, '2018-01-25', 23, 'BB-1833719', '2018-01-26', '2018-01-25', 'Advertisement', 19307.9, 'BPDB-813', 21, 0),
(206, 238, '2018-01-29', 139, 'BS-1835721', '2018-01-30', '2018-01-29', '1', 11033.1, 'BBS-ODANP-02', 8, 0),
(207, 205, '2018-01-25', 157, 'LL-1833757', '2018-01-26', '2018-01-25', '1', 7355.4, 'LGED-S-M-R', 30, 0),
(208, 207, '2018-01-25', 159, 'RD-1835450', '2018-01-26', '2018-01-25', '1', 12259, 'RHD-D-NG-71', 57, 0),
(209, 239, '2018-01-29', 181, 'S,-183940', '2018-01-30', '2018-01-29', '1', 11033.1, 'LGED-SRTIP-2227', 26, 0),
(210, 240, '2018-01-29', 182, 'LL-1833530', '2018-01-30', '2018-01-29', '1', 17162.6, 'LGED-RTT-01', 64, 0),
(211, 208, '2018-01-25', 96, 'ME-1832136', '2018-01-26', '2018-01-25', 'Advertisement', 17162.6, 'MOLE-02', 45, 0),
(212, 241, '2018-01-29', 130, 'BA-1833155', '2018-01-30', '2018-01-29', 'Advertisement', 49036, 'BEZA-3081', 14, 0),
(213, 209, '2018-01-26', 160, 'PD-183167', '2018-01-27', '2018-01-26', '1', 14710.8, 'PWD-M-J', 63, 0),
(214, 242, '2018-01-29', 183, 'LL-1834724', '2018-01-30', '2018-01-29', '1', 14710.8, 'LGED-S-B-38/1(18)', 49, 0),
(215, 210, '2018-01-26', 161, 'PS-183200', '2018-01-27', '2018-01-26', '1', 24518, 'PS-C-C-399/1(250/1', 47, 0),
(216, 243, '2018-01-29', 184, 'LL-1835240', '2018-01-30', '2018-01-29', '1', 19614.4, 'LGED,SP-01', 66, 0),
(217, 211, '2018-01-26', 162, 'LL-1832151', '2018-01-27', '2018-01-26', '1', 14710.8, 'Page-05', 19, 0),
(218, 244, '2018-01-29', 39, 'BB-183825', '2018-01-30', '2018-01-29', 'Advertisement', 72454.7, 'BB-385', 3, 0),
(219, 245, '2018-01-30', 39, 'BB-183825', '2018-01-30', '2018-01-29', 'Advertisement', 9993.75, 'BB-461', 3, 0),
(220, 212, '2018-01-26', 163, 'SP-183445', '2018-01-27', '2018-01-26', '1', 7355.4, 'SDP-235/3', 61, 0),
(221, 213, '2018-01-26', 164, 'MA-18382', '2018-01-27', '2018-01-26', '', 13791.4, 'KBM-01', 33, 0),
(222, 246, '2018-01-30', 185, 'RR-1833430', '2018-01-31', '2018-01-30', '1', 11033.1, 'RHD-C-Ch-01', 47, 0),
(223, 214, '2018-01-26', 165, 'SI-1831430', '2018-01-27', '2018-01-26', '2', 17250, 'SBI-01', 45, 0),
(224, 215, '2018-01-27', 166, 'ZP-1831513', '2018-01-28', '2018-01-27', '1', 29421.6, 'ZP-D-NG-01', 57, 0),
(225, 216, '2018-01-27', 23, 'BB-1833719', '2018-01-28', '2018-01-27', 'Advertisement', 13791.4, 'BPDB-819', 21, 0),
(226, 217, '2018-01-27', 23, 'BB-1833719', '2018-01-28', '2018-01-27', 'Advertisement', 38615.9, 'BPDB-821', 21, 0),
(227, 218, '2018-01-27', 23, 'BB-1833719', '2018-01-28', '2018-01-27', 'Advertisement', 24824.5, 'BPDB-824', 21, 0),
(228, 219, '2018-01-27', 167, 'RR-1832339', '2018-01-28', '2018-01-27', '1', 17162.6, 'RHD-R-R-01', 26, 0),
(229, 247, '2018-01-30', 186, 'ZP-183377', '2018-01-31', '2018-01-30', '1', 9194.25, 'ZP-K-K-K-01', 16, 0),
(230, 248, '2018-01-30', 92, 'CA-1835619', '2018-01-31', '2018-01-30', 'Advertisement', 11033.1, 'CPA-44/18', 47, 0),
(231, 220, '2018-01-27', 168, 'LL-1835314', '2018-01-28', '2018-01-27', '1', 24518, 'LGED,B-B', 55, 0),
(232, 221, '2018-01-27', 169, 'LL-1835612', '2018-01-28', '2018-01-27', '1', 18388.5, 'LGED-R-N', 40, 0),
(233, 249, '2018-01-30', 44, 'PD-183957', '2018-01-31', '2018-01-30', 'Advertisement', 9194.25, 'PWD-Ch-C-158', 31, 0),
(234, 250, '2018-01-30', 187, 'LL-183447', '2018-01-31', '2018-01-30', '1', 24518, 'LGED-K-CH-01', 50, 0),
(235, 222, '2018-01-28', 170, 'LL-1835944', '2018-01-29', '2018-01-28', '1', 17162.6, 'LGED-K-J-01', 53, 0),
(236, 251, '2018-01-30', 188, 'BP-1834638', '2018-01-31', '2018-01-30', '1', 24518, 'BP,Pabna-01', 66, 0),
(237, 223, '2018-01-28', 8, 'MD-1832648', '2018-01-29', '2018-01-28', 'Advertisement', 9807.2, 'AHD-1048', 8, 0),
(238, 224, '2018-01-28', 171, 'LL-183954', '2018-01-29', '2018-01-28', '1', 67477.8, 'LGED-B-P-N', 45, 0),
(239, 252, '2018-01-30', 189, 'LL-1831120', '2018-01-31', '2018-01-30', '1', 17162.6, 'LGED-S-J-01', 63, 0),
(240, 225, '2018-01-28', 172, 'LL-183153', '2018-01-29', '2018-01-28', '1', 14710.8, 'U-LGED-R-T-01', 64, 0),
(241, 253, '2018-01-30', 190, 'LL-1831324', '2018-01-31', '2018-01-30', '1', 24518, 'LGED-B-B-01', 39, 0),
(242, 254, '2018-01-30', 191, 'EZ-1831859', '2018-01-31', '2018-01-30', '1', 22066.2, 'EED-D-MP-01', 56, 0),
(243, 226, '2018-01-28', 173, 'PD-1832638', '2018-01-29', '2018-01-28', '1', 7355.4, 'PWD-EM-WD-01', 8, 0),
(244, 255, '2018-01-30', 8, 'MD-1832648', '2018-01-31', '2018-01-30', 'Advertisement', 7355.4, 'ISPR-SSC-1062', 8, 0),
(245, 256, '2018-01-30', 52, 'BB-1831734', '2018-01-31', '2018-01-30', 'Advertisement', 13791.4, 'BREB-D-01', 7, 0),
(246, 227, '2018-01-28', 174, 'DD-1832858', '2018-01-29', '2018-01-28', '1', 22066.2, 'BNCC-DG-01', 7, 0),
(247, 257, '2018-01-30', 192, 'NL-1832937', '2018-01-31', '2018-01-30', '5', 45000, 'NACPL-', 4, 0),
(248, 258, '2018-01-30', 193, 'NP-1833343', '2018-01-31', '2018-01-30', '1', 42661.3, 'BSB-NHD-01', 8, 0),
(249, 228, '2018-01-28', 175, 'CP-183339', '2018-01-29', '2018-01-28', '1', 6129.5, 'CFS-B-P-323', 55, 0),
(250, 259, '2018-01-30', 8, 'MD-1832648', '2018-01-31', '2018-01-30', 'Advertisement', 7355.4, 'ISPR-RJC-BIRC-1065', 8, 0),
(251, 229, '2018-01-28', 52, 'BB-1831734', '2018-01-29', '2018-01-28', 'Advertisement', 38615.9, 'BREB-01', 7, 0),
(252, 260, '2018-01-31', 75, 'LH-1831333', '2018-02-01', '2018-01-31', 'Advertisement', 24518, 'HEB-LSAHEP-02', 7, 0),
(253, 230, '2018-01-29', 176, 'BU-1833950', '2018-01-30', '2018-01-29', '1', 24518, 'BSMMU-1014', 14, 0),
(254, 261, '2018-01-31', 145, 'LL-1832028', '2018-02-01', '2018-01-31', 'Advertisement', 14710.8, 'LGED-C-B-A-02', 41, 0),
(255, 231, '2018-01-29', 95, 'L-1831847', '2018-01-30', '2018-01-29', 'Advertisement', 24518, 'LGED-Dhaka-01', 8, 0),
(256, 262, '2018-01-31', 194, 'EE-1835945', '2018-02-01', '2018-01-31', '1', 14710.8, 'EED-D-N-01', 19, 0),
(257, 232, '2018-01-29', 177, 'SH-1834729', '2018-01-30', '2018-01-29', '1', 29421.6, 'SMCH-01', 16, 0),
(258, 233, '2018-01-29', 178, 'LL-1835049', '2018-01-30', '2018-01-29', '1', 36777, 'U-LGED-CCB-79(15)', 65, 0),
(259, 234, '2018-01-29', 35, 'BB-1834954', '2018-01-30', '2018-01-29', 'Advertisement', 11033.1, 'BIWTA-Gopalganj-390', 28, 0),
(260, 263, '2018-01-31', 195, 'C-18359', '2018-02-01', '2018-01-31', '1', 12259, 'CCC-CH-01', 47, 0),
(261, 235, '2018-01-29', 179, 'LL-1835641', '2018-01-31', '2018-01-30', '1', 11033.1, 'KJM-01', 55, 0),
(262, 264, '2018-01-31', 196, 'CB-1831839', '2018-02-01', '2018-01-31', '1', 19614.4, 'CP-CH-C-C-01', 29, 0),
(263, 265, '2018-01-31', 29, 'PH-1831753', '2018-02-01', '2018-01-31', 'Advertisement', 12872, 'PH-DIG-L-362', 14, 0),
(264, 236, '2018-01-29', 27, 'WW-183945', '2018-01-30', '2018-01-29', 'Advertisement', 7355.4, 'WASA-D-44', 14, 0),
(265, 237, '2018-01-29', 180, 'LL-183147', '2018-01-30', '2018-01-29', '1', 17162.6, 'LGED-D-G-01', 46, 0),
(266, 266, '2018-01-31', 197, 'RR-1832231', '2018-02-01', '2018-01-31', '1', 12872, 'RHD-CH-L-01', 67, 0),
(267, 267, '2018-01-31', 198, 'LL-1833632', '2018-02-01', '2018-01-31', '1', 12872, 'LGED-RG-D-C-01', 22, 0),
(268, 268, '2018-01-31', 199, 'PD-1833937', '2018-02-01', '2018-01-31', '1', 14710.8, 'PWD-S-M-01', 30, 0),
(269, 269, '2018-01-31', 200, 'PS-1834129', '2018-02-01', '2018-01-31', '1', 14710.8, 'SP-CH-B-HT-346/1 (19)/1', 11, 0),
(270, 270, '2018-01-31', 201, 'LL-1834846', '2018-02-01', '2018-01-31', '1', 24518, 'LGED-S-B-01', 37, 0),
(271, 271, '2018-01-31', 202, 'FD-183560', '2018-02-01', '2018-01-31', '1', 7355.4, 'SFD-B-160', 39, 0),
(272, 272, '2018-01-31', 203, 'DL-1835921', '2018-02-01', '2018-01-31', '5', 26250, 'DCSML-FS-01', 45, 0),
(273, 273, '2018-01-31', 204, 'PP-1831418', '2018-02-01', '2018-01-31', '1', 17162.6, 'PWD-J-01', 15, 0),
(274, 274, '2018-02-01', 205, 'RR-1832443', '2018-02-02', '2018-02-01', '1', 18388.5, 'RHD-Mirpur-112(2)/1(15)', 27, 0),
(275, 275, '2018-02-01', 206, 'PD-1833351', '2018-02-02', '2018-02-01', '1', 9194.25, 'PWD-Savar-1183', 45, 0),
(276, 276, '2018-02-01', 207, 'PL-1833651', '2018-02-02', '2018-02-01', '1', 19307.9, 'PIL-CH-646', 45, 0),
(277, 277, '2018-01-02', 31, 'PC-1833021', '2018-02-03', '2018-02-02', 'Advertisement', 14710.8, 'PWD-K-J-01', 24, 0),
(278, 278, '2018-02-01', 208, 'LL-18473', '2018-02-02', '2018-02-01', '1', 19614.4, 'LGED-B-B', 68, 0),
(279, 279, '2018-02-02', 209, 'DD-1841130', '2018-02-03', '2018-02-02', '1', 12259, 'DPHE-CH-Ch-651', 69, 0),
(280, 280, '2018-02-01', 210, 'RR-184214', '2018-02-02', '2018-02-01', '1', 24518, 'RHD-B-J-01', 70, 0),
(281, 281, '2018-05-05', 211, 'DC-1845436', '2018-05-06', '2018-05-05', '1', 73554, 'Demo123', 41, 0),
(282, 282, '2018-02-01', 29, 'PH-1831753', '2018-02-02', '2018-02-01', 'Advertisement', 18388.5, 'PH-AIG-05', 14, 0),
(283, 283, '2018-02-01', 212, 'EZ-1845741', '2018-02-02', '2018-02-01', '1', 7355.4, 'EED-MY-587', 48, 0),
(284, 284, '2018-02-01', 185, 'RR-1833430', '2018-02-02', '2018-02-01', '1', 12872, 'RHD-CH-02', 47, 0),
(285, 285, '2018-02-01', 23, 'BB-1833719', '2018-02-02', '2018-02-01', '1', 11033.1, 'BPDB-845', 21, 0),
(286, 286, '2018-02-01', 167, 'RR-1832339', '2018-02-02', '2018-02-01', '1', 17162.6, 'RHD-RJ-02', 26, 0),
(287, 287, '2018-02-02', 213, 'PP-1841358', '2018-02-03', '2018-02-02', '1', 19614.4, 'PWD,-726', 56, 0),
(288, 288, '2018-02-01', 59, 'PD-1834656', '2018-02-02', '2018-02-01', '1', 11033.1, 'PWD-M-1729/9', 27, 0),
(289, 289, '2018-02-01', 59, 'PD-1834656', '2018-02-02', '2018-02-01', '1', 12872, 'PWD-EM-D-8-1618', 27, 0),
(290, 290, '2018-02-01', 214, 'PD-1842159', '2018-02-02', '2018-02-01', '1', 49036, 'PWD-MD-01', 45, 0),
(291, 291, '2018-02-01', 215, 'JL-184352', '2018-02-02', '2018-02-01', '1', 19614.4, 'JBL-DHAKA-01', 3, 0),
(292, 292, '2018-02-01', 35, 'BB-1834954', '2018-02-02', '2018-02-01', '1', 11033.1, 'BWDB-KH-409', 28, 0),
(293, 293, '2018-02-01', 216, 'LS-1845835', '2018-02-02', '2018-02-01', '1', 17162.6, 'LGED-M-N-01', 71, 0),
(294, 294, '2018-02-01', 217, 'PP-184220', '2018-02-02', '2018-02-01', '1', 24518, 'PWD-D-F-241/3', 51, 0),
(295, 295, '2018-02-01', 23, 'BB-1833719', '2018-02-02', '2018-02-01', '1', 13791.4, 'BPDB-CH-836', 21, 0),
(296, 296, '2018-02-02', 218, 'LL-184910', '2018-02-03', '2018-02-02', '1', 14710.8, 'LGED-D-MD-SH-01', 56, 0),
(297, 297, '2018-02-02', 219, 'NN-1841127', '2018-02-03', '2018-02-02', '1', 18388.5, 'NITOR-01', 8, 0),
(298, 298, '2018-02-02', 189, 'LL-1831120', '2018-02-03', '2018-02-02', '1', 14710.8, 'LGED-M-J-S-U-02', 63, 0),
(299, 299, '2018-02-02', 49, 'LS-1833139', '2018-02-03', '2018-02-02', '1', 24518, 'LGED-RG-D-03', 22, 0),
(300, 300, '2018-02-02', 220, 'BP-1842123', '2018-02-03', '2018-02-02', '1', 17162.6, 'BUP-01', 45, 0),
(301, 301, '2018-02-02', 221, 'LL-1843344', '2018-02-03', '2018-02-02', '1', 24518, 'LGED-CH-C-H-U-01', 73, 0),
(302, 302, '2018-02-02', 187, 'LL-183447', '2018-02-03', '2018-02-02', '1', 36777, 'LGED-K-CH-D-02', 50, 0),
(303, 303, '2018-02-02', 8, 'MD-1832648', '2018-02-03', '2018-02-02', '1', 17162.6, 'ISPR-MD-WD-10', 8, 0),
(304, 304, '2018-02-02', 48, 'GL-1832811', '2018-02-03', '2018-02-02', '1', 11033.1, 'GTCL-35', 8, 0),
(305, 305, '2018-02-02', 222, 'LL-1844340', '2018-02-03', '2018-02-02', '1', 11033.1, 'LGED-KH-CH-01', 50, 0),
(306, 306, '2018-02-02', 73, 'DP-1835452', '2018-02-03', '2018-02-02', '1', 7355.4, 'DGDP-02', 26, 0),
(307, 307, '2018-02-02', 223, 'LL-184254', '2018-02-03', '2018-02-02', '1', 12872, 'LGED-RG-L-01', 74, 0),
(308, 308, '2018-02-03', 117, 'RR-183134', '2018-02-04', '2018-02-03', '1', 9194.25, 'RHD-B-B-01', 39, 0),
(309, 309, '2018-02-03', 224, 'LL-184637', '2018-02-04', '2018-02-03', '1', 11033.1, 'LGED-KH-P-U-01', 5, 0),
(310, 310, '2018-02-03', 225, 'LL-184839', '2018-02-04', '2018-02-03', '1', 30647.5, 'LGED-K-CH-J-U-01', 50, 0),
(311, 311, '2018-02-03', 226, 'RR-1841041', '2018-02-04', '2018-02-03', '1', 19614.4, 'RHD-D-G-01', 46, 0),
(312, 312, '2018-02-03', 227, 'LL-184184', '2018-02-04', '2018-02-03', '1', 29421.6, 'LGED-B-J-01', 75, 0),
(313, 313, '2018-02-03', 228, 'DP-1842026', '2018-02-04', '2018-02-03', '2', 75065, 'DIP-01', 8, 0),
(314, 314, '2018-02-03', 229, 'HP-1843312', '2018-02-04', '2018-02-03', '1', 26969.8, 'HP-C-H-01', 73, 0),
(315, 315, '2018-02-03', 230, 'BP-184432', '2018-02-04', '2018-02-03', '1', 12872, 'BP-B-B-01', 39, 0),
(316, 316, '2018-02-03', 142, 'PD-183854', '2018-02-04', '2018-02-03', '1', 39228.8, 'PWD-D4-391(4)', 12, 0),
(317, 317, '2018-02-04', 45, 'BA-1831159', '2018-02-04', '2018-02-03', '1', 12872, 'BIWTA-05', 28, 0),
(318, 318, '2018-02-04', 231, 'LL-1844628', '2018-02-05', '2018-02-04', '1', 19614.4, 'LGED-CH-B-L-01', 11, 0),
(319, 319, '2018-02-04', 232, 'PD-1845611', '2018-02-05', '2018-02-04', '1', 22066.2, 'PWD-MK-176/43/(3)', 7, 0),
(320, 320, '2018-02-05', 233, 'BA-1845846', '2018-02-06', '2018-02-05', '1', 16549.7, 'BBA-157', 7, 0),
(321, 321, '2018-02-05', 234, 'LS-184113', '2018-02-06', '2018-02-05', '1', 14710.8, 'LGED-CH-C-U-01', 31, 0),
(322, 322, '2018-02-05', 235, 'LS-1841353', '2018-02-06', '2018-02-05', '1', 22066.2, 'LGED-CH-CD-01', 76, 0),
(323, 323, '2018-02-05', 236, 'LS-1842016', '2018-02-06', '2018-02-05', '1', 14710.8, 'LGED-B-P-P-01', 55, 0),
(324, 324, '2018-02-05', 144, 'LL-1831656', '2018-02-06', '2018-02-05', '1', 29421.6, 'LGED-CH-C-03', 59, 0),
(325, 325, '2018-02-05', 237, 'PT-184243', '2018-02-06', '2018-02-05', '1', 29421.6, 'SP-D-T-44', 77, 0),
(326, 326, '2018-02-05', 238, 'LL-184434', '2018-02-06', '2018-02-05', '1', 11033.1, 'LGED-M-N-K-U-01', 71, 0),
(327, 327, '2018-02-05', 239, 'P-184859', '2018-02-06', '2018-02-05', '1', 7355.4, 'PGCBL-RNG-01', 78, 0),
(328, 328, '2018-02-05', 118, 'CR-183159', '2018-02-06', '2018-02-05', '1', 9194.25, 'CR-CH-S(18)(37)', 47, 0),
(329, 329, '2018-02-05', 164, 'MA-18382', '2018-02-06', '2018-02-05', '1', 18388.5, 'MPA-978', 33, 0),
(330, 330, '2018-02-05', 52, 'BB-1831734', '2018-02-06', '2018-02-05', '1', 22066.2, 'BREB-', 7, 0),
(331, 331, '2018-02-06', 240, 'RR-1842647', '2018-02-07', '2018-02-06', '1', 12872, 'RHD-K-M-1112', 79, 0),
(332, 332, '2018-02-06', 227, 'LL-184184', '2018-02-07', '2018-02-06', '1', 12259, 'LGED-B-JH-02', 75, 0),
(333, 333, '2018-02-06', 45, 'BA-1831159', '2018-02-07', '2018-02-06', '1', 27582.8, 'BIWTA-06', 28, 0),
(334, 334, '2018-02-06', 199, 'PD-1833937', '2018-02-07', '2018-02-06', '1', 7355.4, 'PWD-S-MB-02', 30, 0),
(335, 335, '2018-02-06', 23, 'BB-1833719', '2018-02-07', '2018-02-06', '1', 13791.4, 'BPDB-Sylhet-859', 21, 0),
(336, 336, '2018-02-06', 241, 'LL-1843720', '2018-02-07', '2018-02-06', '1', 14710.8, 'LGED-CH-F-CH-U-01', 36, 0),
(337, 337, '2018-02-06', 242, 'LL-1844453', '2018-02-07', '2018-02-06', '1', 14710.8, 'LGED-RG-K-R-U-01', 80, 0),
(338, 338, '2018-02-06', 243, 'EZ-1844744', '2018-02-07', '2018-02-06', '1', 12259, 'EED-B-B-B-994', 39, 0),
(339, 339, '2018-02-06', 23, 'BB-1833719', '2018-02-07', '2018-02-06', '1', 16549.7, 'BWDB-614', 21, 0),
(340, 349, '2018-02-07', 250, 'LL-1843150', '2018-02-08', '2018-02-07', '1', 24518, 'LGED-KH-K', 82, 0),
(341, 340, '2018-02-06', 244, 'BB-1845345', '2018-02-08', '2018-02-07', '1', 35977.5, 'BKB-AA-490(2)', 45, 0),
(342, 341, '2018-02-06', 130, 'BA-1833155', '2018-02-08', '2018-02-06', '1', 49036, 'BEPZA-160(2)', 14, 0),
(343, 342, '2018-02-06', 235, 'LS-1841353', '2018-02-08', '2018-02-06', '1', 12259, 'LGED-CH-C-01', 76, 0),
(344, 343, '2018-02-06', 245, 'LL-1841234', '2018-02-08', '2018-02-06', '1', 19614.4, 'LGED-CH-K-136/2(29)', 81, 0),
(345, 344, '2018-02-07', 246, 'PP-1845634', '2018-02-08', '2018-02-07', '1', 29421.6, 'PWD-D7-126/2026', 8, 0),
(346, 345, '2018-02-07', 247, 'D,-184727', '2018-02-08', '2018-02-07', '1', 12872, 'Prison-D-f-450(4)', 51, 0),
(347, 346, '2018-02-07', 248, 'LL-184130', '2018-02-08', '2018-02-07', '1', 22066.2, 'LGED-D-S-G-01', 58, 0),
(348, 347, '2018-02-07', 73, 'DP-1835452', '2018-02-08', '2018-02-07', '1', 14710.8, 'DGDP-2054', 26, 0),
(349, 348, '2018-02-07', 249, 'LS-1842423', '2018-02-08', '2018-02-07', '1', 11033.1, 'LGED-M-J-01', 63, 0),
(350, 350, '2018-02-07', 157, 'LL-1833757', '2018-02-08', '2018-02-07', '1', 12259, 'LGED-S-M-R-U-02', 30, 0),
(351, 351, '2018-02-07', 251, 'LL-1843845', '2018-02-08', '2018-02-07', '1', 30647.5, 'LGED-KH-J-01', 24, 0),
(352, 352, '2018-02-07', 252, 'PP-1844250', '2018-02-08', '2018-02-07', '1', 7355.4, 'PWD-D-T-01', 77, 0),
(353, 353, '2018-02-08', 253, 'LL-1844757', '2018-02-08', '2018-02-07', '1', 17162.6, 'LGED-CH-F-SU-01', 36, 0),
(354, 354, '2018-02-08', 23, 'BB-1833719', '2018-02-09', '2018-02-08', '1', 16549.7, 'BPDB-Comilla-876', 21, 0),
(355, 355, '2018-02-08', 23, 'BB-1833719', '2018-02-09', '2018-02-08', '1', 16549.7, 'BPDB-Comilla-872', 21, 0),
(356, 356, '2018-02-08', 18, 'LL-1833729', '2018-02-09', '2018-02-08', '1', 21453.2, 'LGED-RJ-JH-AKU-02', 17, 0),
(357, 357, '2018-02-08', 238, 'LL-184434', '2018-02-09', '2018-02-08', '1', 14710.8, 'LGED-M-N-KU-01', 71, 0),
(358, 358, '2018-02-08', 238, 'LL-184434', '2018-02-09', '2018-02-08', '1', 14710.8, 'LGED-M-N-KU-02', 71, 0),
(359, 359, '2018-02-08', 8, 'MD-1832648', '2018-02-09', '2018-02-08', '1', 7355.4, 'ISPR-Army-1082', 8, 0),
(360, 360, '2018-02-08', 27, 'WW-183945', '2018-02-09', '2018-02-08', '1', 14710.8, 'WASA-D-67', 14, 0),
(361, 361, '2018-02-08', 68, 'HD-1833355', '2018-02-09', '2018-02-08', '1', 14710.8, 'HED-D-31', 14, 0),
(362, 362, '2018-02-08', 254, 'HH-1845123', '2018-02-09', '2018-02-08', '1', 44132.4, 'HED-D-T-01', 77, 0),
(363, 363, '2018-02-09', 255, 'NH-1845353', '2018-02-09', '2018-02-08', '1', 24518, 'NIOH-01', 27, 0),
(364, 369, '2018-02-09', 258, 'HP-1842312', '2018-02-10', '2018-02-09', '1', 17162.6, 'HFP-D-M-S', 84, 0),
(365, 364, '2018-02-09', 256, 'LL-1845740', '2018-02-10', '2018-02-09', '1', 17162.6, 'LGED-KH-JH-HU-01', 53, 0),
(366, 365, '2018-02-09', 180, 'LL-183147', '2018-02-10', '2018-02-09', '1', 17162.6, 'LGED-374', 46, 0),
(367, 366, '2018-02-09', 175, 'CP-183339', '2018-02-10', '2018-02-09', '1', 5516.55, 'CFD-B-P-02', 55, 0),
(368, 367, '2018-02-09', 25, 'LL-1834853', '2018-02-10', '2018-02-09', '1', 11033.1, 'LGED-CH-N-02', 23, 0),
(369, 368, '2018-02-09', 257, 'BC-184108', '2018-02-10', '2018-02-09', '1', 17377.1, 'BJMC-01', 83, 0),
(370, 370, '2018-02-09', 9, 'JC-1832950', '2018-02-10', '2018-02-09', '1', 5516.55, 'JTSC-2132', 9, 0),
(371, 371, '2018-02-09', 23, 'BB-1833719', '2018-02-10', '2018-02-09', '1', 11033.1, 'BPDB-890', 21, 0),
(372, 372, '2018-02-09', 259, 'LL-1842944', '2018-02-10', '2018-02-09', '1', 14710.8, 'LGED-B-P-RU-01', 55, 0),
(373, 373, '2018-02-10', 260, 'EE-1841738', '2018-02-11', '2018-02-10', '1', 11033.1, 'EED-RJ-B-01', 44, 0),
(374, 379, '2018-02-10', 88, 'LL-1832922', '2018-02-11', '2018-02-10', '1', 12259, 'LGED-RG-N-N-01', 6, 0),
(375, 374, '2018-02-10', 261, 'CB-1842233', '2018-02-11', '2018-02-10', '1', 18388.5, 'CAAB-01', 7, 0),
(376, 375, '2018-02-10', 262, 'LL-184265', '2018-02-11', '2018-02-10', '1', 7355.4, 'LGED-RJ-S-KU-01', 49, 0),
(377, 376, '2018-02-10', 21, 'BC-1831647', '2018-02-11', '2018-02-10', '1', 11033.1, 'BFIDC-08', 12, 0),
(378, 377, '2018-02-10', 63, 'LB-18347', '2018-02-11', '2018-02-10', '1', 18388.5, 'LGED-CH-B-02', 11, 0),
(379, 378, '2018-02-10', 263, 'LL-1843450', '2018-02-11', '2018-02-10', '1', 12259, 'LGED-S-S-CU-01', 16, 0),
(380, 380, '2018-02-10', 264, 'RR-1845444', '2018-02-11', '2018-02-10', '1', 14710.8, 'RHD-', 25, 0),
(381, 381, '2018-02-10', 265, 'LL-1845859', '2018-02-11', '2018-02-10', '1', 24518, 'LGED,M-N-DU-01', 71, 0),
(382, 382, '2018-02-11', 15, 'CB-1833140', '2018-02-11', '2018-02-10', '1', 14375, 'CB-Private-02', 2, 0),
(383, 383, '2018-02-11', 266, 'LL-184534', '2018-02-12', '2018-02-11', '1', 7355.4, 'LGED-D-M-SU-01', 84, 0),
(384, 384, '2018-02-11', 52, 'BB-1831734', '2018-02-12', '2018-02-11', '1', 22066.2, 'EREB-06', 7, 0),
(385, 385, '2018-02-11', 267, 'DD-1841312', '2018-02-12', '2018-02-11', '1', 14710.8, 'DPHE-D-GG-01', 25, 0),
(386, 386, '2018-02-11', 268, 'LL-1841543', '2018-02-12', '2018-02-11', '1', 14710.8, 'LGED-D-T-BPU-01', 77, 0),
(387, 387, '2018-02-12', 39, 'BB-183825', '2018-02-13', '2018-02-11', '3', 23185.5, 'BB-N-10', 3, 0),
(388, 388, '2018-02-12', 269, 'BP-1841224', '2018-02-13', '2018-02-12', '1', 27582.8, 'BSPP', 7, 0),
(389, 389, '2018-02-12', 270, 'LL-1841742', '2018-02-13', '2018-02-12', '1', 17162.6, 'CH-RG-BLU-31(2)', 52, 0),
(390, 390, '2018-02-12', 54, 'BG-183524', '2018-02-13', '2018-02-12', '1', 16549.7, 'BCG-45', 8, 0),
(391, 391, '2018-02-12', 23, 'BB-1833719', '2018-02-13', '2018-02-12', '1', 11033.1, 'BPDB-Narsingdi-901', 21, 0),
(392, 392, '2018-02-12', 23, 'BB-1833719', '2018-02-13', '2018-02-12', '1', 9194.25, 'BPDB-Chadpur-910', 21, 0),
(393, 393, '2018-02-12', 271, 'DD-1843124', '2018-02-13', '2018-02-12', '1', 17162.6, 'DPHE-CH-BAN', 11, 0),
(394, 400, '2018-02-13', 138, 'BB-1835519', '2018-02-15', '2018-02-14', '2', 118826, 'B_BT_2-2018-5', 27, 0),
(395, 394, '2018-02-13', 272, 'EE-184354', '2018-02-14', '2018-02-13', '1', 14710.8, 'EED-M-N-01', 71, 0),
(396, 395, '2018-02-13', 273, 'BD-1845154', '2018-02-14', '2018-02-13', '1', 4903.6, 'ISPR-BCC-1090', 8, 0),
(397, 401, '2018-02-13', 18, 'LL-1833729', '2018-02-14', '2018-02-13', '1', 14710.8, 'LGED-RJ-JH-AKKU-05', 17, 0),
(398, 396, '2018-02-13', 147, 'DC-1833012', '2018-02-14', '2018-02-13', '1', 9807.2, 'DNCC-51', 7, 0),
(399, 402, '2018-02-13', 27, 'WW-183945', '2018-02-14', '2018-02-13', '1', 9194.25, 'WASA-D-80', 14, 0),
(400, 397, '2018-02-13', 32, 'LL-1833312', '2018-02-14', '2018-02-13', '1', 16549.7, 'LGED-D-G-726', 25, 0),
(401, 398, '2018-02-13', 274, 'BC-18412', '2018-02-14', '2018-02-13', '1', 13791.4, 'BSC-CH-01', 47, 0),
(402, 399, '2018-02-13', 35, 'BB-1834954', '2018-02-14', '2018-02-13', '1', 12872, 'BWDB-430', 28, 0),
(403, 404, '2018-02-13', 275, 'ZP-1842640', '2018-02-14', '2018-02-13', '1', 22066.2, 'Zila-D-G-01', 25, 0),
(404, 403, '2018-02-13', 59, 'PD-1834656', '2018-02-14', '2018-02-13', '1', 11033.1, 'PWD-D-M-1835/9', 27, 0),
(405, 408, '2018-02-14', 278, 'LS-1841749', '2018-02-15', '2018-02-14', '1', 9807.2, 'LGED-KH-MU-01', 79, 0),
(406, 407, '2018-02-14', 277, 'PS-1841055', '2018-02-15', '2018-02-14', '1', 36777, 'SP-RG-N-01', 6, 0),
(407, 406, '2018-02-14', 12, 'PD-18309', '2018-02-15', '2018-02-14', '1', 14710.8, 'PWD-D-M', 12, 0),
(408, 405, '2018-02-14', 276, 'SL-184026', '2018-02-15', '2018-02-14', '1', 125008, 'CGD-01', 45, 0),
(409, 416, '2018-02-14', 281, 'LL-1841658', '2018-02-15', '2018-02-14', '1', 24518, 'LGED-KH-DU-01', 5, 0),
(410, 415, '2018-02-14', 207, 'PL-1833651', '2018-02-15', '2018-02-14', '1', 11033.1, 'PIL-CH-650', 45, 0),
(411, 414, '2018-02-14', 280, 'LL-184121', '2018-02-15', '2018-02-14', '1', 12259, 'LGED-KH-JH-KU-01', 53, 0),
(412, 413, '2018-02-14', 23, 'BB-1833719', '2018-02-15', '2018-02-14', '1', 9194.25, 'BPDB-913', 21, 0),
(413, 412, '2018-02-14', 269, 'BP-1841224', '2018-02-15', '2018-02-14', '1', 14710.8, 'BSPP-3123', 7, 0),
(414, 411, '2018-02-14', 54, 'BG-183524', '2018-02-15', '2018-02-14', '2', 158434, 'BCG-S-55', 45, 0),
(415, 410, '2018-02-14', 279, 'LS-1842134', '2018-02-15', '2018-02-14', '1', 17162.6, 'LGED-S-H-01', 86, 0),
(416, 409, '2018-02-14', 123, 'LL-183560', '2018-02-15', '2018-02-14', '1', 14710.8, 'LGED-CH-B-547', 41, 0),
(417, 428, '2018-02-15', 48, 'GL-1832811', '2018-02-16', '2018-02-15', '1', 27582.8, 'GTCL-38', 8, 0),
(418, 427, '2018-02-15', 286, 'SC-184394', '2018-02-16', '2018-02-15', '1', 19614.4, 'SCC', 16, 0),
(419, 426, '2018-02-15', 285, 'LL-1843838', '2018-02-16', '2018-02-15', '1', 19614.4, 'LGED-RG-D-FU-01', 22, 0),
(420, 425, '2018-02-15', 221, 'LL-1843344', '2018-02-16', '2018-02-15', '1', 14710.8, 'LGED-CH-C-HU-02', 73, 0),
(421, 424, '2018-02-15', 284, 'HH-1843052', '2018-02-16', '2018-02-15', '1', 16549.7, 'HED-CH-C-1595', 87, 0),
(422, 423, '2018-02-15', 35, 'BB-1834954', '2018-02-16', '2018-02-15', '1', 14710.8, 'BWDB-445', 28, 0),
(423, 422, '2018-02-15', 187, 'LL-183447', '2018-02-16', '2018-02-15', '1', 36777, 'LGED-KH-DH-U-147', 50, 0),
(424, 421, '2018-02-15', 118, 'CR-183159', '2018-02-16', '2018-02-15', '1', 14710.8, 'RC-CH-S(18)(51)', 47, 0),
(425, 420, '2018-02-15', 283, 'LL-1842430', '2018-02-16', '2018-02-15', '1', 30647.5, 'LGED-Ch-CH-FU-01', 76, 0),
(426, 419, '2018-02-15', 282, 'RR-1842256', '2018-02-16', '2018-02-15', '1', 9807.2, 'RHD-B-P-01', 19, 0),
(427, 418, '2018-02-15', 22, 'NC-1832053', '2018-02-16', '2018-02-15', '1', 19614.4, 'NCC-03', 20, 0),
(428, 417, '2018-02-14', 150, 'PD-183544', '2018-02-16', '2018-02-15', '1', 14710.8, 'PED-CH-D2-02', 47, 0),
(429, 434, '2018-02-15', 288, 'HH-184031', '2018-02-16', '2018-02-15', '1', 22066.2, 'HED', 16, 0),
(430, 433, '2018-02-15', 287, 'LL-184584', '2018-02-16', '2018-02-15', '1', 19614.4, 'LGED-CH-C-BU-86/2', 88, 0),
(431, 432, '2018-02-15', 117, 'RR-183134', '2018-02-16', '2018-02-15', '1', 12259, 'RHD-B-B-535(4)', 39, 0),
(432, 431, '2018-02-15', 153, 'LS-1831745', '2018-02-16', '2018-02-15', '1', 36777, 'LGED-S-S', 16, 0),
(433, 430, '2018-02-15', 23, 'BB-1833719', '2018-02-16', '2018-02-15', '1', 16549.7, 'BPDB-929', 21, 0),
(434, 429, '2018-02-15', 23, 'BB-1833719', '2018-02-16', '2018-02-15', '1', 13791.4, 'BPDB-931', 21, 0),
(435, 441, '2018-02-16', 293, 'KC-1841953', '2018-02-17', '2018-02-16', '1', 36777, 'KHDC-01', 81, 0),
(436, 440, '2018-02-16', 292, 'LL-1841813', '2018-02-17', '2018-02-16', '1', 17162.6, 'LGED-M-N-MU-01', 69, 0),
(437, 439, '2018-02-16', 88, 'LL-1832922', '2018-02-17', '2018-02-16', '1', 14710.8, 'LGED-RG-N-02', 6, 0),
(438, 438, '2018-02-16', 291, 'BD-1841237', '2018-02-17', '2018-02-16', '1', 11033.1, 'BSD-419', 7, 0),
(439, 437, '2018-02-16', 27, 'WW-183945', '2018-02-17', '2018-02-16', '1', 14710.8, 'WASA-D-86', 14, 0),
(440, 436, '2018-02-16', 290, 'JL-18461', '2018-02-17', '2018-02-16', '1', 13791.4, 'JOCL-18', 47, 0),
(441, 435, '2018-02-16', 289, 'LL-184422', '2018-02-17', '2018-02-16', '1', 17162.6, 'LGED-S-H-MU-01', 86, 0),
(442, 449, '2018-02-17', 299, 'PP-184392', '2018-02-18', '2018-02-17', '1', 11033.1, 'PWD-D-K-01', 18, 0),
(443, 448, '2018-02-17', 298, 'PS-1843635', '2018-02-18', '2018-02-17', '1', 24518, 'SP-RG-L-01', 74, 0),
(444, 447, '2018-02-17', 297, 'RR-1843456', '2018-02-18', '2018-02-17', '1', 16549.7, 'RHD-M-J-234(3)', 63, 0),
(445, 446, '2018-02-17', 8, 'MD-1832648', '2018-02-18', '2018-02-17', '1', 26969.8, 'ISPR-QMG-DW&CE-1101', 8, 0),
(446, 445, '2018-02-17', 226, 'RR-1841041', '2018-02-18', '2018-02-17', '1', 19614.4, 'RHD-D-G-447', 46, 0),
(447, 444, '2018-02-16', 296, 'LL-184301', '2018-02-17', '2018-02-16', '1', 19614.4, 'LGED-D-S-NU-01', 58, 0),
(448, 443, '2018-02-16', 295, 'PC-184259', '2018-02-17', '2018-02-16', '1', 44132.4, 'PWD-PECU-2167(4)', 12, 0),
(449, 442, '2018-02-16', 294, 'EE-184224', '2018-02-17', '2018-02-16', '1', 14710.8, 'EED-B-B-01', 89, 0),
(450, 459, '2018-02-19', 305, 'RZ-1841137', '2018-02-20', '2018-02-19', '1', 11033.1, 'RHD-879-DZ', 39, 0),
(451, 458, '2018-02-19', 304, 'EE-184843', '2018-02-20', '2018-02-19', '1', 11033.1, 'EED-D-T-02', 77, 0),
(452, 457, '2018-02-19', 222, 'LL-1844340', '2018-02-20', '2018-02-19', '1', 24518, 'LGED-K-CU-111', 50, 0),
(453, 456, '2018-02-18', 303, 'PS-184449', '2018-02-19', '2018-02-18', '1', 36777, 'SP-KH-K-01', 82, 0),
(454, 455, '2018-02-18', 224, 'LL-184637', '2018-02-19', '2018-02-18', '1', 36777, 'LGED-K-K-PU-105(2)', 5, 0),
(455, 454, '2018-02-18', 81, 'RZ-1832250', '2018-02-19', '2018-02-18', '1', 14710.8, 'RHD-S-S-865', 16, 0),
(456, 453, '2018-02-18', 302, 'BP-1845834', '2018-02-19', '2018-02-18', '1', 11033.1, 'BP-D-S-BU-03', 58, 0),
(457, 452, '2018-02-17', 301, 'LS-1845021', '2018-02-18', '2018-02-17', '1', 14710.8, 'LGED-D-KU-01', 18, 0),
(458, 451, '2018-02-17', 300, 'RR-1844127', '2018-02-18', '2018-02-17', '1', 11033.1, 'RHD-D-N-01', 19, 0);
INSERT INTO `tbl_invoice` (`invoice_id`, `order_id`, `order_date`, `cust_id`, `cust_id_new`, `invoice_date`, `pub_date`, `item`, `payable_amount`, `work_order_no`, `ref_id`, `ait_others_discount`) VALUES
(459, 450, '2018-02-17', 250, 'LL-1843150', '2018-02-18', '2018-02-17', '1', 12259, 'LGED-K-K-02', 82, 0),
(460, 469, '2018-02-20', 251, 'LL-1843845', '2018-02-21', '2018-02-20', '1', 30647.5, 'LGED-K-J-3', 24, 0),
(461, 468, '2018-02-20', 313, 'TP-1845445', '2018-02-21', '2018-02-20', '1', 14710.8, 'TP-D-G-01', 25, 0),
(462, 467, '2018-02-20', 312, 'LL-1845258', '2018-02-21', '2018-02-20', '1', 12259, 'LGED-B-H-1', 39, 0),
(463, 466, '2018-02-20', 311, 'PS-184501', '2018-02-21', '2018-02-20', '1', 29421.6, 'Sp-RJ-P-01', 66, 0),
(464, 465, '2018-02-19', 310, 'BL-1844711', '2018-02-20', '2018-02-19', '1', 19614.4, 'BAPEX-284', 14, 0),
(465, 464, '2018-02-19', 309, 'PA-184441', '2018-02-20', '2018-02-19', '1', 25743.9, 'PPA-D-69', 14, 0),
(466, 463, '2018-02-19', 308, 'PP-1844116', '2018-02-20', '2018-02-19', '1', 9194.25, 'PWD-D-G-667', 46, 0),
(467, 462, '2018-02-19', 307, 'BV-1843747', '2018-02-20', '2018-02-19', '2', 158434, 'VDP-106', 14, 0),
(468, 461, '2018-02-19', 35, 'BB-1834954', '2018-02-20', '2018-02-19', '1', 12872, 'BWDB-456', 28, 0),
(469, 460, '2018-02-19', 306, 'PD-1843350', '2018-02-20', '2018-02-19', '1', 11033.1, 'PWD-Dhaka-D1-216', 12, 0),
(470, 481, '2018-02-21', 39, 'BB-183825', '2018-02-22', '2018-02-21', '3', 15990, 'BB-809', 3, 0),
(471, 477, '2018-02-20', 214, 'PD-1842159', '2018-02-21', '2018-02-20', '1', 24518, 'PWD-EM-475', 45, 0),
(472, 476, '2018-02-20', 315, 'GP-1841526', '2018-02-21', '2018-02-20', '1', 19614.4, 'GP-RG-G-GU-15/1(100)', 90, 0),
(473, 475, '2018-02-20', 59, 'PD-1834656', '2018-02-21', '2018-02-20', '1', 19614.4, 'PWD,D4-769/2', 27, 0),
(474, 474, '2018-02-20', 29, 'PH-1831753', '2018-02-21', '2018-02-20', '1', 14710.8, 'P-H-DIG-ICT-02', 14, 0),
(475, 473, '2018-02-20', 23, 'BB-1833719', '2018-02-21', '2018-02-20', '1', 13791.4, 'BPDB-939', 21, 0),
(476, 472, '2018-02-20', 23, 'BB-1833719', '2018-02-21', '2018-02-20', '1', 16549.7, 'BPDB-943', 21, 0),
(477, 471, '2018-02-20', 59, 'PD-1834656', '2018-02-21', '2018-02-20', '1', 24518, 'PWD-D4-628(4)', 27, 0),
(478, 470, '2018-02-20', 314, 'LL-1845847', '2018-02-21', '2018-02-20', '1', 11033.1, 'LGED-Katiadi-01', 18, 0),
(479, 488, '2018-02-21', 296, 'LL-184301', '2018-02-22', '2018-02-21', '1', 14710.8, 'LGED-D-S-NU-02', 58, 0),
(480, 487, '2018-02-21', 13, 'DM-1832126', '2018-02-22', '2018-02-21', '1', 5516.55, 'DPHE-761', 13, 0),
(481, 486, '2018-02-21', 147, 'DC-1833012', '2018-02-22', '2018-02-21', '1', 7355.4, 'DNCC-64', 7, 0),
(482, 485, '2018-02-21', 65, 'DP-1831752', '2018-02-22', '2018-02-21', '2', 218530, 'DFP-07', 38, 0),
(483, 484, '2018-02-21', 319, 'NB-1844953', '2018-02-22', '2018-02-21', '1', 61295, 'NCTB-01', 12, 0),
(484, 483, '2018-02-21', 318, 'LL-1844510', '2018-02-22', '2018-02-21', '1', 24518, 'LGED-CH-B-NU-01', 41, 0),
(485, 482, '2018-02-21', 317, 'EE-1844339', '2018-02-22', '2018-02-21', '1', 29421.6, 'EED-D-K-01', 18, 0),
(486, 496, '2018-02-21', 325, 'SC-1844228', '2018-02-22', '2018-02-21', '1', 5500, 'SBC-21', 3, 0),
(487, 495, '2018-02-21', 344, 'KA-1842050', '2018-02-22', '2018-02-21', '1', 63992, 'KA-4Bank-01', 3, 0),
(488, 493, '2018-02-21', 323, 'PP-1842823', '2018-02-22', '2018-02-21', '1', 9807.2, 'PWD-B-P-618/2', 55, 0),
(489, 492, '2018-02-21', 322, 'PP-184259', '2018-02-22', '2018-02-21', '1', 7355.4, 'PWD-Ch-EM-D1', 47, 0),
(490, 491, '2018-02-21', 22, 'NC-1832053', '2018-02-22', '2018-02-21', '1', 19614.4, 'NCC-02', 20, 0),
(491, 490, '2018-02-21', 321, 'ED-184256', '2018-02-22', '2018-02-21', '1', 12259, 'EED-Dhaka-01', 8, 0),
(492, 489, '2018-02-21', 320, 'IS-18405', '2018-02-22', '2018-02-21', '1', 6000, 'ITHS-01', 45, 0),
(493, 508, '2018-02-24', 333, 'RR-1843356', '2018-02-25', '2018-02-24', '1', 7355.4, 'RHD-RJ-NT-01', 40, 0),
(494, 507, '2018-02-24', 23, 'BB-1833719', '2018-02-25', '2018-02-24', '1', 13791.4, 'BPDB-Ch-478', 21, 0),
(495, 506, '2018-02-24', 23, 'BB-1833719', '2018-02-25', '2018-02-24', '1', 13791.4, 'BPDB-954', 21, 0),
(496, 505, '2018-02-23', 138, 'BB-1835519', '2018-02-24', '2018-02-23', '1', 45971.2, 'B-Bater-315', 27, 0),
(497, 504, '2018-02-23', 306, 'PD-1843350', '2018-02-24', '2018-02-23', '1', 19614.4, 'PED-D1-387/2', 12, 0),
(498, 503, '2018-02-23', 332, 'LL-1842317', '2018-02-24', '2018-02-23', '1', 12872, 'LGED-CH-SKU-01', 47, 0),
(499, 502, '2018-02-23', 331, 'LL-1841813', '2018-02-24', '2018-02-23', '1', 11033.1, 'LGED-RJ-N-MU-154', 95, 0),
(500, 501, '2018-02-23', 330, 'UB-1841456', '2018-02-24', '2018-02-23', '1', 17250, 'UCB-01', 43, 0),
(501, 500, '2018-02-22', 329, 'LL-1841243', '2018-02-23', '2018-02-22', '1', 14710.8, 'LGED-RG-N-J-01', 6, 0),
(502, 499, '2018-02-22', 328, 'NP-184724', '2018-02-23', '2018-02-22', '1', 9807.2, 'NPS-51', 94, 0),
(503, 498, '2018-02-22', 327, 'CC-184423', '2018-02-23', '2018-02-22', '1', 16549.7, 'CTSC-01', 92, 0),
(504, 497, '2018-02-22', 326, 'LL-1845950', '2018-02-23', '2018-02-22', '1', 7355.4, 'LGED-K-S-TU-01', 91, 0),
(505, 518, '2018-02-26', 338, 'ME-184120', '2018-02-27', '2018-02-26', '1', 14710.8, 'MPME-208', 27, 0),
(506, 517, '2018-02-26', 255, 'NH-1845353', '2018-02-27', '2018-02-26', '1', 12259, 'NIOH-3130', 27, 0),
(507, 516, '2018-02-26', 8, 'MD-1832648', '2018-02-27', '2018-02-26', '1', 3677.7, 'ISPR-Savar-C-1119', 8, 0),
(508, 515, '2018-02-25', 337, 'BC-18442', '2018-02-26', '2018-02-25', '2', 158434, 'UGC-S-1478', 43, 0),
(509, 514, '2018-02-25', 336, 'DD-184051', '2018-02-26', '2018-02-25', '1', 11033.1, 'DPHE-CH-N-161/3', 23, 0),
(510, 513, '2018-02-25', 139, 'BS-1835721', '2018-02-26', '2018-02-25', '1', 7355.4, 'BBS-343', 8, 0),
(511, 512, '2018-02-25', 335, 'LL-1845458', '2018-02-26', '2018-02-25', '1', 14710.8, 'LGED-K-N-KU-01', 96, 0),
(512, 511, '2018-02-25', 268, 'LL-1841543', '2018-02-26', '2018-02-25', '1', 14710.8, 'LGED-D-T-BPU-02', 77, 0),
(513, 510, '2018-02-24', 73, 'DP-1835452', '2018-02-25', '2018-02-24', '1', 9807.2, 'ISPR-DGDP-2073', 8, 0),
(514, 509, '2018-02-24', 334, 'LL-1843653', '2018-02-25', '2018-02-24', '1', 11033.1, 'LGED-D-MUN-01', 13, 0),
(515, 527, '2018-02-27', 52, 'BB-1831734', '2018-02-28', '2018-02-27', '1', 25743.9, 'BREB-FEB-08', 7, 0),
(516, 526, '2018-02-27', 61, 'DE-1835240', '2018-02-28', '2018-02-27', '1', 12259, 'DSHE-1771(2)', 12, 0),
(517, 525, '2018-02-26', 283, 'LL-1842430', '2018-02-27', '2018-02-26', '1', 31873.4, 'LGED-CH-C-FU-01', 76, 0),
(518, 524, '2018-02-26', 342, 'LL-1845746', '2018-02-27', '2018-02-26', '1', 14710.8, 'LGED-S-M-KU-01', 30, 0),
(519, 523, '2018-02-26', 341, 'ZP-1844214', '2018-02-27', '2018-02-26', '1', 24518, 'ZPB-01', 39, 0),
(520, 522, '2018-02-26', 340, 'LS-1841632', '2018-02-27', '2018-02-26', '1', 17162.6, 'LGED-D-T-01', 90, 0),
(521, 521, '2018-02-26', 339, 'PS-1841353', '2018-02-27', '2018-02-26', '1', 27582.8, 'SP-B-JH-01', 75, 0),
(522, 520, '2018-02-26', 266, 'LL-184534', '2018-02-27', '2018-02-26', '1', 17162.6, 'LGED-D-M-S-02', 84, 0),
(523, 519, '2018-02-26', 52, 'BB-1831734', '2018-02-27', '2018-02-26', '1', 25743.9, 'BREB-07', 7, 0),
(524, 539, '2018-02-28', 349, 'MP-1843444', '2018-03-01', '2018-02-28', '1', 19614.4, 'Poura-MY-01', 13, 0),
(525, 538, '2018-02-28', 227, 'LL-184184', '2018-03-01', '2018-02-28', '1', 12259, 'LGED-K-JH-03', 75, 0),
(526, 537, '2018-02-28', 33, '3B-1834255', '2018-03-01', '2018-02-28', '1', 36777, '3APB-1439', 5, 0),
(527, 536, '2018-02-28', 348, 'PL-1842447', '2018-03-01', '2018-02-28', '1', 11500.7, 'PLIC-01', 45, 0),
(528, 535, '2018-02-28', 8, 'MD-1832648', '2018-03-01', '2018-02-28', '1', 17162.6, 'BPDB-2080', 8, 0),
(529, 534, '2018-02-28', 73, 'DP-1835452', '2018-03-01', '2018-02-28', '1', 9807.2, 'ISPT-DGDP-2080', 8, 0),
(530, 533, '2018-02-28', 2, 'DL-183190', '2018-03-01', '2018-02-28', 'addNew', 12500, 'DBBL-SP-(5*4)-02', 3, 0),
(531, 532, '2018-02-27', 347, 'EE-1844927', '2018-02-28', '2018-02-27', '1', 20227.3, 'EED-238/11', 22, 0),
(532, 531, '2018-02-27', 23, 'BB-1833719', '2018-02-28', '2018-02-27', '1', 13791.4, 'BPDB-CH-972', 21, 0),
(533, 530, '2018-02-27', 185, 'RR-1833430', '2018-02-28', '2018-02-27', '1', 11033.1, 'RHD-Ch-863/3', 47, 0),
(534, 529, '2018-02-27', 346, 'EE-1843650', '2018-02-28', '2018-02-27', '1', 11033.1, 'EED-CH-N-69(2)', 23, 0),
(535, 528, '2018-02-27', 345, 'LL-1843514', '2018-02-28', '2018-02-27', '1', 9194.25, 'LGED-CH-CD-H-01', 76, 0),
(536, 549, '2018-03-01', 353, 'UL-18473', '2018-03-02', '2018-03-01', '1', 13800, 'UBL-18-01', 2, 0),
(537, 548, '2018-03-01', 192, 'NL-1832937', '2018-03-02', '2018-03-01', '1', 8437.5, 'NACPL-02', 4, 0),
(538, 547, '2018-02-28', 352, 'NT-1843026', '2018-03-01', '2018-02-28', '1', 28440.9, 'NMST-860', 43, 0),
(539, 546, '2018-02-28', 194, 'EE-1835945', '2018-03-01', '2018-02-28', '1', 17162.6, 'EED-02', 19, 0),
(540, 545, '2018-02-28', 27, 'WW-183945', '2018-03-01', '2018-02-28', '1', 12259, 'WASA-D-105', 14, 0),
(541, 544, '2018-02-28', 121, 'LS-1833730', '2018-03-01', '2018-02-28', '1', 22066.2, 'LGED-S-M-02', 30, 0),
(542, 543, '2018-02-28', 351, 'RR-184128', '2018-03-01', '2018-02-28', '1', 7355.4, 'RHD-m-S-275', 93, 0),
(543, 542, '2018-02-28', 350, 'BC-1845841', '2018-03-01', '2018-02-28', '1', 16549.7, 'BSFIC-SF-44', 14, 0),
(544, 541, '2018-02-28', 118, 'CR-183159', '2018-03-01', '2018-02-28', '1', 9194.25, 'CR-CH-S(18)(67)', 47, 0),
(545, 540, '2018-02-28', 239, 'P-184859', '2018-03-01', '2018-02-28', '1', 13791.4, 'PGCB-02', 78, 0),
(546, 561, '2018-03-01', 356, 'PC-1844637', '2018-03-02', '2018-03-01', '1', 25743.9, 'PWD-PPC-01', 45, 0),
(547, 560, '2018-03-01', 23, 'BB-1833719', '2018-03-02', '2018-03-01', '1', 16549.7, 'BPDB-BOG-979', 21, 0),
(548, 559, '2018-03-01', 23, 'BB-1833719', '2018-03-02', '2018-03-01', '1', 16549.7, 'BPDB-CHT-980', 21, 0),
(549, 558, '2018-03-01', 355, 'BC-1843139', '2018-03-02', '2018-03-01', '1', 11768.6, 'BCC-ADB-Agency-233', 97, 0),
(550, 557, '2018-03-01', 256, 'LL-1845740', '2018-03-02', '2018-03-01', '1', 14710.8, 'LGED-K-JH-HKU-02', 53, 0),
(551, 556, '2018-03-01', 154, 'LL-1831956', '2018-03-02', '2018-03-01', '1', 12259, 'LGED,K-B-02', 37, 0),
(552, 555, '2018-03-01', 156, 'PP-1833241', '2018-03-02', '2018-03-01', '1', 4290.65, 'PWD-EM-D2-02', 12, 0),
(553, 554, '2018-03-01', 105, 'PS-1834952', '2018-03-02', '2018-03-01', '1', 24518, 'SP-CH-F-02', 36, 0),
(554, 553, '2018-03-01', 301, 'LS-1845021', '2018-03-02', '2018-03-01', '1', 24518, 'LGED-D-K-106/1(100)', 18, 0),
(555, 552, '2018-03-01', 208, 'LL-18473', '2018-03-02', '2018-03-01', '1', 19614.4, 'LGED-K-B-AU-02', 68, 0),
(556, 551, '2018-03-01', 354, 'RR-1841614', '2018-03-02', '2018-03-01', '1', 14710.8, 'RHD-D-MUN-409', 13, 0),
(557, 550, '2018-03-01', 235, 'LS-1841353', '2018-03-02', '2018-03-01', '1', 29421.6, 'LGED-CH-CD-03', 76, 0),
(558, 579, '2018-03-04', 365, 'LL-184957', '2018-03-05', '2018-03-04', '1', 12259, 'LGED-D-K-AU-01', 18, 0),
(559, 578, '2018-03-04', 303, 'PS-184449', '2018-03-05', '2018-03-04', '1', 29421.6, 'SP-K-179', 82, 0),
(560, 577, '2018-03-04', 364, 'AM-1845432', '2018-03-05', '2018-03-04', '3', 8400, 'Ad-Moon-01', 45, 0),
(561, 576, '2018-03-03', 363, 'SP-1843013', '2018-03-04', '2018-03-03', '1', 24518, 'Pourachava-D-M-', 56, 0),
(562, 575, '2018-03-03', 362, 'LL-184263', '2018-03-04', '2018-03-03', '1', 19614.4, 'LGED-D-D-SU-01', 98, 0),
(563, 574, '2018-03-03', 26, 'RD-18325', '2018-03-04', '2018-03-03', '1', 20227.3, 'RHD-R-J-JD-01', 24, 0),
(564, 573, '2018-03-03', 220, 'BP-1842123', '2018-03-04', '2018-03-03', '1', 21453.2, 'BUP-02', 45, 0),
(565, 572, '2018-03-03', 361, 'RR-1841519', '2018-03-04', '2018-03-03', '1', 12872, 'RHD-KH-K-01', 82, 0),
(566, 571, '2018-03-03', 360, 'BP-1841135', '2018-03-04', '2018-03-03', '1', 17162.6, 'Pourachava-RG-D-B-01', 22, 0),
(567, 570, '2018-03-02', 8, 'MD-1832648', '2018-03-03', '2018-03-02', '1', 17162.6, 'ISPT-MD-DC-1128', 8, 0),
(568, 569, '2018-03-02', 256, 'LL-1845740', '2018-03-03', '2018-03-02', '1', 12259, 'LGED-K-JH-HDU-03', 53, 0),
(569, 568, '2018-03-02', 359, 'LL-1845257', '2018-03-03', '2018-03-02', '1', 19614.4, 'LGED-M-01', 48, 0),
(570, 567, '2018-03-02', 29, 'PH-1831753', '2018-03-03', '2018-03-02', '1', 26969.8, 'HQ-DIG-ICT-07', 14, 0),
(571, 566, '2018-03-02', 358, 'PM-1845559', '2018-03-03', '2018-03-02', '1', 29421.6, 'PTIM-D-HQ-01', 12, 0),
(572, 565, '2018-03-02', 357, 'PS-1845339', '2018-03-03', '2018-03-02', '1', 36777, 'SP-D-K-01', 18, 0),
(573, 564, '2018-03-02', 17, 'RL-18346', '2018-03-03', '2018-03-02', '1', 22066.2, 'RBL-2018-02', 3, 0),
(574, 563, '2018-03-02', 39, 'BB-183825', '2018-03-03', '2018-03-02', '1', 7995, 'BB-2018-12', 3, 0),
(575, 562, '2018-03-01', 35, 'BB-1834954', '2018-03-02', '2018-03-01', '1', 12872, 'BWDB-499', 28, 0),
(576, 589, '2018-03-05', 192, 'NL-1832937', '2018-03-06', '2018-03-05', '1', 11250, 'NACPL-03', 4, 0),
(577, 588, '2018-03-05', 153, 'LS-1831745', '2018-03-06', '2018-03-05', '1', 17162.6, 'LGED-S-S-03', 16, 0),
(578, 587, '2018-03-05', 368, 'ZP-1842159', '2018-03-06', '2018-03-05', '1', 5516.55, 'ZP-RJ-CN-01', 99, 0),
(579, 586, '2018-03-05', 364, 'AM-1845432', '2018-03-06', '2018-03-05', '1', 14400, 'Ad-Moon-02', 45, 0),
(580, 585, '2018-03-04', 160, 'PD-183167', '2018-03-05', '2018-03-04', '1', 14710.8, 'PWD-M-J-01', 63, 0),
(581, 584, '2018-03-04', 367, 'PS-1842638', '2018-03-05', '2018-03-04', '1', 24518, 'SP-RG-G-01', 90, 0),
(582, 583, '2018-03-04', 359, 'LL-1845257', '2018-03-05', '2018-03-04', '1', 19614.4, 'LGED-My-02', 48, 0),
(583, 582, '2018-03-04', 92, 'CA-1835619', '2018-03-05', '2018-03-04', '1', 13791.4, 'CPA-CH-04', 47, 0),
(584, 581, '2018-03-04', 124, 'C-18336', '2018-03-05', '2018-03-04', '1', 44132.4, 'CHTDB-454', 45, 0),
(585, 580, '2018-03-04', 366, 'BB-1841810', '2018-03-05', '2018-03-04', '1', 19614.4, 'BGB-138', 14, 0),
(586, 596, '2018-03-06', 371, 'PP-184146', '2018-03-07', '2018-03-06', '1', 24518, 'PWD-B-J-01', 75, 0),
(587, 595, '2018-03-06', 370, 'BP-184584', '2018-03-07', '2018-03-06', '1', 14710.8, 'BP-D-F-B-01', 51, 0),
(588, 594, '2018-03-06', 136, 'LL-1834727', '2018-03-07', '2018-03-06', '1', 36777, 'LGED-D-S-02', 58, 0),
(589, 593, '2018-03-06', 303, 'PS-184449', '2018-03-07', '2018-03-06', '1', 29421.6, 'SP-KH-K-105', 82, 0),
(590, 592, '2018-03-06', 221, 'LL-1843344', '2018-03-07', '2018-03-06', '1', 14710.8, 'LGED-CH-C-HU-03', 73, 0),
(591, 591, '2018-03-06', 369, 'PP-184487', '2018-03-07', '2018-03-06', '1', 12259, 'PWD-UAP-01', 12, 0),
(592, 590, '2018-03-05', 234, 'LS-184113', '2018-03-06', '2018-03-05', '1', 12259, 'LGED-CH-CU-02', 31, 0),
(593, 608, '2018-03-06', 376, 'ML-1845953', '2018-03-07', '2018-03-06', '1', 115000, 'MBL-01', 3, 0),
(594, 607, '2018-03-06', 340, 'LS-1841632', '2018-03-07', '2018-03-06', '1', 17162.6, 'LGED-D-TU-02', 90, 0),
(595, 606, '2018-03-06', 8, 'MD-1832648', '2018-03-07', '2018-03-06', '1', 19614.4, 'ISPR-HQ-QMG-1137', 8, 0),
(596, 605, '2018-03-06', 375, 'EE-184313', '2018-03-07', '2018-03-06', '1', 11033.1, 'EED-K-JH-242', 53, 0),
(597, 604, '2018-03-06', 374, 'LL-1842739', '2018-03-07', '2018-03-06', '1', 17162.6, 'LGED-D-D-NU-01', 45, 0),
(598, 603, '2018-03-06', 164, 'MA-18382', '2018-03-07', '2018-03-06', '1', 16549.7, 'MPA-993', 33, 0),
(599, 602, '2018-03-06', 23, 'BB-1833719', '2018-03-07', '2018-03-06', '1', 13791.4, 'BPDB-D-994', 21, 0),
(600, 601, '2018-03-06', 8, 'MD-1832648', '2018-03-07', '2018-03-06', '1', 7355.4, 'ISPR-BIRC-1143', 8, 0),
(601, 600, '2018-03-06', 185, 'RR-1833430', '2018-03-07', '2018-03-06', '1', 11033.1, 'RHD-CH-04', 47, 0),
(602, 599, '2018-03-06', 280, 'LL-184121', '2018-03-07', '2018-03-06', '1', 11033.1, 'LGED-B-JH-K-02', 53, 0),
(603, 598, '2018-03-06', 373, 'BC-18498', '2018-03-07', '2018-03-06', '1', 9194.25, 'BADC-169', 12, 0),
(604, 597, '2018-03-06', 372, 'R-184423', '2018-03-07', '2018-03-06', '2', 99543.1, 'Jute-RA-4902', 45, 0),
(605, 618, '2018-03-07', 380, 'JG-184012', '2018-03-08', '2018-03-07', '1', 0, 'JBG-01', 100, 0),
(606, 617, '2018-03-07', 167, 'RR-1832339', '2018-03-08', '2018-03-07', '1', 14710.8, 'RHD-RJ-03', 26, 0),
(607, 616, '2018-03-07', 379, 'RR-1845252', '2018-03-08', '2018-03-07', '1', 14710.8, 'RHD-B-01', 37, 0),
(608, 615, '2018-03-07', 378, 'PP-1844955', '2018-03-08', '2018-03-07', '1', 9194.25, 'PWD-D6', 12, 0),
(609, 614, '2018-03-07', 377, 'HH-184458', '2018-03-08', '2018-03-07', '1', 49036, 'HED-B-01', 39, 0),
(610, 613, '2018-03-07', 261, 'CB-1842233', '2018-03-08', '2018-03-07', '1', 12872, 'CAAB-82', 7, 0),
(611, 612, '2018-03-07', 52, 'BB-1831734', '2018-03-08', '2018-03-07', '1', 33099.3, 'BREB-08', 7, 0),
(612, 611, '2018-03-07', 35, 'BB-1834954', '2018-03-08', '2018-03-07', '1', 11033.1, 'BWDB-508', 28, 0),
(613, 610, '2018-03-07', 1, 'IL-1835521', '2018-03-08', '2018-03-07', '1', 37977.6, 'IBBL-04', 2, 0),
(614, 609, '2018-03-07', 65, 'DP-1831752', '2018-03-08', '2018-03-07', '1', 158434, 'March-7-2018-08', 38, 0),
(615, 629, '2018-03-09', 206, 'PD-1833351', '2018-03-10', '2018-03-09', '1', 9194.25, 'PWD-Savar-25(13)', 45, 0),
(616, 628, '2018-03-08', 147, 'DC-1833012', '2018-03-09', '2018-03-08', '1', 9194.25, 'DNCC-80', 7, 0),
(617, 627, '2018-03-08', 386, 'ZP-184644', '2018-03-09', '2018-03-08', '1', 7355.4, 'ZP-RG-01', 10, 0),
(618, 626, '2018-03-08', 23, 'BB-1833719', '2018-03-09', '2018-03-08', '1', 11033.1, 'BPDB-D-1002', 21, 0),
(619, 625, '2018-03-08', 385, 'MA-1841259', '2018-03-09', '2018-03-08', '1', 98072, 'GOV-MRA-01', 45, 0),
(620, 624, '2018-03-08', 384, 'RR-184110', '2018-03-09', '2018-03-08', '1', 11033.1, 'RHD-S-SU-579/3', 92, 0),
(621, 623, '2018-03-08', 59, 'PD-1834656', '2018-03-09', '2018-03-08', '1', 7355.4, 'PED-MD-2001/10(10', 27, 0),
(622, 622, '2018-03-08', 251, 'LL-1843845', '2018-03-09', '2018-03-08', '1', 33712.2, 'LGED-KH-J-1040', 24, 0),
(623, 621, '2018-03-08', 383, 'LL-18420', '2018-03-09', '2018-03-08', '1', 17162.6, 'LGED-CH-N-CU-01', 31, 0),
(624, 620, '2018-03-08', 382, 'LL-184032', '2018-03-09', '2018-03-08', '1', 12259, 'LGED-P-MU-01', 55, 0),
(625, 619, '2018-03-08', 381, 'EU-1845443', '2018-03-09', '2018-03-08', '1', 15000, 'EWU-Sara-Ad-45066', 101, 0),
(626, 640, '2018-03-09', 58, 'EZ-1834034', '2018-03-10', '2018-03-09', '1', 12259, 'KH-B-103', 37, 0),
(627, 639, '2018-03-09', 391, 'BS-1842740', '2018-03-10', '2018-03-09', '1', 16549.7, 'BS-DH-D-01', 7, 0),
(628, 637, '2018-03-09', 88, 'LL-1832922', '2018-03-10', '2018-03-09', '1', 14710.8, 'LGED-RG-N-04', 6, 0),
(629, 636, '2018-03-09', 389, 'UP-18454', '2018-03-10', '2018-03-09', '1', 11033.1, 'UP-RG-N-01', 6, 0),
(630, 635, '2018-03-09', 388, 'DL-184142', '2018-03-10', '2018-03-09', '1', 29421.6, 'DPL-385', 14, 0),
(631, 634, '2018-03-09', 310, 'BL-1844711', '2018-03-10', '2018-03-09', '1', 12259, 'BAPEX-892', 14, 0),
(632, 633, '2018-03-09', 134, 'DE-1834128', '2018-03-10', '2018-03-09', '1', 14710.8, 'DPE-2377', 27, 0),
(633, 632, '2018-03-08', 97, 'DP-1833016', '2018-03-09', '2018-03-08', '1', 29421.6, 'DGFP-3055', 14, 0),
(634, 631, '2018-03-08', 35, 'BB-1834954', '2018-03-09', '2018-03-08', '1', 14710.8, 'BWDB-512', 28, 0),
(635, 630, '2018-03-08', 387, 'PD-1844538', '2018-03-09', '2018-03-08', '1', 9194.25, 'PWD-D-CITY-01', 12, 0),
(636, 650, '2018-03-10', 185, 'RR-1833430', '2018-03-11', '2018-03-10', '1', 11033.1, 'RHD-CH-05', 47, 0),
(637, 649, '2018-03-10', 394, 'PP-184019', '2018-03-11', '2018-03-10', '1', 7355.4, 'PWD-D-MK-01', 84, 0),
(638, 648, '2018-03-10', 393, 'DM-1845235', '2018-03-11', '2018-03-10', '2', 87504.2, 'DDM-NDP-01', 45, 0),
(639, 647, '2018-03-10', 392, 'LL-1844517', '2018-03-11', '2018-03-10', '1', 11033.1, 'LGED-R-N-01', 40, 0),
(640, 646, '2018-03-10', 190, 'LL-1831324', '2018-03-11', '2018-03-10', '1', 17162.6, 'LGED-B-B-02', 39, 0),
(641, 645, '2018-03-10', 109, 'LL-1832441', '2018-03-11', '2018-03-10', '1', 14710.8, 'LGED-CH-R-221', 52, 0),
(642, 644, '2018-03-09', 8, 'MD-1832648', '2018-03-10', '2018-03-09', '1', 22066.2, 'ISPR-HQ-1147', 8, 0),
(643, 643, '2018-03-09', 8, 'MD-1832648', '2018-03-10', '2018-03-09', '1', 29421.6, 'ISPR-DWCE-Navy-539', 8, 0),
(644, 642, '2018-03-09', 80, 'RZ-183023', '2018-03-10', '2018-03-09', '1', 14710.8, 'RHD-RG-02', 10, 0),
(645, 641, '2018-03-09', 338, 'ME-184120', '2018-03-10', '2018-03-09', '1', 9807.2, 'BLP-252', 27, 0),
(646, 654, '2018-03-11', 396, 'LL-184369', '2018-03-12', '2018-03-11', '1', 17162.6, 'LGED-CH-B-N-01', 102, 0),
(647, 653, '2018-03-11', 395, 'LL-184110', '2018-03-12', '2018-03-11', '1', 17162.6, 'LGED-CH-C-N-01', 87, 0),
(648, 652, '2018-03-10', 23, 'BB-1833719', '2018-03-11', '2018-03-10', '1', 33099.3, 'BPDB-1022', 21, 0),
(649, 651, '2018-03-10', 23, 'BB-1833719', '2018-03-11', '2018-03-10', '1', 16549.7, 'BPDB-1019', 21, 0),
(650, 638, '2018-03-09', 390, 'LL-1842324', '2018-03-10', '2018-03-09', '1', 11033.1, 'LGED-KH-N-01', 96, 0),
(651, 666, '2018-03-13', 23, 'BB-1833719', '2018-03-14', '2018-03-13', '1', 11033.1, 'BPDB-C-1024', 21, 0),
(652, 665, '2018-03-13', 399, 'BL-1841629', '2018-03-14', '2018-03-13', '1', 14710.8, 'BCMCL-01', 22, 0),
(653, 664, '2018-03-13', 217, 'PP-184220', '2018-03-14', '2018-03-13', '1', 19920.9, 'PWD-D-F-02', 51, 0),
(654, 663, '2018-03-13', 256, 'LL-1845740', '2018-03-14', '2018-03-13', '1', 49036, 'LGED-K-J-H-04', 53, 0),
(655, 662, '2018-03-13', 268, 'LL-1841543', '2018-03-14', '2018-03-13', '1', 22066.2, 'LGED-D-T-B-03', 77, 0),
(656, 661, '2018-03-13', 108, 'LF-183038', '2018-03-14', '2018-03-13', '1', 31873.4, 'LGED-D-F-02', 51, 0),
(657, 660, '2018-03-13', 398, 'AP-18427', '2018-03-14', '2018-03-13', '1', 15000, 'AP-SFU-01', 43, 0),
(658, 659, '2018-03-13', 39, 'BB-183825', '2018-03-14', '2018-03-13', '1', 9993.75, 'BB-13', 3, 0),
(659, 658, '2018-03-12', 251, 'LL-1843845', '2018-03-13', '2018-03-12', '1', 21453.2, 'LGED-KH-J-04', 24, 0),
(660, 657, '2018-03-12', 48, 'GL-1832811', '2018-03-13', '2018-03-12', '1', 36777, 'GTCL-294', 8, 0),
(661, 656, '2018-03-12', 237, 'PT-184243', '2018-03-13', '2018-03-12', '1', 36777, 'SP-D-T-1378/1(43)/4', 77, 0),
(662, 655, '2018-03-11', 397, 'LL-1842335', '2018-03-12', '2018-03-11', '1', 7355.4, 'LGED-RJ-S-RU-01', 49, 0),
(663, 678, '2018-03-14', 404, 'PS-1844223', '2018-03-15', '2018-03-14', '1', 18388.5, 'SP-BBB-01', 39, 0),
(664, 677, '2018-03-14', 403, 'LL-1843921', '2018-03-15', '2018-03-14', '1', 14710.8, 'LGED-RJ-NG-01', 62, 0),
(665, 676, '2018-03-14', 121, 'LS-1833730', '2018-03-15', '2018-03-14', '1', 5516.55, 'LGED-S-M-03', 30, 0),
(666, 675, '2018-03-14', 92, 'CA-1835619', '2018-03-15', '2018-03-14', '1', 7355.4, 'CPA-32', 47, 0),
(667, 674, '2018-03-14', 278, 'LS-1841749', '2018-03-15', '2018-03-14', '1', 17162.6, 'LGED-RJ-M-02', 79, 0),
(668, 673, '2018-03-14', 402, 'PW-1845655', '2018-03-15', '2018-03-14', '1', 7355.4, 'PWD-EM-01', 8, 0),
(669, 672, '2018-03-14', 401, 'SL-184422', '2018-03-15', '2018-03-14', '6', 115018, 'SA-01', 45, 0),
(670, 671, '2018-03-13', 1, 'IL-1835521', '2018-03-14', '2018-03-13', '1', 37950, 'IBBL-05', 2, 0),
(671, 670, '2018-03-13', 400, 'S-1843526', '2018-03-14', '2018-03-13', '1', 24090, 'SSA-Legal-01', 45, 0),
(672, 669, '2018-03-13', 35, 'BB-1834954', '2018-03-14', '2018-03-13', '1', 9194.25, 'BWDB-', 28, 0),
(673, 668, '2018-03-13', 209, 'DD-1841130', '2018-03-14', '2018-03-13', '1', 7355.4, 'DPHE_K-C-02', 69, 0),
(674, 667, '2018-03-13', 23, 'BB-1833719', '2018-03-14', '2018-03-13', '1', 13791.4, 'BPDB-D-1032', 21, 0),
(675, 690, '2018-03-15', 235, 'LS-1841353', '2018-03-16', '2018-03-15', '1', 19614.4, 'LGED-CH-CHD-04', 76, 0),
(676, 689, '2018-03-15', 410, 'PT-1841615', '2018-03-16', '2018-03-15', '1', 22066.2, 'SP-RG-TH-01', 64, 0),
(677, 688, '2018-03-15', 137, 'PP-1835327', '2018-03-16', '2018-03-15', '1', 12872, 'PWD-CH-D1-138', 47, 0),
(678, 687, '2018-03-15', 409, 'LS-1841023', '2018-03-16', '2018-03-15', '1', 7355.4, 'LGED-RJ-B', 44, 0),
(679, 686, '2018-03-14', 88, 'LL-1832922', '2018-03-15', '2018-03-14', '1', 14710.8, 'LGED-RG-N-05', 6, 0),
(680, 685, '2018-03-14', 408, 'PP-1841336', '2018-03-15', '2018-03-14', '1', 14710.8, 'PWD-RG-G-360', 90, 0),
(681, 684, '2018-03-14', 407, 'CD-1845953', '2018-03-15', '2018-03-14', '1', 24518, 'CMSD-1957(13)', 7, 0),
(682, 683, '2018-03-14', 8, 'MD-1832648', '2018-03-15', '2018-03-14', '1', 17162.6, 'HQ-QMG-DWCE-1159', 8, 0),
(683, 682, '2018-03-14', 406, 'PA-1845336', '2018-03-15', '2018-03-14', '1', 8394.75, 'PGCBL-01', 45, 0),
(684, 681, '2018-03-14', 405, 'MA-1844950', '2018-03-15', '2018-03-14', '1', 31873.4, 'M-MCA-01', 8, 0),
(685, 680, '2018-03-14', 122, 'RR-1834714', '2018-03-15', '2018-03-14', '1', 11033.1, 'RR-RJ-4541', 26, 0),
(686, 679, '2018-03-14', 274, 'BC-18412', '2018-03-15', '2018-03-14', '1', 13791.4, 'BCS-CH-02-01', 47, 0),
(687, 702, '2018-03-16', 142, 'PD-183854', '2018-03-17', '2018-03-16', '1', 8274.83, 'PWD-D-D4-1548', 12, 0),
(688, 701, '2018-03-15', 415, 'RG-1844617', '2018-03-16', '2018-03-15', '1', 11500, 'PV-RG-01', 103, 0),
(689, 700, '2018-03-15', 414, 'P-184445', '2018-03-16', '2018-03-15', '1', 22066.2, 'Pourashava-D-M-01', 56, 0),
(690, 699, '2018-03-15', 413, 'LL-1844127', '2018-03-16', '2018-03-15', '1', 14710.8, 'LGED-B-BG-01', 68, 0),
(691, 698, '2018-03-15', 8, 'MD-1832648', '2018-03-16', '2018-03-15', '1', 5516.55, 'ISPR-AMCCS-1163', 8, 0),
(692, 697, '2018-03-15', 54, 'BG-183524', '2018-03-16', '2018-03-15', '1', 16549.7, 'BCG-84', 8, 0),
(693, 696, '2018-03-15', 23, 'BB-1833719', '2018-03-16', '2018-03-15', '1', 13791.4, 'BPDB-1039', 21, 0),
(694, 695, '2018-03-15', 59, 'PD-1834656', '2018-03-16', '2018-03-15', '1', 12872, 'PWD-D8-1922', 27, 0),
(695, 694, '2018-03-15', 123, 'LL-183560', '2018-03-16', '2018-03-15', '1', 12872, 'LGED-CH-B-1149', 41, 0),
(696, 693, '2018-03-15', 27, 'WW-183945', '2018-03-16', '2018-03-15', '1', 7355.4, 'WASA-130', 14, 0),
(697, 692, '2018-03-15', 412, 'PD-1842329', '2018-03-16', '2018-03-15', '1', 11033.1, 'PWD-K-D2-679(2)', 5, 0),
(698, 691, '2018-03-15', 411, 'LL-1842146', '2018-03-16', '2018-03-15', '1', 22066.2, 'LGED-K-B-M-01', 37, 0),
(699, 710, '2018-03-16', 419, 'KT-1845545', '2018-03-17', '2018-03-16', '1', 9194.25, 'KUET-169', 5, 0),
(700, 709, '2018-03-16', 418, 'LL-184530', '2018-03-17', '2018-03-16', '1', 36777, 'LGED-CH-Cox-01', 29, 0),
(701, 708, '2018-03-16', 32, 'LL-1833312', '2018-03-17', '2018-03-16', '1', 14710.8, 'LGED-D-G-1260', 25, 0),
(702, 707, '2018-03-16', 417, 'EE-184229', '2018-03-17', '2018-03-16', '1', 12259, 'EED-M-J-01', 63, 0),
(703, 706, '2018-03-16', 416, 'EE-184580', '2018-03-17', '2018-03-16', '1', 45971.2, 'EED-B-P-01', 104, 0),
(704, 705, '2018-03-16', 58, 'EZ-1834034', '2018-03-17', '2018-03-16', '1', 45971.2, 'EED-K-B-04', 37, 0),
(705, 704, '2018-03-16', 45, 'BA-1831159', '2018-03-17', '2018-03-16', '1', 11033.1, 'BIWTA-07', 28, 0),
(706, 703, '2018-03-16', 8, 'MD-1832648', '2018-03-17', '2018-03-16', '1', 19614.4, 'ISPR-CAD-1172', 8, 0),
(707, 721, '2018-03-18', 8, 'MD-1832648', '2018-03-19', '2018-03-18', '1', 19614.4, 'ISPR-ARMY-HQ-1177', 8, 0),
(708, 720, '2018-03-18', 8, 'MD-1832648', '2018-03-19', '2018-03-18', '1', 26969.8, 'ISPR-ARMY-DWCE-1190', 8, 0),
(709, 719, '2018-03-18', 8, 'MD-1832648', '2018-03-19', '2018-03-18', '1', 26969.8, 'ISRT-ARMY-DWCE-1181', 8, 0),
(710, 718, '2018-03-17', 75, 'LH-1831333', '2018-03-18', '2018-03-17', '1', 27996.5, 'LSHEP-DH-03', 7, 0),
(711, 717, '2018-03-17', 420, 'LL-1841658', '2018-03-18', '2018-03-17', '1', 24518, 'LGED-D-MU-T-01', 4, 0),
(712, 716, '2018-03-17', 125, 'GP-183431', '2018-03-18', '2018-03-17', '1', 9194.25, 'Pourashava-B-P-G-02', 55, 0),
(713, 715, '2018-03-17', 29, 'PH-1831753', '2018-03-18', '2018-03-17', '1', 26969.8, 'PH-DIG-ICT-08', 14, 0),
(714, 714, '2018-03-17', 8, 'MD-1832648', '2018-03-18', '2018-03-17', '1', 19614.4, 'ISPR-ARMY-DWCE-548', 8, 0),
(715, 713, '2018-03-17', 264, 'RR-1845444', '2018-03-18', '2018-03-17', '1', 14710.8, 'RHD-D-G-573(16)', 25, 0),
(716, 712, '2018-03-17', 65, 'DP-1831752', '2018-03-18', '2018-03-17', '1', 316868, 'DFP-NCD-2018-09', 38, 0),
(717, 726, '2018-03-19', 422, 'AP-1843839', '2018-03-20', '2018-03-19', '1', 7355.4, 'Pourashava-RJ-J-A-01', 17, 0),
(718, 725, '2018-03-18', 421, 'LL-1843515', '2018-03-19', '2018-03-18', '1', 14710.8, 'LGED-D-N-01', 57, 0),
(719, 724, '2018-03-19', 23, 'BB-1833719', '2018-03-19', '2018-03-18', '1', 13791.4, 'BPDB-D-18-1046', 21, 0),
(720, 723, '2018-03-18', 59, 'PD-1834656', '2018-03-19', '2018-03-18', '1', 12872, 'PWD-D8-42/1950', 27, 0),
(721, 722, '2018-03-18', 247, 'D,-184727', '2018-03-19', '2018-03-18', '1', 12872, 'DP-Jail-D-F-797(4)', 51, 0),
(722, 739, '2018-03-21', 425, 'PS-184512', '2018-03-22', '2018-03-21', '1', 29421.6, 'SP-SY-01', 16, 0),
(723, 738, '2018-03-21', 299, 'PP-184392', '2018-03-22', '2018-03-21', '1', 11033.1, 'PWD-D-K-02', 18, 0),
(724, 737, '2018-03-20', 8, 'MD-1832648', '2018-03-21', '2018-03-20', '1', 19614.4, 'ISPR-ARMY-WD-1201', 8, 0),
(725, 736, '2018-03-20', 23, 'BB-1833719', '2018-03-21', '2018-03-20', '1', 16549.7, 'BPDB-Rangamati-1061', 21, 0),
(726, 735, '2018-03-20', 23, 'BB-1833719', '2018-03-21', '2018-03-20', '1', 16549.7, 'BPDB-Kaptai-1056', 21, 0),
(727, 734, '2018-03-20', 8, 'MD-1832648', '2018-03-21', '2018-03-20', '1', 5516.55, 'ISPR-BIRC-1214', 8, 0),
(728, 733, '2018-03-20', 182, 'LL-1833530', '2018-03-21', '2018-03-20', '1', 29421.6, 'LGED-RG-TH-02', 64, 0),
(729, 732, '2018-03-20', 424, 'PP-1845339', '2018-03-21', '2018-03-20', '1', 12872, 'Pourashava-M-P-01', 48, 0),
(730, 731, '2018-03-20', 315, 'GP-1841526', '2018-03-21', '2018-03-20', '1', 12259, 'Pourashava-RG-G-G-27/1(5)', 90, 0),
(731, 730, '2018-03-20', 420, 'LL-1841658', '2018-03-21', '2018-03-20', '1', 14710.8, 'LGED-D-MU-T-54', 4, 0),
(732, 729, '2018-03-19', 8, 'MD-1832648', '2018-03-21', '2018-03-19', '1', 19614.4, 'ISPR-ARMY-WD-1194', 8, 0),
(733, 728, '2018-03-19', 423, 'HB-1844520', '2018-03-21', '2018-03-19', '1', 9194.25, 'HED-HEB-D-62', 12, 0),
(734, 727, '2018-03-19', 105, 'PS-1834952', '2018-03-21', '2018-03-19', '1', 18388.5, 'SP-CH-F-03', 36, 0),
(735, 752, '2018-03-22', 301, 'LS-1845021', '2018-02-23', '2018-02-22', '1', 19614.4, 'LGED-D-K-=03', 18, 0),
(736, 751, '2018-03-22', 361, 'RR-1841519', '2018-02-23', '2018-02-22', '1', 18388.5, 'RHD-678(3)', 82, 0),
(737, 750, '2018-03-22', 428, 'NH-1843338', '2018-02-23', '2018-02-22', '1', 36777, 'NHIH-1387', 27, 0),
(738, 749, '2018-03-22', 116, 'NU-18397', '2018-02-23', '2018-02-22', '1', 18388.5, 'NU-23(13)', 46, 0),
(739, 748, '2018-03-22', 427, 'DD-184301', '2018-02-23', '2018-02-22', '1', 11033.1, 'DPHE-D-K-01', 18, 0),
(740, 747, '2018-03-22', 94, 'DD-1831253', '2018-02-23', '2018-02-22', '1', 14710.8, 'DPHE-RJ-S-02', 49, 0),
(741, 746, '2018-03-22', 315, 'GP-1841526', '2018-02-23', '2018-02-22', '1', 12259, 'Pourashava-RG-G-G-29/1(5)', 90, 0),
(742, 745, '2018-03-22', 426, 'PP-1842051', '2018-02-23', '2018-02-22', '1', 12259, 'pwd-rj-p-2902(3)', 66, 0),
(743, 744, '2018-03-22', 118, 'CR-183159', '2018-02-23', '2018-02-22', '1', 19614.4, 'CR-CH-S(18)(86)', 47, 0),
(744, 743, '2018-03-22', 59, 'PD-1834656', '2018-02-23', '2018-02-22', '1', 12872, 'PWD-D8-2023', 27, 0),
(745, 742, '2018-03-21', 130, 'BA-1833155', '2018-02-22', '2018-02-21', '1', 49036, 'BEPZA-CHT-04', 14, 0),
(746, 741, '2018-03-21', 71, 'BA-1834634', '2018-02-22', '2018-02-21', '1', 0, 'BEZA-DHAKA-4039', 14, 0),
(747, 740, '2018-03-21', 35, 'BB-1834954', '2018-02-22', '2018-02-21', '1', 9194.25, 'BWDB-551', 28, 0);

-- --------------------------------------------------------

--
-- Table structure for table `tbl_order`
--

CREATE TABLE `tbl_order` (
  `order_id` int(11) NOT NULL,
  `cust_id` smallint(6) NOT NULL,
  `cust_id_new` varchar(100) NOT NULL,
  `ref_id` tinyint(4) NOT NULL,
  `order_date` date NOT NULL,
  `type` varchar(100) NOT NULL,
  `project_name` varchar(100) NOT NULL,
  `work_order_no` varchar(50) NOT NULL,
  `item` varchar(100) NOT NULL,
  `description` varchar(200) NOT NULL,
  `o_row` float NOT NULL,
  `o_column` float NOT NULL,
  `qty` float NOT NULL,
  `unit_price` float NOT NULL,
  `price` float NOT NULL,
  `front_page` float NOT NULL,
  `back_page` float NOT NULL,
  `color` float NOT NULL,
  `discount` float NOT NULL,
  `discount_amount` float NOT NULL,
  `payable_amount` float NOT NULL,
  `vat` float NOT NULL,
  `tax` float NOT NULL,
  `status` varchar(10) NOT NULL
) ENGINE=MyISAM DEFAULT CHARSET=latin1 ROW_FORMAT=DYNAMIC;

--
-- Dumping data for table `tbl_order`
--

INSERT INTO `tbl_order` (`order_id`, `cust_id`, `cust_id_new`, `ref_id`, `order_date`, `type`, `project_name`, `work_order_no`, `item`, `description`, `o_row`, `o_column`, `qty`, `unit_price`, `price`, `front_page`, `back_page`, `color`, `discount`, `discount_amount`, `payable_amount`, `vat`, `tax`, `status`) VALUES
(1, 1, 'IL-1835521', 2, '2018-01-01', '', '', 'IBBL-01', '', 'Font page', 5, 6, 30, 666.67, 20000.1, 100, 0, 0, 0, 0, 46000.2, 15, 0, '1'),
(2, 2, 'DL-183190', 3, '2018-01-01', '2', '2', 'DBBL-01', '1', 'Font page', 10, 1, 10, 500, 5000, 100, 0, 0, 0, 0, 11500, 15, 0, '1'),
(3, 3, 'TL-1833156', 2, '2018-01-01', '2', 'Others', 'TT-01', '1', 'Page-03', 4, 3, 12, 200, 2400, 0, 0, 66.7, 50, 2000.4, 2300.46, 15, 0, '1'),
(4, 4, 'PL-1834745', 4, '2018-01-01', '2', '2', 'PBL-01', '1', 'Page', 4, 5, 20, 500, 10000, 0, 0, 0, 0, 0, 11500, 15, 0, '1'),
(5, 5, 'PS-18312', 5, '2018-01-01', '1', 'Others', 'PS-KH-11098', '1', 'Page-03', 4, 10, 40, 533, 21320, 0, 0, 0, 0, 0, 24518, 15, 0, '1'),
(6, 6, 'LD-183454', 6, '2018-01-01', '1', 'Others', 'LGED-17', '1', 'Font page', 6, 3, 18, 533, 9594, 0, 0, 0, 0, 0, 11033.1, 15, 0, '1'),
(7, 7, 'RD-1832020', 7, '2018-01-01', '1', 'Others', 'RHD-3041', '1', 'Page-10', 6, 3, 18, 533, 9594, 0, 0, 0, 0, 0, 11033.1, 15, 0, '1'),
(8, 8, 'MD-1832648', 8, '2018-01-01', '1', 'Others', 'ISPR-1954', '1', 'Font page', 2, 3, 6, 533, 3198, 0, 0, 0, 0, 0, 3677.7, 15, 0, '1'),
(9, 9, 'JC-1832950', 9, '2018-01-01', '2', '', 'JTSC-01', '1', 'Page-10', 4, 3, 12, 533, 6396, 0, 0, 0, 0, 0, 7355.4, 15, 0, '1'),
(10, 10, 'LD-1834234', 10, '2018-01-01', '1', 'Others', 'LGED-10', '1', 'Page-10', 8, 3, 24, 533, 12792, 0, 0, 0, 0, 0, 14710.8, 15, 0, '1'),
(11, 11, 'LB-1835143', 11, '2018-01-01', '1', 'Others', 'LGED-01', '1', 'Page-11', 10, 3, 30, 533, 15990, 0, 0, 0, 0, 0, 18388.5, 15, 0, '1'),
(12, 12, 'PD-18309', 12, '2018-01-01', '1', 'Others', 'PWD-Purto Bhaban/Uttara Project', '1', 'Page-12', 5, 4, 20, 533, 10660, 0, 0, 0, 0, 0, 12259, 15, 0, '1'),
(13, 13, 'DM-1832126', 13, '2018-01-01', '1', 'Others', 'DPHE-M_01', '1', 'Page-12', 3, 3, 9, 533, 4797, 0, 0, 0, 0, 0, 5516.55, 15, 0, '1'),
(14, 14, 'D(-1832724', 14, '2018-01-01', '1', 'Others', 'DLS-KKS-01', '1', 'Page-12', 4, 8, 32, 533, 17056, 0, 0, 0, 0, 0, 19614.4, 15, 0, '1'),
(15, 15, 'CB-1833140', 2, '2018-01-01', '2', 'Others', 'Cute-01', '1', 'Back Page', 4, 9, 36, 1000, 36000, 0, 0, 0, 16.5, 5940, 30060, 0, 0, '1'),
(16, 16, 'AL-1833528', 2, '2018-01-01', '2', 'Others', 'Annex-01', '1', 'Back Page', 5, 2, 10, 1000, 10000, 0, 0, 0, 0, 0, 10000, 0, 0, '1'),
(17, 17, 'RL-18346', 3, '2018-01-02', '1', '2', 'RBL-01', '1', 'Page-03', 10, 4, 40, 799.5, 31980, 0, 0, 45, 0, 0, 57963.8, 15, 10, '1'),
(18, 18, 'LL-1833729', 17, '2018-01-02', '1', 'Others', 'LGED-J-A-01', '1', 'Page-04', 5, 8, 40, 533, 21320, 0, 0, 0, 0, 0, 24518, 15, 0, '1'),
(19, 19, 'ZN-183046', 6, '2018-01-02', '1', 'Others', 'Zila Prishod-01', '1', 'Page-05', 4, 3, 12, 533, 6396, 0, 0, 0, 0, 0, 7355.4, 15, 0, '1'),
(20, 20, 'PD-1831353', 18, '2018-01-02', '1', 'Others', 'PWD-K-01', '1', 'Page-05', 6, 3, 18, 533, 9594, 0, 0, 0, 0, 0, 11033.1, 15, 0, '1'),
(21, 21, 'BC-1831647', 12, '2018-01-02', '1', 'Others', 'BFIS-01', '1', 'Page-10', 6, 3, 18, 799.5, 14391, 0, 0, 0, 0, 0, 16549.7, 15, 0, '1'),
(22, 22, 'NC-1832053', 20, '2018-01-02', '1', 'Others', 'NCC-8542(50)', '1', 'Page-02', 12, 4, 48, 533, 25584, 0, 0, 0, 0, 0, 29421.6, 15, 0, '1'),
(23, 23, 'BB-1833719', 21, '2018-01-03', '1', 'Others', 'BPDB-724', '1', 'Page-04', 6, 3, 18, 799.5, 14391, 0, 0, 0, 0, 0, 16549.7, 15, 0, '1'),
(24, 23, 'BB-1833719', 21, '2018-01-03', '1', 'Others', 'BPDB-Comilla-725', '1', 'Page-04', 6, 3, 18, 799.5, 14391, 0, 0, 0, 0, 0, 16549.7, 15, 0, '1'),
(25, 24, 'LL-1834328', 22, '2018-01-03', '2', 'Others', 'LEGD-D-H-01', '1', 'Page-04', 5, 4, 20, 533, 10660, 0, 0, 0, 0, 0, 12259, 15, 0, '1'),
(26, 25, 'LL-1834853', 23, '2018-01-03', '2', '', 'LGED-N-01', '1', 'Page-05', 6, 4, 24, 533, 12792, 0, 0, 0, 0, 0, 14710.8, 15, 0, '1'),
(27, 26, 'RD-18325', 24, '2018-01-03', '1', 'Others', 'RHD-J-01', '1', 'Page-05', 7, 4, 28, 533, 14924, 0, 0, 0, 0, 0, 17162.6, 15, 0, '1'),
(28, 27, 'WW-183945', 14, '2018-01-03', '1', '2', 'WASA-03', '1', 'Page-10', 4, 3, 12, 533, 6396, 0, 0, 0, 0, 0, 7355.4, 15, 0, '1'),
(29, 28, 'DD-183146', 25, '2018-01-03', '1', '', 'DPHE-493', '1', 'Page-12', 9, 4, 36, 533, 19188, 0, 0, 0, 0, 0, 22066.2, 15, 0, '1'),
(30, 29, 'PH-1831753', 14, '2018-01-03', '1', 'Others', 'Bangladesh Police-32(4)', '1', 'Page-12', 12, 4, 48, 533, 25584, 0, 0, 0, 0, 0, 29421.6, 15, 0, '1'),
(31, 30, 'WR-1832421', 26, '2018-01-04', '1', '2', 'WASA-R-01', '1', 'Page-04', 6, 4, 24, 533, 12792, 0, 0, 0, 0, 0, 14710.8, 15, 0, '1'),
(32, 31, 'PC-1833021', 24, '2018-01-04', '1', 'Others', 'PWD-J-2029(2', '1', 'Page-04', 6, 4, 24, 533, 12792, 0, 0, 0, 0, 0, 14710.8, 15, 0, '1'),
(33, 32, 'LL-1833312', 25, '2018-01-04', '', '', 'LGED-G-01', '', 'Page-05', 10, 3, 30, 533, 15990, 0, 0, 0, 0, 0, 18388.5, 15, 0, '1'),
(34, 33, '3B-1834255', 5, '2018-01-04', '1', 'Others', '3rd ABPN-34', '1', 'Page-05', 14, 5, 70, 533, 37310, 0, 0, 0, 0, 0, 42906.5, 15, 0, '1'),
(35, 34, 'RD-1834545', 27, '2018-01-04', '1', 'Others', 'RHD-OD-EAST-07(2)/1(15)', '1', 'Page-10', 10, 3, 30, 533, 15990, 0, 0, 0, 0, 0, 18388.5, 15, 0, '1'),
(36, 35, 'BB-1834954', 28, '2018-01-04', '1', 'Others', 'BWDB-321', '1', 'Page-10', 5, 3, 15, 533, 7995, 0, 0, 0, 0, 0, 9194.25, 15, 0, '1'),
(37, 36, 'RB-1835422', 29, '2018-01-04', '1', 'Others', 'RHD-C-71', '1', 'Page', 6, 3, 18, 533, 9594, 0, 0, 0, 0, 0, 11033.1, 15, 0, '1'),
(38, 23, 'BB-1833719', 21, '2018-01-04', '1', 'Others', 'BPDB-741', '1', 'Page-11', 6, 3, 18, 799.5, 14391, 0, 0, 0, 0, 0, 16549.7, 15, 0, '1'),
(39, 23, 'BB-1833719', 21, '2018-01-04', '1', 'Others', 'BPDB-735', '1', 'Page-11', 8, 3, 24, 799.5, 19188, 0, 0, 0, 0, 0, 22066.2, 15, 0, '1'),
(40, 37, 'HD-183231', 16, '2018-01-04', '1', 'Others', 'HED-03', '1', 'Page-12', 15, 4, 60, 533, 31980, 0, 0, 0, 0, 0, 36777, 15, 0, '1'),
(41, 38, 'DF-183437', 28, '2018-01-04', '1', 'Others', 'DGF-19', '1', 'Page-12', 6, 4, 24, 533, 12792, 0, 0, 0, 0, 0, 14710.8, 15, 0, '1'),
(42, 39, 'BB-183825', 3, '2018-01-04', '2', '2', 'BB-49', '1', 'Page-12', 12, 4, 48, 533, 25584, 0, 0, 0, 0, 0, 31980, 15, 10, '1'),
(43, 40, 'NP-1834424', 14, '2018-01-05', '1', 'Others', 'NAPT-2/9', '1', 'Page-03', 8, 4, 32, 533, 17056, 0, 0, 0, 0, 0, 19614.4, 15, 0, '1'),
(44, 41, 'ST-1835119', 16, '2018-01-05', '1', 'E_Institute', 'SUST-303(6)', '1', 'Page-04', 5, 4, 20, 533, 10660, 0, 0, 0, 0, 0, 12259, 15, 0, '1'),
(45, 42, 'PD-1835410', 10, '2018-01-05', '1', 'Others', 'PWD-(2132(3)', '1', 'Page-04', 6, 4, 24, 533, 12792, 0, 0, 0, 0, 0, 14710.8, 15, 0, '1'),
(46, 43, 'PM-1835819', 30, '2018-01-05', '1', 'Others', 'SP-S-M-4692', '1', 'Page-05', 15, 4, 60, 533, 31980, 0, 0, 0, 0, 0, 36777, 15, 0, '1'),
(47, 44, 'PD-183957', 31, '2018-01-05', '1', '2', 'PWD-C-22', '1', 'Page-12', 4, 4, 16, 533, 8528, 0, 0, 0, 0, 0, 9807.2, 15, 0, '1'),
(48, 45, 'BA-1831159', 28, '2018-01-05', '1', 'Others', 'BIWTA', '1', 'Page-12', 15, 3, 45, 533, 23985, 0, 0, 0, 0, 0, 27582.8, 15, 0, '1'),
(49, 23, 'BB-1833719', 21, '2018-01-05', '1', 'Others', 'BPDP-Comilla-748', '1', 'Page-11', 4, 3, 12, 799.5, 9594, 0, 0, 0, 0, 0, 11033.1, 15, 0, '1'),
(50, 35, 'BB-1834954', 28, '2018-01-05', '1', 'Others', 'BWDB-327', '1', 'Page-11', 8, 3, 24, 533, 12792, 0, 0, 0, 0, 0, 14710.8, 15, 0, '1'),
(51, 46, 'LB-1831915', 32, '2018-01-06', '1', 'Others', 'LGED-C-B-01', '1', 'Page-03', 8, 4, 32, 533, 17056, 0, 0, 0, 0, 0, 19614.4, 15, 0, '1'),
(52, 29, 'PH-1831753', 14, '2018-01-06', '1', 'Others', 'PH-DIG-ICT-01', '1', 'Page-04', 10, 4, 40, 533, 21320, 0, 0, 0, 0, 0, 24518, 15, 0, '1'),
(53, 47, 'ST-1835119', 16, '2018-01-06', '1', 'E_Institute', 'SUST-DCEPS-05', '1', 'Page-05', 5.5, 5, 27.5, 533, 14657.5, 0, 0, 0, 0, 0, 16856.1, 15, 0, '1'),
(54, 48, 'GL-1832811', 8, '2018-01-06', '1', 'Others', 'GTCL-238', '1', 'Page-05', 7, 3, 21, 533, 11193, 0, 0, 0, 0, 0, 12872, 15, 0, '1'),
(55, 49, 'LS-1833139', 22, '2018-01-06', '1', 'Others', 'LEGD-D-01', '1', 'Page-12', 10, 4, 40, 533, 21320, 0, 0, 0, 0, 0, 24518, 15, 0, '1'),
(56, 50, 'LA-1833738', 33, '2018-01-06', '1', 'Others', 'U-LGED-01', '1', 'Page-12', 12, 4, 48, 533, 25584, 0, 0, 0, 0, 0, 29421.6, 15, 0, '1'),
(57, 51, 'DS-1834734', 7, '2018-01-07', '1', 'Others', 'DGHS-', '1', 'Page-12', 8, 4, 32, 533, 17056, 0, 0, 0, 0, 0, 19614.4, 15, 0, '1'),
(58, 52, 'BB-1831734', 7, '2018-01-07', '1', 'Others', 'BREB-01', '1', 'Page-12', 9, 3, 27, 799.5, 21586.5, 0, 0, 0, 0, 0, 24824.5, 15, 0, '1'),
(59, 11, 'LB-1835143', 11, '2018-01-08', '1', 'Others', 'LGED-B-02', '1', 'Page-04', 10, 3, 30, 533, 15990, 0, 0, 0, 0, 0, 18388.5, 15, 0, '1'),
(60, 53, 'RD-1832616', 24, '2018-01-08', '1', 'Others', 'RHD-F-11', '1', 'Page-05', 5, 4, 20, 533, 10660, 0, 0, 0, 0, 0, 12259, 15, 0, '1'),
(61, 54, 'BG-183524', 8, '2018-01-08', '1', 'Others', 'BCG-03', '1', 'Page-05', 9, 3, 27, 533, 14391, 0, 0, 0, 0, 0, 16549.7, 15, 0, '1'),
(62, 55, 'EM-183317', 34, '2018-01-08', '2', 'Others', 'Police HQ Supllement', '1', 'Page-06', 20.5, 8, 164, 533, 87412, 0, 0, 0, 20.34, 17779.6, 80077.3, 15, 0, '1'),
(63, 56, 'LL-183103', 35, '2018-01-08', '1', 'Others', 'U-LGED-P-01', '1', 'Page-12', 8, 4, 32, 533, 17056, 0, 0, 0, 0, 0, 19614.4, 15, 0, '1'),
(64, 39, 'BB-183825', 3, '2018-01-08', '2', '2', 'BB-107', '1', 'Page-12', 10, 5, 50, 533, 26650, 0, 0, 0, 0, 0, 33312.5, 15, 10, '1'),
(65, 343, 'BL-184928', 28, '2018-01-09', '1', 'Others', 'BCIC-376', '1', 'Page-03', 8, 3, 24, 799.5, 19188, 0, 0, 0, 0, 0, 22066.2, 15, 0, '1'),
(66, 57, 'LL-183190', 36, '2018-01-09', '1', 'Others', 'LGED-46/1(12)', '1', 'Page-04', 10, 3, 30, 533, 15990, 0, 0, 0, 0, 0, 18388.5, 15, 0, '1'),
(67, 39, 'BB-183825', 3, '2018-01-09', '2', '2', 'BB-139', '1', 'Page-04', 12, 3, 36, 533, 19188, 0, 0, 0, 0, 0, 23985, 15, 10, '1'),
(68, 8, 'MD-1832648', 8, '2018-01-09', '1', 'Others', 'ISPR-Army-1014', '1', 'Page-05', 5, 4, 20, 533, 10660, 0, 0, 0, 0, 0, 12259, 15, 0, '1'),
(69, 58, 'EZ-1834034', 37, '2018-01-09', '1', 'Others', 'EED-BG-01', '1', 'Page-05', 7, 4, 28, 533, 14924, 0, 0, 0, 0, 0, 17162.6, 15, 0, '1'),
(70, 59, 'PD-1834656', 27, '2018-01-09', '1', 'Others', 'PWD-Mirpur-1527', '1', 'Page-12', 6, 3, 18, 533, 9594, 0, 0, 0, 0, 0, 11033.1, 15, 0, '1'),
(71, 60, 'BA-183496', 8, '2018-01-09', '1', 'Technology', 'BHTPA-204', '1', 'Page-12', 7, 3, 21, 533, 11193, 0, 0, 0, 0, 0, 12872, 15, 0, '1'),
(72, 61, 'DE-1835240', 12, '2018-01-09', '1', 'E_Institute', 'DSHE-1978', '1', 'Page-12', 20, 4, 80, 533, 42640, 0, 0, 0, 0, 0, 49036, 15, 0, '1'),
(73, 15, 'CB-1833140', 2, '2018-01-09', '2', 'Others', 'CUTE-02', '1', 'Back Page', 9, 4, 36, 533, 19188, 100, 0, 45, 60, 28206.4, 21624.9, 15, 0, '1'),
(74, 62, 'EE-183218', 30, '2018-01-10', '1', 'E_Institute', 'EED-M-04', '1', 'Page-04', 5, 3, 15, 533, 7995, 0, 0, 0, 0, 0, 9194.25, 15, 0, '1'),
(75, 63, 'LB-18347', 11, '2018-01-10', '1', 'Others', 'L:GED-B-01', '1', 'Page-04', 10, 3, 30, 533, 15990, 0, 0, 0, 0, 0, 18388.5, 15, 0, '1'),
(76, 9, 'JC-1832950', 9, '2018-01-10', '1', 'Others', 'JUST-792(2)', '1', 'Page-04', 7, 3, 21, 533, 11193, 0, 0, 0, 0, 0, 12872, 15, 0, '1'),
(77, 64, 'DM-18387', 8, '2018-01-10', '1', 'Others', 'DM-01', '1', 'Page-05', 8, 4, 32, 533, 17056, 0, 0, 0, 0, 0, 19614.4, 15, 0, '1'),
(78, 35, 'BB-1834954', 28, '2018-01-10', '1', 'Others', 'BWDB-340', '1', 'Page-05', 16, 3, 48, 533, 25584, 0, 0, 0, 0, 0, 29421.6, 15, 0, '1'),
(79, 65, 'DP-1831752', 38, '2018-01-10', '1', 'Others', 'DFP-Homecomming Day-05', '1', 'Page-10', 20.5, 8, 164, 533, 87412, 0, 0, 0, 0, 0, 109265, 15, 10, '1'),
(80, 66, 'PP-1832514', 39, '2018-01-10', '1', 'Others', 'PWD-B-01', '1', 'Page-12', 3, 4, 12, 533, 6396, 0, 0, 0, 0, 0, 7355.4, 15, 0, '1'),
(81, 67, 'NP-1832937', 40, '2018-01-10', '1', 'Others', 'Natore-pourashava-01', '1', 'Page-12', 8, 4, 32, 533, 17056, 0, 0, 0, 0, 0, 19614.4, 15, 0, '1'),
(82, 68, 'HD-1833355', 14, '2018-01-10', '1', 'Others', 'HED-01', '1', 'Page-12', 12, 4, 48, 533, 25584, 0, 0, 0, 0, 0, 29421.6, 15, 0, '1'),
(83, 69, 'PA-1833742', 2, '2018-01-10', '2', 'Others', 'Notol Motor-01', '1', 'Page-20', 2, 3, 6, 1000, 6000, 0, 0, 0, 0, 0, 6000, 0, 0, '1'),
(84, 70, 'IF-1834321', 8, '2018-01-11', '1', 'Others', 'IF-01', '1', 'Page-03', 6, 3, 18, 533, 9594, 0, 0, 0, 0, 0, 11033.1, 15, 0, '1'),
(85, 71, 'BA-1834634', 14, '2018-01-11', '1', 'Others', 'BEZA-2939', '1', 'Page-04', 12.5, 8, 100, 533, 53300, 0, 0, 0, 0, 0, 61295, 15, 0, '1'),
(86, 72, 'LL-1835114', 41, '2018-01-11', '1', 'Others', 'U-LGED-S-01', '1', 'Page-05', 4, 4, 16, 533, 8528, 0, 0, 0, 0, 0, 9807.2, 15, 0, '1'),
(87, 73, 'DP-1835452', 26, '2018-01-11', '1', 'Others', 'DGDP-01', '1', 'Page-05', 4, 4, 16, 533, 8528, 0, 0, 0, 0, 0, 9807.2, 15, 0, '1'),
(88, 23, 'BB-1833719', 21, '2018-01-11', '1', 'Others', 'BPDB-770', '1', 'Page-05', 7, 3, 21, 799.5, 16789.5, 0, 0, 0, 0, 0, 19307.9, 15, 0, '1'),
(89, 74, 'LK-183243', 42, '2018-01-11', '1', 'Others', 'U-LGED-K-01', '1', 'Page-05', 6, 3, 18, 533, 9594, 0, 0, 0, 0, 0, 11033.1, 15, 0, '1'),
(90, 39, 'BB-183825', 3, '2018-01-11', '2', '2', 'BB-193', '4', 'Page-10', 4, 3, 12, 533, 6396, 0, 0, 0, 0, 0, 7355.4, 15, 0, '1'),
(91, 7, 'RD-1832020', 7, '2018-01-11', '1', 'Others', 'RHD-02', '1', 'Page-12', 12, 4, 48, 533, 25584, 0, 0, 0, 0, 0, 29421.6, 15, 0, '1'),
(92, 75, 'LH-1831333', 7, '2018-01-11', '1', 'Others', 'Winter Health-01', '1', 'Back Page', 14, 4, 56, 533, 29848, 0, 72.5, 45, 0, 0, 74657.3, 15, 0, '1'),
(93, 39, 'BB-183825', 3, '2018-01-12', '2', '2', 'BB-216', '1', 'Page-03', 4, 3, 12, 533, 6396, 0, 0, 0, 0, 0, 7995, 15, 10, '1'),
(94, 76, 'UP-1833244', 43, '2018-01-12', '2', 'E_Institute', 'UAP-01', '1', 'Page-03', 7, 3, 21, 1000, 21000, 0, 0, 0, 12.5, 2625, 21131.2, 15, 0, '1'),
(95, 65, 'DP-1831752', 38, '2018-01-12', '1', 'Others', 'DFP-Supplement-06', '4', 'Page-04-05', 41, 8, 328, 533, 174824, 0, 0, 45, 0, 0, 316868, 15, 10, '1'),
(96, 77, 'TA-1831858', 4, '2018-01-12', '2', 'Others', 'T-AD-01', '1', 'Page-04', 8, 3, 24, 799.5, 19188, 0, 0, 0, 0, 0, 22066.2, 15, 0, '1'),
(97, 8, 'MD-1832648', 8, '2018-01-12', '1', 'Others', 'ADHOC-1020', '1', 'Page-06', 4, 4, 16, 533, 8528, 0, 0, 0, 0, 0, 9807.2, 15, 0, '1'),
(98, 78, 'PD-183363', 44, '2018-01-13', '1', 'Others', 'PWD-B-01', '1', 'Page-03', 3, 4, 12, 533, 6396, 0, 0, 0, 0, 0, 7355.4, 15, 0, '1'),
(99, 79, 'DD-1834831', 13, '2018-01-13', '1', 'Others', 'DPHE-01', '1', 'Page-12', 3, 3, 9, 533, 4797, 0, 0, 0, 0, 0, 5516.55, 15, 0, '1'),
(100, 80, 'RZ-183023', 10, '2018-01-13', '1', 'Others', 'RHD-R-01', '1', 'Page-12', 6, 4, 24, 533, 12792, 0, 0, 0, 0, 0, 14710.8, 15, 0, '1'),
(101, 81, 'RZ-1832250', 16, '2018-01-14', '1', 'Others', 'RHD-S-01', '1', 'Page-04', 6, 4, 24, 533, 12792, 0, 0, 0, 0, 0, 14710.8, 15, 0, '1'),
(102, 82, 'SM-1832559', 14, '2018-01-14', '1', 'Others', 'SPM-010', '1', 'Page-04', 10, 4, 40, 533, 21320, 0, 0, 0, 0, 0, 24518, 15, 0, '1'),
(103, 83, '1B-1834017', 7, '2018-01-14', '1', 'Others', 'ABPN-236', '1', 'Page-05', 12, 4, 48, 533, 25584, 0, 0, 0, 0, 0, 29421.6, 15, 0, '1'),
(104, 84, 'RD-1834551', 45, '2018-01-14', '1', 'Others', 'RHD', '1', 'Page-12', 5, 3, 15, 533, 7995, 0, 0, 0, 0, 0, 9194.25, 15, 0, '1'),
(105, 85, 'PM-1835031', 13, '2018-01-14', '1', 'Others', 'SP-01', '1', 'Page-12', 8, 3, 24, 533, 12792, 0, 0, 0, 0, 0, 14710.8, 15, 0, '1'),
(106, 86, 'JL-183587', 45, '2018-01-14', '1', 'Others', 'JM-01', '1', 'Back Page', 5, 3, 15, 1000, 15000, 0, 0, 0, 33.3333, 5000, 10000, 0, 0, '1'),
(107, 1, 'IL-1835521', 2, '2018-01-15', '', '', 'IBBL-02', '', 'Font page', 4, 6, 24, 1000, 24000, 0, 75, 0, 4.76, 1999.2, 46000.9, 15, 0, '1'),
(108, 87, 'EA-1831023', 45, '2018-01-14', '2', 'Others', 'EA-01', '1', 'Page-03', 2, 1, 2, 250, 500, 0, 0, 0, 0, 0, 500, 0, 0, '1'),
(109, 58, 'EZ-1834034', 37, '2018-01-15', '1', 'Others', 'EED-510', '1', 'Page-12', 7, 4, 28, 533, 14924, 0, 0, 0, 0, 0, 17162.6, 15, 0, '1'),
(110, 88, 'LL-1832922', 6, '2018-01-15', '1', 'Others', 'lged-02', '1', 'Page-04', 3, 4, 12, 533, 6396, 0, 0, 0, 0, 0, 7355.4, 15, 0, '1'),
(111, 89, 'RD-1834511', 5, '2018-01-15', '1', 'Others', 'RHD-KH-01', '1', 'Page-04', 5, 4, 20, 533, 10660, 0, 0, 0, 0, 0, 12259, 15, 0, '1'),
(112, 90, 'GP-183485', 25, '2018-01-15', '1', 'Others', 'GDP-JS-01', '1', 'Page-05', 5, 3, 15, 533, 7995, 0, 0, 0, 0, 0, 9194.25, 15, 0, '1'),
(113, 91, 'GC-183507', 46, '2018-01-15', '1', 'Others', 'GC-01', '1', 'Page-05', 7, 3, 21, 533, 11193, 0, 0, 0, 0, 0, 12872, 15, 0, '1'),
(114, 92, 'CA-1835619', 47, '2018-01-15', '1', 'Others', 'CPA-01', '1', 'Page-12', 5, 3, 15, 799.5, 11992.5, 0, 0, 0, 0, 0, 13791.4, 15, 0, '1'),
(115, 93, 'PP-18330', 48, '2018-01-16', '1', '', 'PWD-M-01', '1', 'Page-03', 7, 3, 21, 533, 11193, 0, 0, 0, 0, 0, 12872, 15, 0, '1'),
(116, 23, 'BB-1833719', 21, '2018-01-16', '1', 'Others', 'BPDB-780', '1', 'Page-04', 6, 2, 12, 799.5, 9594, 0, 0, 0, 0, 0, 11033.1, 15, 0, '1'),
(117, 35, 'BB-1834954', 28, '2018-01-16', '1', 'Others', 'BWDB-354', '1', 'Page-04', 7, 3, 21, 533, 11193, 0, 0, 0, 0, 0, 12872, 15, 0, '1'),
(118, 45, 'BA-1831159', 28, '2018-01-16', '1', 'Others', 'BIWTA-02', '1', 'Page-04', 8, 3, 24, 533, 12792, 0, 0, 0, 0, 0, 14710.8, 15, 0, '1'),
(119, 94, 'DD-1831253', 49, '2018-01-16', '1', 'E_Institute', 'DPHE-Si-01', '1', 'Page-10', 5.5, 4, 22, 533, 11726, 0, 0, 0, 0, 0, 13484.9, 15, 0, '1'),
(120, 95, 'L-1831847', 8, '2018-01-16', '1', 'Others', 'LGED-343', '1', 'Page-10', 9, 4, 36, 533, 19188, 0, 0, 0, 0, 0, 22066.2, 15, 0, '1'),
(121, 96, 'ME-1832136', 45, '2018-01-16', '1', 'Others', 'BFDC-01', '1', 'Page-11', 8, 4, 32, 533, 17056, 0, 0, 0, 0, 0, 19614.4, 15, 0, '1'),
(122, 38, 'DF-183437', 28, '2018-01-16', '1', 'Others', 'DGF-02', '1', 'Page-11', 5, 5, 25, 533, 13325, 0, 0, 0, 0, 0, 15323.8, 15, 0, '1'),
(123, 97, 'DP-1833016', 14, '2018-01-16', '1', 'Others', 'DGFP-01', '1', 'Page-12', 15, 8, 120, 533, 63960, 0, 0, 0, 0, 0, 73554, 15, 0, '1'),
(124, 98, 'DP-1831752', 38, '2018-01-17', '1', 'Others', 'DFP-N-Ad-01', '1', 'Front Page', 4, 5, 20, 533, 10660, 0, 0, 0, 0, 0, 12259, 15, 0, '1'),
(125, 99, 'DD-1833939', 47, '2018-01-17', '1', 'Others', 'DPHE-C-01', '1', 'Page-3', 3, 3, 9, 533, 4797, 0, 0, 0, 0, 0, 5516.55, 15, 0, '1'),
(126, 100, 'LL-1834157', 5, '2018-01-17', '1', '', 'LGED-131', '1', 'Page-03', 7, 3, 21, 533, 11193, 0, 0, 0, 0, 0, 12872, 15, 0, '1'),
(127, 101, 'T-1834443', 5, '2018-01-17', '1', 'E_Institute', 'RPI-01', '1', 'Page-04', 8, 3, 24, 533, 12792, 0, 0, 0, 0, 0, 14710.8, 15, 0, '1'),
(128, 102, 'RD-183037', 30, '2018-01-17', '1', 'Others', 'RHD-M-01', '1', 'Page-04', 6, 3, 18, 533, 9594, 0, 0, 0, 0, 0, 11033.1, 15, 0, '1'),
(129, 103, 'RD-183440', 41, '2018-01-17', '1', 'Others', 'RHD-79', '1', 'Page-04', 7, 3, 21, 533, 11193, 0, 0, 0, 0, 0, 12872, 15, 0, '1'),
(130, 104, 'SP-1834511', 40, '2018-01-17', '1', 'Others', 'SP-N-01', '1', 'Page-5', 7.5, 4, 30, 533, 15990, 0, 0, 0, 0, 0, 18388.5, 15, 0, '1'),
(131, 92, 'CA-1835619', 47, '2018-01-17', '1', 'Others', 'CPA-02', '1', 'Page-05', 6, 4, 24, 799.5, 19188, 0, 0, 0, 0, 0, 22066.2, 15, 0, '1'),
(132, 105, 'PS-1834952', 36, '2018-01-17', '1', 'Others', 'PS-F-181', '1', 'Page-05', 12, 4, 48, 533, 25584, 0, 0, 0, 0, 0, 29421.6, 15, 0, '1'),
(133, 106, 'DP-1835241', 45, '2018-01-17', '1', 'Others', 'DZP-01', '1', 'Page-10', 20.5, 8, 164, 533, 87412, 0, 0, 0, 0, 0, 100524, 15, 0, '1'),
(134, 107, 'PP-1835456', 50, '2018-01-17', '1', 'Others', 'PWD-CD-49', '1', 'Page-11', 9, 5, 45, 533, 23985, 0, 0, 0, 0, 0, 27582.8, 15, 0, '1'),
(135, 54, 'BG-183524', 14, '2018-01-17', '1', 'Others', 'BCG-16', '1', 'Page-12', 9, 3, 27, 533, 14391, 0, 0, 0, 0, 0, 16549.7, 15, 0, '1'),
(136, 108, 'LF-183038', 51, '2018-01-17', '1', 'Others', 'LGED-FP-01', '1', 'Page-12', 14, 4, 56, 533, 29848, 0, 0, 0, 0, 0, 34325.2, 15, 0, '1'),
(137, 29, 'PH-1831753', 14, '2018-01-18', '1', 'Others', 'PH-AIG-59', '1', 'Front Page', 8, 3, 24, 533, 12792, 100, 0, 90, 0, 0, 42661.3, 15, 0, '1'),
(138, 109, 'LL-1832441', 52, '2018-01-18', '1', 'Others', 'LEGE-RM-01', '1', 'Page-04', 10, 4, 40, 533, 21320, 0, 0, 0, 0, 0, 24518, 15, 0, '1'),
(139, 8, 'MD-1832648', 8, '2018-01-18', '1', 'Others', 'COMB-1027', '1', 'Page-04', 3, 4, 12, 533, 6396, 0, 0, 0, 15, 959.4, 6252.09, 15, 0, '1'),
(140, 110, 'LL-1835357', 48, '2018-01-18', '1', 'Others', 'U-LGED-IM-01', '1', 'Page-04', 7, 4, 28, 533, 14924, 0, 0, 0, 0, 0, 17162.6, 15, 0, '1'),
(141, 111, 'TL-1835924', 14, '2018-01-18', '1', '', 'TGTDCL-01', '1', 'Page-05', 20, 3, 60, 799.5, 47970, 0, 0, 0, 0, 0, 55165.5, 15, 0, '1'),
(142, 112, 'LL-183327', 53, '2018-01-18', '1', 'Others', 'LGED-JD-01', '1', 'Page-10', 5, 3, 15, 533, 7995, 0, 0, 0, 0, 0, 9194.25, 15, 0, '1'),
(143, 39, 'BB-183825', 3, '2018-01-18', '2', '2', 'BB-296', '1', 'Page-10', 4, 3, 12, 533, 6396, 0, 0, 0, 0, 0, 7355.4, 15, 0, '1'),
(144, 113, 'RR-1835441', 51, '2018-01-18', '1', 'Others', 'RHD-FP-01', '1', 'Page-10', 6, 3, 18, 533, 9594, 0, 0, 0, 0, 0, 11033.1, 15, 0, '1'),
(145, 114, 'UP-183587', 54, '2018-01-18', '1', 'Others', 'UPN-23/01(60)', '1', 'Page-12', 12, 4, 48, 533, 25584, 0, 0, 0, 0, 0, 29421.6, 15, 0, '1'),
(146, 115, 'RR-183439', 45, '2018-01-18', '1', 'Others', 'RHD-P-01', '1', 'Page-12', 8, 3, 24, 533, 12792, 0, 0, 0, 0, 0, 14710.8, 15, 0, '1'),
(147, 116, 'NU-18397', 46, '2018-01-18', '1', 'E_Institute', 'NUB-23', '1', 'Page-12', 10, 3, 30, 533, 15990, 0, 0, 0, 0, 0, 18388.5, 15, 0, '1'),
(148, 45, 'BA-1831159', 28, '2018-01-19', '1', 'Others', 'BIWTA-4', '1', 'Page-04', 8, 3, 24, 533, 12792, 0, 0, 0, 0, 0, 14710.8, 15, 0, '1'),
(149, 117, 'RR-183134', 39, '2018-01-19', '1', 'Others', 'RHD-BS-01', '1', 'Page-04', 8, 3, 24, 533, 12792, 0, 0, 0, 0, 0, 14710.8, 15, 0, '1'),
(150, 118, 'CR-183159', 47, '2018-01-19', '1', 'Others', 'CR-C-S(18)(19)', '1', 'Page-04', 5, 4, 20, 533, 10660, 0, 0, 0, 0, 0, 12259, 15, 0, '1'),
(151, 119, 'PC-1831733', 10, '2018-01-19', '1', 'Others', 'PTC-01', '1', 'Page-05', 10, 5, 50, 533, 26650, 0, 0, 0, 0, 0, 30647.5, 15, 0, '1'),
(152, 120, 'PP-1831917', 5, '2018-01-19', '1', 'Others', 'PWD-KH-01', '1', 'Page-11', 6, 3, 18, 533, 9594, 0, 0, 0, 0, 0, 11033.1, 15, 0, '1'),
(153, 121, 'LS-1833730', 30, '2018-01-19', '1', 'Others', 'LGED,S-M-01', '1', 'Page-12', 7, 4, 28, 533, 14924, 0, 0, 0, 0, 0, 17162.6, 15, 0, '1'),
(154, 49, 'LS-1833139', 22, '2018-01-19', '1', 'Others', 'LGED-D-01', '1', 'Page-12', 10, 4, 40, 533, 21320, 0, 0, 0, 0, 0, 24518, 15, 0, '1'),
(155, 122, 'RR-1834714', 26, '2018-01-19', '1', 'Others', 'BR', '1', 'Page-12', 11, 4, 44, 533, 23452, 0, 0, 0, 0, 0, 26969.8, 15, 0, '1'),
(156, 56, 'LL-183103', 35, '2018-01-20', '1', 'Others', 'LGED-P-1999', '1', 'Page-05', 10, 3, 30, 533, 15990, 0, 0, 0, 0, 0, 18388.5, 15, 0, '1'),
(157, 23, 'BB-1833719', 21, '2018-01-20', '1', 'Others', 'BPDB-786', '1', 'Page-12', 5, 2, 10, 799.5, 7995, 0, 0, 0, 0, 0, 9194.25, 15, 0, '1'),
(158, 23, 'BB-1833719', 21, '2018-01-20', '1', 'Others', 'BPDB-784', '1', 'Page-12', 6, 2, 12, 799.5, 9594, 0, 0, 0, 0, 0, 11033.1, 15, 0, '1'),
(159, 23, 'BB-1833719', 21, '2018-01-20', '1', 'Others', 'BPDB-Ranpur-792', '1', 'Page-12', 5, 3, 15, 799.5, 11992.5, 0, 0, 0, 0, 0, 13791.4, 15, 0, '1'),
(160, 123, 'LL-183560', 41, '2018-01-21', '1', 'Others', 'LGED-B-S-01', '1', 'Page-04', 6, 3, 18, 533, 9594, 0, 0, 0, 0, 0, 11033.1, 15, 0, '1'),
(161, 52, 'BB-1831734', 7, '2018-01-21', '1', 'Others', 'BREB-02', '1', 'Page-05', 9, 4, 36, 799.5, 28782, 0, 0, 0, 0, 0, 33099.3, 15, 0, '1'),
(162, 124, 'C-18336', 45, '2018-01-21', '1', 'Others', 'CHTDB-01', '2', 'Page-06', 20.5, 8, 164, 533, 87412, 0, 0, 45, 0, 0, 158434, 15, 10, '1'),
(163, 125, 'GP-183431', 55, '2018-01-21', '1', 'Others', 'GPP-01', '1', 'Page-12', 14, 3, 42, 533, 22386, 0, 0, 0, 0, 0, 25743.9, 15, 0, '1'),
(164, 126, 'LL-183946', 56, '2018-01-22', '1', 'Others', 'LGED-D-M-01', '1', 'Page-03', 7, 4, 28, 533, 14924, 0, 0, 0, 0, 0, 17162.6, 15, 0, '1'),
(165, 127, 'LL-1831327', 49, '2018-01-22', '1', 'Others', 'LGED-D-S-01', '1', 'Page-04', 6, 4, 24, 533, 12792, 0, 0, 0, 0, 0, 14710.8, 15, 0, '1'),
(166, 22, 'NC-1832053', 20, '2018-01-22', '1', 'Others', 'Page-04', '1', 'Page-04', 6, 4, 24, 533, 12792, 0, 0, 0, 0, 0, 14710.8, 15, 0, '1'),
(167, 128, 'MW-1832054', 12, '2018-01-22', '1', 'Others', 'MHPW-01', '1', 'Page-05', 3, 3, 9, 533, 4797, 0, 0, 0, 0, 0, 5516.55, 15, 0, '1'),
(168, 129, 'PD-1832816', 14, '2018-01-22', '1', 'Others', ' PWD-D-A-', '1', 'Page-05', 6, 4, 24, 533, 12792, 0, 0, 0, 0, 0, 14710.8, 15, 0, '1'),
(169, 8, 'MD-1832648', 8, '2018-01-22', '1', 'Others', 'DW,WD-1035', '1', 'Page-05', 7, 4, 28, 533, 14924, 0, 0, 0, 0, 0, 17162.6, 15, 0, '1'),
(170, 130, 'BA-1833155', 14, '2018-01-22', '1', 'Industry', 'BEZA-153(2)', '1', 'Page-12', 20, 4, 80, 533, 42640, 0, 0, 0, 0, 0, 49036, 15, 0, '1'),
(171, 131, 'ME-183354', 47, '2018-01-23', '1', 'Others', 'MDE-01', '1', 'Page-03', 2, 1, 2, 750, 1500, 0, 0, 0, 0, 0, 1500, 0, 0, '1'),
(172, 132, 'NC-1833647', 12, '2018-01-23', '1', 'Others', 'NSC-11', '1', 'Page-03', 10, 4, 40, 533, 21320, 0, 0, 0, 0, 0, 24518, 15, 0, '1'),
(173, 133, 'LL-1833918', 10, '2018-01-23', '1', 'Others', 'LGED-R-01', '1', 'Page-04', 10, 3, 30, 533, 15990, 0, 0, 0, 0, 0, 18388.5, 15, 0, '1'),
(174, 134, 'DE-1834128', 27, '2018-01-23', '1', 'Others', 'DPE-1030', '1', 'Page-04', 18, 3, 54, 533, 28782, 0, 0, 0, 0, 0, 33099.3, 15, 0, '1'),
(175, 135, 'LP-1834451', 57, '2018-01-23', '1', 'Others', 'LGED-D-N-24', '1', 'Page-05', 9, 4, 36, 533, 19188, 0, 0, 0, 0, 0, 22066.2, 15, 0, '1'),
(176, 136, 'LL-1834727', 58, '2018-01-23', '1', 'Others', 'LGED-S-01', '1', 'Page-05', 20, 4, 80, 533, 42640, 0, 0, 0, 0, 0, 49036, 15, 0, '1'),
(177, 137, 'PP-1835327', 47, '2018-01-23', '1', 'Others', 'PWD-CG-01', '1', 'Page-10', 8, 3, 24, 533, 12792, 0, 0, 0, 0, 0, 14710.8, 15, 0, '1'),
(178, 138, 'BB-1835519', 27, '2018-01-23', '1', 'Others', 'B-Betar-595', '1', 'Page-10', 5, 4, 20, 533, 10660, 0, 0, 0, 0, 0, 12259, 15, 0, '1'),
(179, 139, 'BS-1835721', 8, '2018-01-23', '1', 'Others', 'BBS-01', '1', 'Page-10', 6, 4, 24, 533, 12792, 0, 0, 0, 0, 0, 14710.8, 15, 0, '1'),
(180, 23, 'BB-1833719', 21, '2018-01-23', '1', 'Others', 'BPDB-802', '1', 'Page-11', 6, 3, 18, 799.5, 14391, 0, 0, 0, 0, 0, 16549.7, 15, 0, '1'),
(181, 140, 'DP-183145', 12, '2018-01-23', '1', 'Others', 'TP-DIG-273', '1', 'Page-11', 10, 3, 30, 533, 15990, 0, 0, 0, 0, 0, 18388.5, 15, 0, '1'),
(182, 141, '1B-183447', 7, '2018-01-23', '1', 'Others', 'APBN-11-343', '1', 'Page-12', 12, 4, 48, 533, 25584, 0, 0, 0, 0, 0, 29421.6, 15, 0, '1'),
(183, 142, 'PD-183854', 12, '2018-01-23', '1', 'Others', 'PWD-D4', '1', 'Page-12', 16, 4, 64, 533, 34112, 0, 0, 0, 0, 0, 39228.8, 15, 0, '1'),
(184, 143, 'DF-1831236', 14, '2018-01-23', '1', 'Others', 'DOF-139', '1', 'Page-19', 19, 3, 57, 533, 30381, 0, 0, 0, 0, 0, 34938.1, 15, 0, '1'),
(185, 39, 'BB-183825', 3, '2018-01-23', '2', '2', 'BB-376', '1', 'Page-19', 20, 5, 100, 533, 53300, 0, 0, 0, 0, 0, 61295, 15, 0, '1'),
(186, 144, 'LL-1831656', 59, '2018-01-24', '1', 'Others', 'LGED-C-C-01', '1', 'Page-03', 7, 4, 28, 533, 14924, 0, 0, 0, 0, 0, 17162.6, 15, 0, '1'),
(187, 145, 'LL-1832028', 41, '2018-01-24', '1', 'Others', 'LGED-B-A-01', '1', 'Page-04', 8, 4, 32, 533, 17056, 0, 0, 0, 0, 0, 19614.4, 15, 0, '1'),
(188, 146, 'RR-1832233', 60, '2018-01-24', '1', 'Others', 'RHD-D-R-01', '1', 'Page-04', 8, 4, 32, 533, 17056, 0, 0, 0, 0, 0, 19614.4, 15, 0, '1'),
(189, 35, 'BB-1834954', 28, '2018-01-24', '1', 'Others', 'BWDB-377', '1', 'Page-05', 9, 3, 27, 533, 14391, 0, 0, 0, 0, 0, 16549.7, 15, 0, '1'),
(190, 8, 'MD-1832648', 8, '2018-01-24', '1', 'Others', 'ECSME-1041', '1', 'Page-05', 6, 3, 18, 533, 9594, 0, 0, 0, 0, 0, 11033.1, 15, 0, '1'),
(191, 147, 'DC-1833012', 7, '2018-01-24', '1', 'Others', 'DNCC-33', '1', 'Page-05', 9, 3, 27, 533, 14391, 0, 0, 0, 0, 0, 16549.7, 15, 0, '1'),
(192, 148, 'LL-1835532', 61, '2018-01-24', '1', 'Others', 'U-LGED-SH-N', '1', 'Page-10', 5, 4, 20, 533, 10660, 0, 0, 0, 0, 0, 12259, 15, 0, '1'),
(193, 149, 'LL-183217', 59, '2018-01-24', '1', 'Others', 'U-LGED-CO-M', '1', 'Page-10', 7, 4, 28, 533, 14924, 0, 0, 0, 0, 0, 17162.6, 15, 0, '1'),
(194, 150, 'PD-183544', 47, '2018-01-24', '1', 'Others', 'PWD-CH-766', '1', 'Page-11', 7, 3, 21, 533, 11193, 0, 0, 0, 0, 0, 12872, 15, 0, '1'),
(195, 45, 'BA-1831159', 28, '2018-01-24', '1', 'Others', 'BIWTA-5', '1', 'Page-11', 7, 3, 21, 533, 11193, 0, 0, 0, 0, 0, 12872, 15, 0, '1'),
(196, 151, 'LL-183946', 61, '2018-01-24', '1', 'Others', 'LGED-SH-01', '1', 'Page-12', 6, 4, 24, 533, 12792, 0, 0, 0, 0, 0, 14710.8, 15, 0, '1'),
(197, 152, 'EE-183128', 62, '2018-01-24', '1', 'Others', 'EED-NAO-01', '1', 'Page-12', 8, 4, 32, 533, 17056, 0, 0, 0, 0, 0, 19614.4, 15, 0, '1'),
(198, 142, 'PD-183854', 12, '2018-01-24', '1', 'Others', 'PWD-277(4)', '1', 'Page-12', 16, 4, 64, 533, 34112, 0, 0, 0, 0, 0, 39228.8, 15, 0, '1'),
(199, 153, 'LS-1831745', 16, '2018-01-25', '1', 'Others', 'LGED-SS-01', '1', 'Page-04', 8, 4, 32, 533, 17056, 0, 0, 0, 0, 0, 19614.4, 15, 0, '1'),
(200, 154, 'LL-1831956', 37, '2018-01-25', '1', 'Others', 'LGED-B-01', '1', 'Page-04', 13, 4, 52, 533, 27716, 0, 0, 0, 0, 0, 31873.4, 15, 0, '1'),
(201, 155, 'EZ-1832332', 59, '2018-01-25', '1', 'Others', 'EED-C-C-01', '1', 'Page-05', 10, 4, 40, 533, 21320, 0, 0, 0, 0, 0, 24518, 15, 0, '1'),
(202, 93, 'PP-18330', 48, '2018-01-25', '1', 'Others', 'PWD-M-M-01', '1', 'Page-05', 6, 4, 24, 533, 12792, 0, 0, 0, 0, 0, 14710.8, 15, 0, '1'),
(203, 156, 'PP-1833241', 12, '2018-01-25', '1', 'Others', 'PWD-D2-01', '1', 'Page-10', 4, 2, 8, 533, 4264, 0, 0, 0, 0, 0, 4903.6, 15, 0, '1'),
(204, 23, 'BB-1833719', 21, '2018-01-25', '1', 'Others', 'BPDB-813', '1', 'Page-10', 7, 3, 21, 799.5, 16789.5, 0, 0, 0, 0, 0, 19307.9, 15, 0, '1'),
(205, 157, 'LL-1833757', 30, '2018-01-25', '1', 'Others', 'LGED-S-M-R', '1', 'Page-12', 4, 3, 12, 533, 6396, 0, 0, 0, 0, 0, 7355.4, 15, 0, '1'),
(206, 158, 'MB-1835030', 12, '2018-01-25', '1', 'Others', 'MRTB-RTHD756', '1', 'Page-12', 12, 3, 36, 533, 19188, 0, 0, 0, 0, 0, 22066.2, 15, 0, '1'),
(207, 159, 'RD-1835450', 57, '2018-01-25', '1', 'Others', 'RHD-D-NG-71', '1', 'Page-12', 5, 4, 20, 533, 10660, 0, 0, 0, 0, 0, 12259, 15, 0, '1'),
(208, 96, 'ME-1832136', 45, '2018-01-25', '1', 'Others', 'MOLE-02', '1', 'Page-12', 7, 4, 28, 533, 14924, 0, 0, 0, 0, 0, 17162.6, 15, 0, '1'),
(209, 160, 'PD-183167', 63, '2018-01-26', '1', 'Others', 'PWD-M-J', '1', 'Page-04', 6, 4, 24, 533, 12792, 0, 0, 0, 0, 0, 14710.8, 15, 0, '1'),
(210, 161, 'PS-183200', 47, '2018-01-26', '1', 'Others', 'PS-C-C-399/1(250/1', '1', 'Page-04', 10, 4, 40, 533, 21320, 0, 0, 0, 0, 0, 24518, 15, 0, '1'),
(211, 162, 'LL-1832151', 19, '2018-01-26', '1', 'Others', 'Page-05', '1', 'Page-12', 8, 3, 24, 533, 12792, 0, 0, 0, 0, 0, 14710.8, 15, 0, '1'),
(212, 163, 'SP-183445', 61, '2018-01-26', '1', 'Others', 'SDP-235/3', '1', 'Page-12', 4, 3, 12, 533, 6396, 0, 0, 0, 0, 0, 7355.4, 15, 0, '1'),
(213, 164, 'MA-18382', 33, '2018-01-26', '1', 'Others', 'KBM-01', '', 'Page-05', 5, 3, 15, 799.5, 11992.5, 0, 0, 0, 0, 0, 13791.4, 15, 0, '1'),
(214, 165, 'SI-1831430', 45, '2018-01-26', '2', '2', 'SBI-01', '2', 'Republic Day', 10, 4, 40, 500, 20000, 0, 0, 0, 25, 5000, 17250, 15, 0, '1'),
(215, 166, 'ZP-1831513', 57, '2018-01-27', '1', 'Others', 'ZP-D-NG-01', '1', 'Page-04', 12, 4, 48, 533, 25584, 0, 0, 0, 0, 0, 29421.6, 15, 0, '1'),
(216, 23, 'BB-1833719', 21, '2018-01-27', '1', 'Others', 'BPDB-819', '1', 'Page-05', 5, 3, 15, 799.5, 11992.5, 0, 0, 0, 0, 0, 13791.4, 15, 0, '1'),
(217, 23, 'BB-1833719', 21, '2018-01-27', '1', 'Others', 'BPDB-821', '1', 'Page-05', 14, 3, 42, 799.5, 33579, 0, 0, 0, 0, 0, 38615.9, 15, 0, '1'),
(218, 23, 'BB-1833719', 21, '2018-01-27', '1', 'Others', 'BPDB-824', '1', 'Page-05', 9, 3, 27, 799.5, 21586.5, 0, 0, 0, 0, 0, 24824.5, 15, 0, '1'),
(219, 167, 'RR-1832339', 26, '2018-01-27', '1', 'Others', 'RHD-R-R-01', '1', 'Page-12', 7, 4, 28, 533, 14924, 0, 0, 0, 0, 0, 17162.6, 15, 0, '1'),
(220, 168, 'LL-1835314', 55, '2018-01-27', '1', '13', 'LGED,B-B', '1', 'Page-12', 10, 4, 40, 533, 21320, 0, 0, 0, 0, 0, 24518, 15, 0, '1'),
(221, 169, 'LL-1835612', 40, '2018-01-27', '1', '13', 'LGED-R-N', '1', 'Page-04', 7.5, 4, 30, 533, 15990, 0, 0, 0, 0, 0, 18388.5, 15, 0, '1'),
(222, 170, 'LL-1835944', 53, '2018-01-28', '1', '13', 'LGED-K-J-01', '1', 'Page-04', 7, 4, 28, 533, 14924, 0, 0, 0, 0, 0, 17162.6, 15, 0, '1'),
(223, 8, 'MD-1832648', 8, '2018-01-28', '1', 'Others', 'AHD-1048', '1', 'Page-04', 4, 4, 16, 533, 8528, 0, 0, 0, 0, 0, 9807.2, 15, 0, '1'),
(224, 171, 'LL-183954', 45, '2018-01-28', '1', '13', 'LGED-B-P-N', '1', 'Page-05', 5, 4, 20, 533, 10660, 0, 0, 0, 0, 0, 67477.8, 533, 0, '1'),
(225, 172, 'LL-183153', 64, '2018-01-28', '1', '13', 'U-LGED-R-T-01', '1', 'Page-05', 6, 4, 24, 533, 12792, 0, 0, 0, 0, 0, 14710.8, 15, 0, '1'),
(226, 173, 'PD-1832638', 8, '2018-01-28', '1', '13', 'PWD-EM-WD-01', '1', 'Page-12', 4, 3, 12, 533, 6396, 0, 0, 0, 0, 0, 7355.4, 15, 0, '1'),
(227, 174, 'DD-1832858', 7, '2018-01-28', '1', '13', 'BNCC-DG-01', '1', 'Page-12', 9, 4, 36, 533, 19188, 0, 0, 0, 0, 0, 22066.2, 15, 0, '1'),
(228, 175, 'CP-183339', 55, '2018-01-28', '1', '13', 'CFS-B-P-323', '1', 'Page-12', 5, 2, 10, 533, 5330, 0, 0, 0, 0, 0, 6129.5, 15, 0, '1'),
(229, 52, 'BB-1831734', 7, '2018-01-28', '1', 'Others', 'BREB-01', '1', 'Page-12', 10.5, 4, 42, 799.5, 33579, 0, 0, 0, 0, 0, 38615.9, 15, 0, '1'),
(230, 176, 'BU-1833950', 14, '2018-01-29', '1', '13', 'BSMMU-1014', '1', 'Page-3', 10, 4, 40, 533, 21320, 0, 0, 0, 0, 0, 24518, 15, 0, '1'),
(231, 95, 'L-1831847', 8, '2018-01-29', '1', 'Others', 'LGED-Dhaka-01', '1', 'Page-04', 10, 4, 40, 533, 21320, 0, 0, 0, 0, 0, 24518, 15, 0, '1'),
(232, 177, 'SH-1834729', 16, '2018-01-29', '1', '12', 'SMCH-01', '1', 'Page-04', 12, 4, 48, 533, 25584, 0, 0, 0, 0, 0, 29421.6, 15, 0, '1'),
(233, 178, 'LL-1835049', 65, '2018-01-29', '1', '13', 'U-LGED-CCB-79(15)', '1', 'Page-5', 15, 4, 60, 533, 31980, 0, 0, 0, 0, 0, 36777, 15, 0, '1'),
(234, 35, 'BB-1834954', 28, '2018-01-29', '1', 'Others', 'BIWTA-Gopalganj-390', '1', 'Page-05', 6, 3, 18, 533, 9594, 0, 0, 0, 0, 0, 11033.1, 15, 0, '1'),
(235, 179, 'LL-1835641', 55, '2018-01-29', '1', '13', 'KJM-01', '1', 'Page-5', 6, 3, 18, 533, 9594, 0, 0, 0, 0, 0, 11033.1, 15, 0, '1'),
(236, 27, 'WW-183945', 14, '2018-01-29', '1', '2', 'WASA-D-44', '1', 'Pafge-10', 4, 3, 12, 533, 6396, 0, 0, 0, 0, 0, 7355.4, 15, 0, '1'),
(237, 180, 'LL-183147', 46, '2018-01-29', '1', '13', 'LGED-D-G-01', '1', 'Page-10', 7, 4, 28, 533, 14924, 0, 0, 0, 0, 0, 17162.6, 15, 0, '1'),
(238, 139, 'BS-1835721', 8, '2018-01-29', '1', 'Others', 'BBS-ODANP-02', '1', 'Page-10', 6, 3, 18, 533, 9594, 0, 0, 0, 0, 0, 11033.1, 15, 0, '1'),
(239, 181, 'S,-183940', 26, '2018-01-29', '1', 'Others', 'LGED-SRTIP-2227', '1', 'Page-10', 6, 3, 18, 533, 9594, 0, 0, 0, 0, 0, 11033.1, 15, 0, '1'),
(240, 182, 'LL-1833530', 64, '2018-01-29', '1', '13', 'LGED-RTT-01', '1', 'Page-11', 7, 4, 28, 533, 14924, 0, 0, 0, 0, 0, 17162.6, 15, 0, '1'),
(241, 130, 'BA-1833155', 14, '2018-01-29', '1', 'Industry', 'BEZA-3081', '1', 'Page-12', 20, 4, 80, 533, 42640, 0, 0, 0, 0, 0, 49036, 15, 0, '1'),
(242, 183, 'LL-1834724', 49, '2018-01-29', '1', '13', 'LGED-S-B-38/1(18)', '1', 'Page-12', 6, 4, 24, 533, 12792, 0, 0, 0, 0, 0, 14710.8, 15, 0, '1'),
(243, 184, 'LL-1835240', 66, '2018-01-29', '1', '13', 'LGED,SP-01', '1', 'Page-12', 8, 4, 32, 533, 17056, 0, 0, 0, 0, 0, 19614.4, 15, 0, '1'),
(244, 39, 'BB-183825', 3, '2018-01-29', '2', '2', 'BB-385', '1', 'Back Page', 10, 5, 50, 533, 26650, 0, 72.5, 45, 0, 0, 72454.7, 15, 10, '1'),
(245, 39, 'BB-183825', 3, '2018-01-30', '2', '2', 'BB-461', '1', 'Page-3', 5, 3, 15, 533, 7995, 0, 0, 0, 0, 0, 9993.75, 15, 10, '1'),
(246, 185, 'RR-1833430', 47, '2018-01-30', '1', '13', 'RHD-C-Ch-01', '1', 'Page-03', 6, 3, 18, 533, 9594, 0, 0, 0, 0, 0, 11033.1, 15, 0, '1'),
(247, 186, 'ZP-183377', 16, '2018-01-30', '1', '13', 'ZP-K-K-K-01', '1', 'Page-04', 5, 3, 15, 533, 7995, 0, 0, 0, 0, 0, 9194.25, 15, 0, '1'),
(248, 92, 'CA-1835619', 47, '2018-01-30', '1', 'Others', 'CPA-44/18', '1', 'Page-03', 6, 3, 18, 533, 9594, 0, 0, 0, 0, 0, 11033.1, 15, 0, '1'),
(249, 44, 'PD-183957', 31, '2018-01-30', '1', '2', 'PWD-Ch-C-158', '1', 'Page-04', 5, 3, 15, 533, 7995, 0, 0, 0, 0, 0, 9194.25, 15, 0, '1'),
(250, 187, 'LL-183447', 50, '2018-01-30', '1', 'Others', 'LGED-K-CH-01', '1', 'Page-04', 8, 5, 40, 533, 21320, 0, 0, 0, 0, 0, 24518, 15, 0, '1'),
(251, 188, 'BP-1834638', 66, '2018-01-30', '1', '', 'BP,Pabna-01', '1', 'Page-05', 10, 4, 40, 533, 21320, 0, 0, 0, 0, 0, 24518, 15, 0, '1'),
(252, 189, 'LL-1831120', 63, '2018-01-30', '1', '13', 'LGED-S-J-01', '1', 'Page-05', 7, 4, 28, 533, 14924, 0, 0, 0, 0, 0, 17162.6, 15, 0, '1'),
(253, 190, 'LL-1831324', 39, '2018-01-30', '1', 'Others', 'LGED-B-B-01', '1', 'Page-10', 10, 4, 40, 533, 21320, 0, 0, 0, 0, 0, 24518, 15, 0, '1'),
(254, 191, 'EZ-1831859', 56, '2018-01-30', '1', '12', 'EED-D-MP-01', '1', 'Page-11', 9, 4, 36, 533, 19188, 0, 0, 0, 0, 0, 22066.2, 15, 0, '1'),
(255, 8, 'MD-1832648', 8, '2018-01-30', '1', 'Others', 'ISPR-SSC-1062', '1', 'Page-12', 4, 3, 12, 533, 6396, 0, 0, 0, 0, 0, 7355.4, 15, 0, '1'),
(256, 52, 'BB-1831734', 7, '2018-01-30', '1', 'Others', 'BREB-D-01', '1', 'Page-12', 5, 3, 15, 799.5, 11992.5, 0, 0, 0, 0, 0, 13791.4, 15, 0, '1'),
(257, 192, 'NL-1832937', 4, '2018-01-30', '1', 'Others', 'NACPL-', '5', 'Page-12', 16, 3, 48, 2500, 120000, 0, 0, 0, 70, 84000, 45000, 15, 10, '1'),
(258, 193, 'NP-1833343', 8, '2018-01-30', '1', '13', 'BSB-NHD-01', '1', 'Back Page', 8, 4, 32, 533, 17056, 0, 72.5, 45, 0, 0, 42661.3, 15, 0, '1'),
(259, 8, 'MD-1832648', 8, '2018-01-30', '1', 'Others', 'ISPR-RJC-BIRC-1065', '1', 'Page-12', 4, 3, 12, 533, 6396, 0, 0, 0, 0, 0, 7355.4, 15, 0, '1'),
(260, 75, 'LH-1831333', 7, '2018-01-31', '1', 'Others', 'HEB-LSAHEP-02', '1', 'Front Page', 10, 4, 40, 533, 21320, 0, 0, 0, 0, 0, 24518, 15, 0, '1'),
(261, 145, 'LL-1832028', 41, '2018-01-31', '1', 'Others', 'LGED-C-B-A-02', '1', 'Page-04', 6, 4, 24, 533, 12792, 0, 0, 0, 0, 0, 14710.8, 15, 0, '1'),
(262, 194, 'EE-1835945', 19, '2018-01-31', '1', 'Others', 'EED-D-N-01', '1', 'Page-04', 6, 4, 24, 533, 12792, 0, 0, 0, 0, 0, 14710.8, 15, 0, '1'),
(263, 195, 'C-18359', 47, '2018-01-31', '1', '13', 'CCC-CH-01', '1', 'Page-04', 5, 4, 20, 533, 10660, 0, 0, 0, 0, 0, 12259, 15, 0, '1'),
(264, 196, 'CB-1831839', 29, '2018-01-31', '1', '13', 'CP-CH-C-C-01', '1', 'Page-04', 8, 4, 32, 533, 17056, 0, 0, 0, 0, 0, 19614.4, 15, 0, '1'),
(265, 29, 'PH-1831753', 14, '2018-01-31', '1', 'Others', 'PH-DIG-L-362', '1', 'Page-05', 7, 3, 21, 533, 11193, 0, 0, 0, 0, 0, 12872, 15, 0, '1'),
(266, 197, 'RR-1832231', 67, '2018-01-31', '1', '13', 'RHD-CH-L-01', '1', 'Page-05', 7, 3, 21, 533, 11193, 0, 0, 0, 0, 0, 12872, 15, 0, '1'),
(267, 198, 'LL-1833632', 22, '2018-01-31', '1', '13', 'LGED-RG-D-C-01', '1', 'Page-05', 7, 3, 21, 533, 11193, 0, 0, 0, 0, 0, 12872, 15, 0, '1'),
(268, 199, 'PD-1833937', 30, '2018-01-31', '1', '13', 'PWD-S-M-01', '1', 'Page-10', 8, 3, 24, 533, 12792, 0, 0, 0, 0, 0, 14710.8, 15, 0, '1'),
(269, 200, 'PS-1834129', 11, '2018-01-31', '1', '13', 'SP-CH-B-HT-346/1 (19)/1', '1', 'Page-10', 8, 3, 24, 533, 12792, 0, 0, 0, 0, 0, 14710.8, 15, 0, '1'),
(270, 201, 'LL-1834846', 37, '2018-01-31', '1', '13', 'LGED-S-B-01', '1', 'Page-11', 10, 4, 40, 533, 21320, 0, 0, 0, 0, 0, 24518, 15, 0, '1'),
(271, 202, 'FD-183560', 39, '2018-01-31', '1', '13', 'SFD-B-160', '1', 'Page-12', 4, 3, 12, 533, 6396, 0, 0, 0, 0, 0, 7355.4, 15, 0, '1'),
(272, 203, 'DL-1835921', 45, '2018-01-31', '2', 'Apparel_Garment', 'DCSML-FS-01', '5', 'Page-12', 14, 3, 42, 2500, 105000, 0, 0, 0, 80, 84000, 26250, 15, 10, '1'),
(273, 204, 'PP-1831418', 15, '2018-01-31', '1', '13', 'PWD-J-01', '1', 'Page-12', 7, 4, 28, 533, 14924, 0, 0, 0, 0, 0, 17162.6, 15, 0, '1'),
(274, 205, 'RR-1832443', 27, '2018-02-01', '1', '13', 'RHD-Mirpur-112(2)/1(15)', '1', 'Page-03', 10, 3, 30, 533, 15990, 0, 0, 0, 0, 0, 18388.5, 15, 0, '1'),
(275, 206, 'PD-1833351', 45, '2018-02-01', '1', '13', 'PWD-Savar-1183', '1', 'Page-03', 5, 3, 15, 533, 7995, 0, 0, 0, 0, 0, 9194.25, 15, 0, '1'),
(276, 207, 'PL-1833651', 45, '2018-02-01', '1', '5', 'PIL-CH-646', '1', 'Page-03', 7, 3, 21, 799.5, 16789.5, 0, 0, 0, 0, 0, 19307.9, 15, 0, '1'),
(277, 31, 'PC-1833021', 24, '2018-01-02', '1', 'Others', 'PWD-K-J-01', '1', 'Page-4', 6, 4, 24, 533, 12792, 0, 0, 0, 0, 0, 14710.8, 15, 0, '1'),
(278, 208, 'LL-18473', 68, '2018-02-01', '1', '13', 'LGED-B-B', '1', 'Page-4', 8, 4, 32, 533, 17056, 0, 0, 0, 0, 0, 19614.4, 15, 0, '1'),
(279, 209, 'DD-1841130', 69, '2018-02-02', '1', '13', 'DPHE-CH-Ch-651', '1', 'Page-05', 5, 4, 20, 533, 10660, 0, 0, 0, 0, 0, 12259, 15, 0, '1'),
(280, 210, 'RR-184214', 70, '2018-02-01', '1', '13', 'RHD-B-J-01', '1', 'Page-05', 10, 4, 40, 533, 21320, 0, 0, 0, 0, 0, 24518, 15, 0, '1'),
(281, 211, 'DC-1845436', 41, '2018-02-01', '2', '13', 'Demo123', '1', 'Page-5', 15, 8, 120, 533, 63960, 0, 0, 0, 0, 0, 73554, 15, 0, '1'),
(282, 29, 'PH-1831753', 14, '2018-02-01', '1', 'Others', 'PH-AIG-05', '1', 'Page-10', 10, 3, 30, 533, 15990, 0, 0, 0, 0, 0, 18388.5, 15, 0, '1'),
(283, 212, 'EZ-1845741', 48, '2018-02-01', '1', '13', 'EED-MY-587', '1', 'Page-10', 4, 3, 12, 533, 6396, 0, 0, 0, 0, 0, 7355.4, 15, 0, '1'),
(284, 185, 'RR-1833430', 47, '2018-02-01', '1', '13', 'RHD-CH-02', '1', 'Page-10', 7, 3, 21, 533, 11193, 0, 0, 0, 0, 0, 12872, 15, 0, '1'),
(285, 23, 'BB-1833719', 21, '2018-02-01', '', '', 'BPDB-845', '1', 'Page-11', 6, 2, 12, 799.5, 9594, 0, 0, 0, 0, 0, 11033.1, 15, 0, '1'),
(286, 167, 'RR-1832339', 26, '2018-02-01', '', '', 'RHD-RJ-02', '1', 'Page-11', 7, 4, 28, 533, 14924, 0, 0, 0, 0, 0, 17162.6, 15, 0, '1'),
(287, 213, 'PP-1841358', 56, '2018-02-02', '1', '13', 'PWD,-726', '1', 'Page-11', 8, 4, 32, 533, 17056, 0, 0, 0, 0, 0, 19614.4, 15, 0, '1'),
(288, 59, 'PD-1834656', 27, '2018-02-01', '', '', 'PWD-M-1729/9', '1', 'Page-12', 6, 3, 18, 533, 9594, 0, 0, 0, 0, 0, 11033.1, 15, 0, '1'),
(289, 59, 'PD-1834656', 27, '2018-02-01', '', '', 'PWD-EM-D-8-1618', '1', 'Page-12', 7, 3, 21, 533, 11193, 0, 0, 0, 0, 0, 12872, 15, 0, '1'),
(290, 214, 'PD-1842159', 45, '2018-02-01', '1', '13', 'PWD-MD-01', '1', 'Page-12', 20, 4, 80, 533, 42640, 0, 0, 0, 0, 0, 49036, 15, 0, '1'),
(291, 215, 'JL-184352', 3, '2018-02-01', '1', '2', 'JBL-DHAKA-01', '1', 'Back Page', 8, 4, 32, 533, 17056, 0, 0, 0, 0, 0, 19614.4, 15, 0, '1'),
(292, 35, 'BB-1834954', 28, '2018-02-01', '', '', 'BWDB-KH-409', '1', 'Page-19', 6, 3, 18, 533, 9594, 0, 0, 0, 0, 0, 11033.1, 15, 0, '1'),
(293, 216, 'LS-1845835', 71, '2018-02-01', '1', '13', 'LGED-M-N-01', '1', 'Page-19', 7, 4, 28, 533, 14924, 0, 0, 0, 0, 0, 17162.6, 15, 0, '1'),
(294, 217, 'PP-184220', 51, '2018-02-01', '1', '13', 'PWD-D-F-241/3', '1', 'Page-19', 10, 4, 40, 533, 21320, 0, 0, 0, 0, 0, 24518, 15, 0, '1'),
(295, 23, 'BB-1833719', 21, '2018-02-01', '', '', 'BPDB-CH-836', '1', 'Page-19', 5, 3, 15, 799.5, 11992.5, 0, 0, 0, 0, 0, 13791.4, 15, 0, '1'),
(296, 218, 'LL-184910', 56, '2018-02-02', '1', '13', 'LGED-D-MD-SH-01', '1', 'Page-03', 8, 3, 24, 533, 12792, 0, 0, 0, 0, 0, 14710.8, 15, 0, '1'),
(297, 219, 'NN-1841127', 8, '2018-02-02', '3', '13', 'NITOR-01', '1', 'Page-03', 10, 3, 30, 533, 15990, 0, 0, 0, 0, 0, 18388.5, 15, 0, '1'),
(298, 189, 'LL-1831120', 63, '2018-02-02', '1', '13', 'LGED-M-J-S-U-02', '1', 'Page-04', 6, 4, 24, 533, 12792, 0, 0, 0, 0, 0, 14710.8, 15, 0, '1'),
(299, 49, 'LS-1833139', 22, '2018-02-02', '', '', 'LGED-RG-D-03', '1', 'Page-04', 10, 4, 40, 533, 21320, 0, 0, 0, 0, 0, 24518, 15, 0, '1'),
(300, 220, 'BP-1842123', 45, '2018-02-02', '1', '12', 'BUP-01', '1', 'Page-04', 7, 4, 28, 533, 14924, 0, 0, 0, 0, 0, 17162.6, 15, 0, '1'),
(301, 221, 'LL-1843344', 73, '2018-02-02', '1', '13', 'LGED-CH-C-H-U-01', '1', 'Page-05', 10, 4, 40, 533, 21320, 0, 0, 0, 0, 0, 24518, 15, 0, '1'),
(302, 187, 'LL-183447', 50, '2018-02-02', '1', '', 'LGED-K-CH-D-02', '1', 'Page-05', 15, 4, 60, 533, 31980, 0, 0, 0, 0, 0, 36777, 15, 0, '1'),
(303, 8, 'MD-1832648', 8, '2018-02-02', '', '', 'ISPR-MD-WD-10', '1', 'Page-11', 7, 4, 28, 533, 14924, 0, 0, 0, 0, 0, 17162.6, 15, 0, '1'),
(304, 48, 'GL-1832811', 8, '2018-02-02', '', '', 'GTCL-35', '1', 'Page-12', 6, 3, 18, 533, 9594, 0, 0, 0, 0, 0, 11033.1, 15, 0, '1'),
(305, 222, 'LL-1844340', 50, '2018-02-02', '1', '13', 'LGED-KH-CH-01', '1', 'Page-12', 6, 3, 18, 533, 9594, 0, 0, 0, 0, 0, 11033.1, 15, 0, '1'),
(306, 73, 'DP-1835452', 26, '2018-02-02', '', '', 'DGDP-02', '1', 'Page-12', 4, 3, 12, 533, 6396, 0, 0, 0, 0, 0, 7355.4, 15, 0, '1'),
(307, 223, 'LL-184254', 74, '2018-02-02', '1', '13', 'LGED-RG-L-01', '1', 'Page-12', 7, 3, 21, 533, 11193, 0, 0, 0, 0, 0, 12872, 15, 0, '1'),
(308, 117, 'RR-183134', 39, '2018-02-03', '', '', 'RHD-B-B-01', '1', 'Page-03', 5, 3, 15, 533, 7995, 0, 0, 0, 0, 0, 9194.25, 15, 0, '1'),
(309, 224, 'LL-184637', 5, '2018-02-03', '1', '13', 'LGED-KH-P-U-01', '1', 'Page-03', 6, 3, 18, 533, 9594, 0, 0, 0, 0, 0, 11033.1, 15, 0, '1'),
(310, 225, 'LL-184839', 50, '2018-02-03', '1', '13', 'LGED-K-CH-J-U-01', '1', 'Page-04', 10, 5, 50, 533, 26650, 0, 0, 0, 0, 0, 30647.5, 15, 0, '1'),
(311, 226, 'RR-1841041', 46, '2018-02-03', '1', '13', 'RHD-D-G-01', '1', 'Page-05', 8, 4, 32, 533, 17056, 0, 0, 0, 0, 0, 19614.4, 15, 0, '1'),
(312, 227, 'LL-184184', 75, '2018-02-03', '1', '13', 'LGED-B-J-01', '1', 'Page-05', 12, 4, 48, 533, 25584, 0, 0, 0, 0, 0, 29421.6, 15, 0, '1'),
(313, 228, 'DP-1842026', 8, '2018-02-03', '1', '13', 'DIP-01', '2', 'Page-06', 20.5, 8, 164, 533, 87412, 0, 0, 0, 31.3, 27360, 75065, 15, 10, '1'),
(314, 229, 'HP-1843312', 73, '2018-02-03', '1', '13', 'HP-C-H-01', '1', 'Page-12', 11, 4, 44, 533, 23452, 0, 0, 0, 0, 0, 26969.8, 15, 0, '1'),
(315, 230, 'BP-184432', 39, '2018-02-03', '1', '13', 'BP-B-B-01', '1', 'Page-12', 7, 3, 21, 533, 11193, 0, 0, 0, 0, 0, 12872, 15, 0, '1'),
(316, 142, 'PD-183854', 12, '2018-02-03', '', '', 'PWD-D4-391(4)', '1', 'Page-12', 16, 4, 64, 533, 34112, 0, 0, 0, 0, 0, 39228.8, 15, 0, '1'),
(317, 45, 'BA-1831159', 28, '2018-02-04', '', '', 'BIWTA-05', '1', 'Page-04', 7, 3, 21, 533, 11193, 0, 0, 0, 0, 0, 12872, 15, 0, '1'),
(318, 231, 'LL-1844628', 11, '2018-02-04', '1', '13', 'LGED-CH-B-L-01', '1', 'Page-04', 8, 4, 32, 533, 17056, 0, 0, 0, 0, 0, 19614.4, 15, 0, '1'),
(319, 232, 'PD-1845611', 7, '2018-02-04', '1', '13', 'PWD-MK-176/43/(3)', '1', 'Page-05', 12, 3, 36, 533, 19188, 0, 0, 0, 0, 0, 22066.2, 15, 0, '1'),
(320, 233, 'BA-1845846', 7, '2018-02-05', '1', '13', 'BBA-157', '1', 'Page-03', 9, 3, 27, 533, 14391, 0, 0, 0, 0, 0, 16549.7, 15, 0, '1'),
(321, 234, 'LS-184113', 31, '2018-02-05', '1', '13', 'LGED-CH-C-U-01', '1', 'Page-04', 6, 4, 24, 533, 12792, 0, 0, 0, 0, 0, 14710.8, 15, 0, '1'),
(322, 235, 'LS-1841353', 76, '2018-02-05', '1', '13', 'LGED-CH-CD-01', '1', 'Page-04', 9, 4, 36, 533, 19188, 0, 0, 0, 0, 0, 22066.2, 15, 0, '1'),
(323, 236, 'LS-1842016', 55, '2018-02-05', '1', '13', 'LGED-B-P-P-01', '1', 'Page-04', 6, 4, 24, 533, 12792, 0, 0, 0, 0, 0, 14710.8, 15, 0, '1'),
(324, 144, 'LL-1831656', 59, '2018-02-05', '', '', 'LGED-CH-C-03', '1', 'Page-05', 12, 4, 48, 533, 25584, 0, 0, 0, 0, 0, 29421.6, 15, 0, '1'),
(325, 237, 'PT-184243', 77, '2018-02-05', '3', '13', 'SP-D-T-44', '1', 'Page-05', 12, 4, 48, 533, 25584, 0, 0, 0, 0, 0, 29421.6, 15, 0, '1'),
(326, 238, 'LL-184434', 71, '2018-02-05', '1', '13', 'LGED-M-N-K-U-01', '1', 'Page-10', 6, 3, 18, 533, 9594, 0, 0, 0, 0, 0, 11033.1, 15, 0, '1'),
(327, 239, 'P-184859', 78, '2018-02-05', '1', '6', 'PGCBL-RNG-01', '1', 'Page-10', 5, 3, 15, 533, 7995, 0, 0, 0, 20, 1599, 7355.4, 15, 0, '1'),
(328, 118, 'CR-183159', 47, '2018-02-05', '', '', 'CR-CH-S(18)(37)', '1', 'Page-10', 5, 3, 15, 533, 7995, 0, 0, 0, 0, 0, 9194.25, 15, 0, '1'),
(329, 164, 'MA-18382', 33, '2018-02-05', '', '', 'MPA-978', '1', 'Page-12', 5, 4, 20, 799.5, 15990, 0, 0, 0, 0, 0, 18388.5, 15, 0, '1'),
(330, 52, 'BB-1831734', 7, '2018-02-05', '', '', 'BREB-', '1', 'Page-12', 9, 4, 36, 533, 19188, 0, 0, 0, 0, 0, 22066.2, 15, 0, '1'),
(331, 240, 'RR-1842647', 79, '2018-02-06', '1', '13', 'RHD-K-M-1112', '1', 'Page-04', 7, 3, 21, 533, 11193, 0, 0, 0, 0, 0, 12872, 15, 0, '1'),
(332, 227, 'LL-184184', 75, '2018-02-06', '1', '13', 'LGED-B-JH-02', '1', 'Page-04', 5, 4, 20, 533, 10660, 0, 0, 0, 0, 0, 12259, 15, 0, '1'),
(333, 45, 'BA-1831159', 28, '2018-02-06', '', '', 'BIWTA-06', '1', 'Page-04', 15, 3, 45, 533, 23985, 0, 0, 0, 0, 0, 27582.8, 15, 0, '1'),
(334, 199, 'PD-1833937', 30, '2018-02-06', '1', '13', 'PWD-S-MB-02', '1', 'Page-05', 4, 3, 12, 533, 6396, 0, 0, 0, 0, 0, 7355.4, 15, 0, '1'),
(335, 23, 'BB-1833719', 21, '2018-02-06', '', '', 'BPDB-Sylhet-859', '1', 'Page-05', 5, 3, 15, 799.5, 11992.5, 0, 0, 0, 0, 0, 13791.4, 15, 0, '1'),
(336, 241, 'LL-1843720', 36, '2018-02-06', '1', '13', 'LGED-CH-F-CH-U-01', '1', 'Page-05', 6, 4, 24, 533, 12792, 0, 0, 0, 0, 0, 14710.8, 15, 0, '1'),
(337, 242, 'LL-1844453', 80, '2018-02-06', '1', '13', 'LGED-RG-K-R-U-01', '1', 'Page-05', 6, 4, 24, 533, 12792, 0, 0, 0, 0, 0, 14710.8, 15, 0, '1'),
(338, 243, 'EZ-1844744', 39, '2018-02-06', '1', '13', 'EED-B-B-B-994', '1', 'Page-10', 5, 4, 20, 533, 10660, 0, 0, 0, 0, 0, 12259, 15, 0, '1'),
(339, 23, 'BB-1833719', 21, '2018-02-06', '', '', 'BWDB-614', '1', 'Page-10', 9, 3, 27, 533, 14391, 0, 0, 0, 0, 0, 16549.7, 15, 0, '1'),
(340, 244, 'BB-1845345', 45, '2018-02-06', '1', '13', 'BKB-AA-490(2)', '1', 'Page-11', 12, 3, 36, 799.5, 28782, 0, 0, 0, 0, 0, 35977.5, 15, 10, '1'),
(341, 130, 'BA-1833155', 14, '2018-02-06', '', '', 'BEPZA-160(2)', '1', 'Page-12', 20, 4, 80, 533, 42640, 0, 0, 0, 0, 0, 49036, 15, 0, '1'),
(342, 235, 'LS-1841353', 76, '2018-02-06', '1', '13', 'LGED-CH-C-01', '1', 'Page-12', 5, 4, 20, 533, 10660, 0, 0, 0, 0, 0, 12259, 15, 0, '1'),
(343, 245, 'LL-1841234', 81, '2018-02-06', '1', '13', 'LGED-CH-K-136/2(29)', '1', 'Page-12', 8, 4, 32, 533, 17056, 0, 0, 0, 0, 0, 19614.4, 15, 0, '1'),
(344, 246, 'PP-1845634', 8, '2018-02-07', '1', '13', 'PWD-D7-126/2026', '1', 'Page-03', 12, 4, 48, 533, 25584, 0, 0, 0, 0, 0, 29421.6, 15, 0, '1'),
(345, 247, 'D,-184727', 51, '2018-02-07', '1', '13', 'Prison-D-f-450(4)', '1', 'Page-04', 7, 3, 21, 533, 11193, 0, 0, 0, 0, 0, 12872, 15, 0, '1'),
(346, 248, 'LL-184130', 58, '2018-02-07', '1', '13', 'LGED-D-S-G-01', '1', 'Page-04', 9, 4, 36, 533, 19188, 0, 0, 0, 0, 0, 22066.2, 15, 0, '1'),
(347, 73, 'DP-1835452', 26, '2018-02-07', '', '', 'DGDP-2054', '1', 'Page-05', 6, 4, 24, 533, 12792, 0, 0, 0, 0, 0, 14710.8, 15, 0, '1'),
(348, 249, 'LS-1842423', 63, '2018-02-07', '1', '13', 'LGED-M-J-01', '1', 'Page-10', 6, 3, 18, 533, 9594, 0, 0, 0, 0, 0, 11033.1, 15, 0, '1'),
(349, 250, 'LL-1843150', 82, '2018-02-07', '1', '13', 'LGED-KH-K', '1', 'Page-10', 10, 4, 40, 533, 21320, 0, 0, 0, 0, 0, 24518, 15, 0, '1');
INSERT INTO `tbl_order` (`order_id`, `cust_id`, `cust_id_new`, `ref_id`, `order_date`, `type`, `project_name`, `work_order_no`, `item`, `description`, `o_row`, `o_column`, `qty`, `unit_price`, `price`, `front_page`, `back_page`, `color`, `discount`, `discount_amount`, `payable_amount`, `vat`, `tax`, `status`) VALUES
(350, 157, 'LL-1833757', 30, '2018-02-07', '', '', 'LGED-S-M-R-U-02', '1', 'Page-12', 5, 4, 20, 533, 10660, 0, 0, 0, 0, 0, 12259, 15, 0, '1'),
(351, 251, 'LL-1843845', 24, '2018-02-07', '1', 'Others', 'LGED-KH-J-01', '1', 'Page-12', 10, 5, 50, 533, 26650, 0, 0, 0, 0, 0, 30647.5, 15, 0, '1'),
(352, 252, 'PP-1844250', 77, '2018-02-07', '1', '13', 'PWD-D-T-01', '1', 'Page-12', 4, 3, 12, 533, 6396, 0, 0, 0, 0, 0, 7355.4, 15, 0, '1'),
(353, 253, 'LL-1844757', 36, '2018-02-08', '1', '13', 'LGED-CH-F-SU-01', '1', 'Page-03', 7, 4, 28, 533, 14924, 0, 0, 0, 0, 0, 17162.6, 15, 0, '1'),
(354, 23, 'BB-1833719', 21, '2018-02-08', '', '', 'BPDB-Comilla-876', '1', 'Page-04', 6, 3, 18, 799.5, 14391, 0, 0, 0, 0, 0, 16549.7, 15, 0, '1'),
(355, 23, 'BB-1833719', 21, '2018-02-08', '', '', 'BPDB-Comilla-872', '1', 'Page-04', 6, 3, 18, 799.5, 14391, 0, 0, 0, 0, 0, 16549.7, 15, 0, '1'),
(356, 18, 'LL-1833729', 17, '2018-02-08', '', '', 'LGED-RJ-JH-AKU-02', '1', 'Page-04', 7, 5, 35, 533, 18655, 0, 0, 0, 0, 0, 21453.2, 15, 0, '1'),
(357, 238, 'LL-184434', 71, '2018-02-08', '1', '13', 'LGED-M-N-KU-01', '1', 'Page-05', 6, 4, 24, 533, 12792, 0, 0, 0, 0, 0, 14710.8, 15, 0, '1'),
(358, 238, 'LL-184434', 71, '2018-02-08', '1', '13', 'LGED-M-N-KU-02', '1', 'Page-05', 6, 4, 24, 533, 12792, 0, 0, 0, 0, 0, 14710.8, 15, 0, '1'),
(359, 8, 'MD-1832648', 8, '2018-02-08', '', '', 'ISPR-Army-1082', '1', 'Page-10', 4, 3, 12, 533, 6396, 0, 0, 0, 0, 0, 7355.4, 15, 0, '1'),
(360, 27, 'WW-183945', 14, '2018-02-08', '', '', 'WASA-D-67', '1', 'Page-10', 6, 4, 24, 533, 12792, 0, 0, 0, 0, 0, 14710.8, 15, 0, '1'),
(361, 68, 'HD-1833355', 14, '2018-02-08', '', '', 'HED-D-31', '1', 'Page-12', 6, 4, 24, 533, 12792, 0, 0, 0, 0, 0, 14710.8, 15, 0, '1'),
(362, 254, 'HH-1845123', 77, '2018-02-08', '1', '13', 'HED-D-T-01', '1', 'Page-12', 18, 4, 72, 533, 38376, 0, 0, 0, 0, 0, 44132.4, 15, 0, '1'),
(363, 255, 'NH-1845353', 27, '2018-02-09', '1', '7', 'NIOH-01', '1', 'Page-04', 10, 4, 40, 533, 21320, 0, 0, 0, 0, 0, 24518, 15, 0, '1'),
(364, 256, 'LL-1845740', 53, '2018-02-09', '1', '13', 'LGED-KH-JH-HU-01', '1', 'Page-04', 7, 4, 28, 533, 14924, 0, 0, 0, 0, 0, 17162.6, 15, 0, '1'),
(365, 180, 'LL-183147', 46, '2018-02-09', '1', '13', 'LGED-374', '1', 'Page-04', 7, 4, 28, 533, 14924, 0, 0, 0, 0, 0, 17162.6, 15, 0, '1'),
(366, 175, 'CP-183339', 55, '2018-02-09', '1', '13', 'CFD-B-P-02', '1', 'Page-05', 3, 3, 9, 533, 4797, 0, 0, 0, 0, 0, 5516.55, 15, 0, '1'),
(367, 25, 'LL-1834853', 23, '2018-02-09', '', '', 'LGED-CH-N-02', '1', 'Page-05', 6, 3, 18, 533, 9594, 0, 0, 0, 0, 0, 11033.1, 15, 0, '1'),
(368, 257, 'BC-184108', 83, '2018-02-09', '2', '5', 'BJMC-01', '1', 'Page-05', 9, 3, 27, 799.5, 21586.5, 0, 0, 0, 30, 6475.95, 17377.1, 15, 0, '1'),
(369, 258, 'HP-1842312', 84, '2018-02-09', '1', '13', 'HFP-D-M-S', '1', 'Page-05', 7, 4, 28, 533, 14924, 0, 0, 0, 0, 0, 17162.6, 15, 0, '1'),
(370, 9, 'JC-1832950', 9, '2018-02-09', '', '', 'JTSC-2132', '1', 'Page-12', 3, 3, 9, 533, 4797, 0, 0, 0, 0, 0, 5516.55, 15, 0, '1'),
(371, 23, 'BB-1833719', 21, '2018-02-09', '', '', 'BPDB-890', '1', 'Page-12', 4, 3, 12, 799.5, 9594, 0, 0, 0, 0, 0, 11033.1, 15, 0, '1'),
(372, 259, 'LL-1842944', 55, '2018-02-09', '1', '13', 'LGED-B-P-RU-01', '1', 'Page-12', 6, 4, 24, 533, 12792, 0, 0, 0, 0, 0, 14710.8, 15, 0, '1'),
(373, 260, 'EE-1841738', 44, '2018-02-10', '1', '5', 'EED-RJ-B-01', '1', 'Page-03', 6, 3, 18, 533, 9594, 0, 0, 0, 0, 0, 11033.1, 15, 0, '1'),
(374, 261, 'CB-1842233', 7, '2018-02-10', '1', '17', 'CAAB-01', '1', 'Page-04', 10, 3, 30, 533, 15990, 0, 0, 0, 0, 0, 18388.5, 15, 0, '1'),
(375, 262, 'LL-184265', 49, '2018-02-10', '1', '1', 'LGED-RJ-S-KU-01', '1', 'Page-04', 4, 3, 12, 533, 6396, 0, 0, 0, 0, 0, 7355.4, 15, 0, '1'),
(376, 21, 'BC-1831647', 12, '2018-02-10', '', '', 'BFIDC-08', '1', 'Page-04', 6, 3, 18, 533, 9594, 0, 0, 0, 0, 0, 11033.1, 15, 0, '1'),
(377, 63, 'LB-18347', 11, '2018-02-10', '', '', 'LGED-CH-B-02', '1', 'Page-05', 7.5, 4, 30, 533, 15990, 0, 0, 0, 0, 0, 18388.5, 15, 0, '1'),
(378, 263, 'LL-1843450', 16, '2018-02-10', '1', '1', 'LGED-S-S-CU-01', '1', 'Page-05', 5, 4, 20, 533, 10660, 0, 0, 0, 0, 0, 12259, 15, 0, '1'),
(379, 88, 'LL-1832922', 6, '2018-02-10', '1', 'Others', 'LGED-RG-N-N-01', '1', 'Page-05', 5, 4, 20, 533, 10660, 0, 0, 0, 0, 0, 12259, 15, 0, '1'),
(380, 264, 'RR-1845444', 25, '2018-02-10', '1', '4', 'RHD-', '1', 'Page-12', 8, 3, 24, 533, 12792, 0, 0, 0, 0, 0, 14710.8, 15, 0, '1'),
(381, 265, 'LL-1845859', 71, '2018-02-10', '1', '1', 'LGED,M-N-DU-01', '1', 'Page-12', 10, 4, 40, 533, 21320, 0, 0, 0, 0, 0, 24518, 15, 0, '1'),
(382, 15, 'CB-1833140', 2, '2018-02-11', '', '', 'CB-Private-02', '1', 'Page-03', 5, 5, 25, 500, 12500, 0, 0, 0, 0, 0, 14375, 15, 0, '1'),
(383, 266, 'LL-184534', 84, '2018-02-11', '1', '1', 'LGED-D-M-SU-01', '1', 'Page-04', 4, 3, 12, 533, 6396, 0, 0, 0, 0, 0, 7355.4, 15, 0, '1'),
(384, 52, 'BB-1831734', 7, '2018-02-11', '', '', 'EREB-06', '1', 'Page-04', 8, 3, 24, 799.5, 19188, 0, 0, 0, 0, 0, 22066.2, 15, 0, '1'),
(385, 267, 'DD-1841312', 25, '2018-02-11', '1', '6', 'DPHE-D-GG-01', '1', 'Page-05', 6, 4, 24, 533, 12792, 0, 0, 0, 0, 0, 14710.8, 15, 0, '1'),
(386, 268, 'LL-1841543', 77, '2018-02-11', '1', '1', 'LGED-D-T-BPU-01', '1', 'Page-05', 6, 4, 24, 533, 12792, 0, 0, 0, 0, 0, 14710.8, 15, 0, '1'),
(387, 39, 'BB-183825', 3, '2018-02-12', '', '', 'BB-N-10', '3', 'Font page', 4, 3, 12, 533, 6396, 100, 0, 90, 0, 0, 23185.5, 15, 10, '1'),
(388, 269, 'BP-1841224', 7, '2018-02-12', '1', '18', 'BSPP', '1', 'Page-04', 15, 3, 45, 533, 23985, 0, 0, 0, 0, 0, 27582.8, 15, 0, '1'),
(389, 270, 'LL-1841742', 52, '2018-02-12', '1', '1', 'CH-RG-BLU-31(2)', '1', 'Page-05', 7, 4, 28, 533, 14924, 0, 0, 0, 0, 0, 17162.6, 15, 0, '1'),
(390, 54, 'BG-183524', 8, '2018-02-12', '', '', 'BCG-45', '1', 'Page-05', 9, 3, 27, 533, 14391, 0, 0, 0, 0, 0, 16549.7, 15, 0, '1'),
(391, 23, 'BB-1833719', 21, '2018-02-12', '', '', 'BPDB-Narsingdi-901', '1', 'Page-12', 4, 3, 12, 799.5, 9594, 0, 0, 0, 0, 0, 11033.1, 15, 0, '1'),
(392, 23, 'BB-1833719', 21, '2018-02-12', '1', '15', 'BPDB-Chadpur-910', '1', 'Page-12', 5, 2, 10, 799.5, 7995, 0, 0, 0, 0, 0, 9194.25, 15, 0, '1'),
(393, 271, 'DD-1843124', 11, '2018-02-12', '1', '6', 'DPHE-CH-BAN', '1', 'Page-12', 7, 4, 28, 533, 14924, 0, 0, 0, 0, 0, 17162.6, 15, 0, '1'),
(394, 272, 'EE-184354', 71, '2018-02-13', '1', '5', 'EED-M-N-01', '1', 'Page-04', 6, 4, 24, 533, 12792, 0, 0, 0, 0, 0, 14710.8, 15, 0, '1'),
(395, 273, 'BD-1845154', 8, '2018-02-13', '1', '7', 'ISPR-BCC-1090', '1', 'Page-04', 2, 4, 8, 533, 4264, 0, 0, 0, 0, 0, 4903.6, 15, 0, '1'),
(396, 147, 'DC-1833012', 7, '2018-02-13', '', '', 'DNCC-51', '1', 'Page-04', 4, 4, 16, 533, 8528, 0, 0, 0, 0, 0, 9807.2, 15, 0, '1'),
(397, 32, 'LL-1833312', 25, '2018-02-13', '', '', 'LGED-D-G-726', '1', 'Page-05', 9, 3, 27, 533, 14391, 0, 0, 0, 0, 0, 16549.7, 15, 0, '1'),
(398, 274, 'BC-18412', 47, '2018-02-13', '1', '8', 'BSC-CH-01', '1', 'Page-05', 5, 3, 15, 799.5, 11992.5, 0, 0, 0, 0, 0, 13791.4, 15, 0, '1'),
(399, 35, 'BB-1834954', 28, '2018-02-13', '1', '19', 'BWDB-430', '1', 'Page-05', 7, 3, 21, 533, 11193, 0, 0, 0, 0, 0, 12872, 15, 0, '1'),
(400, 138, 'BB-1835519', 27, '2018-02-13', '1', 'Others', 'B_BT_2-2018-5', '2', 'Page-06', 20.5, 8, 164, 533, 87412, 0, 0, 45, 25, 31686.8, 118826, 15, 10, '1'),
(401, 18, 'LL-1833729', 17, '2018-02-13', '1', 'Others', 'LGED-RJ-JH-AKKU-05', '1', 'Page-12', 6, 4, 24, 533, 12792, 0, 0, 0, 0, 0, 14710.8, 15, 0, '1'),
(402, 27, 'WW-183945', 14, '2018-02-13', '1', '2', 'WASA-D-80', '1', 'Page-12', 5, 3, 15, 533, 7995, 0, 0, 0, 0, 0, 9194.25, 15, 0, '1'),
(403, 59, 'PD-1834656', 27, '2018-02-13', '1', '3', 'PWD-D-M-1835/9', '1', 'Page-12', 6, 3, 18, 533, 9594, 0, 0, 0, 0, 0, 11033.1, 15, 0, '1'),
(404, 275, 'ZP-1842640', 25, '2018-02-13', '1', '20', 'Zila-D-G-01', '1', 'Front Page', 9, 4, 36, 533, 19188, 0, 0, 0, 0, 0, 22066.2, 15, 0, '1'),
(405, 276, 'SL-184026', 45, '2018-02-14', '2', '21', 'CGD-01', '1', 'Back Page(31*4)', 2, 62, 124, 1000, 124000, 0, 0, 0, 19.35, 23994, 125008, 15, 10, '1'),
(406, 12, 'PD-18309', 12, '2018-02-14', '1', 'Others', 'PWD-D-M', '1', 'Page-04', 6, 4, 24, 533, 12792, 0, 0, 0, 0, 0, 14710.8, 15, 0, '1'),
(407, 277, 'PS-1841055', 6, '2018-02-14', '1', '10', 'SP-RG-N-01', '1', 'Page-04', 15, 4, 60, 533, 31980, 0, 0, 0, 0, 0, 36777, 15, 0, '1'),
(408, 278, 'LS-1841749', 79, '2018-02-14', '1', '1', 'LGED-KH-MU-01', '1', 'Page-05', 4, 4, 16, 533, 8528, 0, 0, 0, 0, 0, 9807.2, 15, 0, '1'),
(409, 123, 'LL-183560', 41, '2018-02-14', '1', 'Others', 'LGED-CH-B-547', '1', 'Page-05', 6, 4, 24, 533, 12792, 0, 0, 0, 0, 0, 14710.8, 15, 0, '1'),
(410, 279, 'LS-1842134', 86, '2018-02-14', '1', '1', 'LGED-S-H-01', '1', 'Page-05', 7, 4, 28, 533, 14924, 0, 0, 0, 0, 0, 17162.6, 15, 0, '1'),
(411, 54, 'BG-183524', 45, '2018-02-14', '1', 'Others', 'BCG-S-55', '2', 'Page-04', 20.5, 8, 164, 533, 87412, 0, 0, 45, 0, 0, 158434, 15, 10, '1'),
(412, 269, 'BP-1841224', 7, '2018-02-14', '1', '18', 'BSPP-3123', '1', 'Page-04', 8, 3, 24, 533, 12792, 0, 0, 0, 0, 0, 14710.8, 15, 0, '1'),
(413, 23, 'BB-1833719', 21, '2018-02-14', '1', '15', 'BPDB-913', '1', 'Page-10', 5, 2, 10, 799.5, 7995, 0, 0, 0, 0, 0, 9194.25, 15, 0, '1'),
(414, 280, 'LL-184121', 53, '2018-02-14', '1', '1', 'LGED-KH-JH-KU-01', '1', 'Page-10', 4, 5, 20, 533, 10660, 0, 0, 0, 0, 0, 12259, 15, 0, '1'),
(415, 207, 'PL-1833651', 45, '2018-02-14', '1', '22', 'PIL-CH-650', '1', 'Page-12', 4, 3, 12, 799.5, 9594, 0, 0, 0, 0, 0, 11033.1, 15, 0, '1'),
(416, 281, 'LL-1841658', 5, '2018-02-14', '1', '1', 'LGED-KH-DU-01', '1', 'Page-12', 10, 4, 40, 533, 21320, 0, 0, 0, 0, 0, 24518, 15, 0, '1'),
(417, 150, 'PD-183544', 47, '2018-02-14', '1', 'Others', 'PED-CH-D2-02', '1', 'Page-12', 8, 3, 24, 533, 12792, 0, 0, 0, 0, 0, 14710.8, 15, 0, '1'),
(418, 22, 'NC-1832053', 20, '2018-02-15', '1', 'Others', 'NCC-03', '1', 'Page-03', 8, 4, 32, 533, 17056, 0, 0, 0, 0, 0, 19614.4, 15, 0, '1'),
(419, 282, 'RR-1842256', 19, '2018-02-15', '1', '4', 'RHD-B-P-01', '1', 'Page-04', 4, 4, 16, 533, 8528, 0, 0, 0, 0, 0, 9807.2, 15, 0, '1'),
(420, 283, 'LL-1842430', 76, '2018-02-15', '1', '1', 'LGED-Ch-CH-FU-01', '1', 'Page-12', 10, 5, 50, 533, 26650, 0, 0, 0, 0, 0, 30647.5, 15, 0, '1'),
(421, 118, 'CR-183159', 47, '2018-02-15', '1', 'Others', 'RC-CH-S(18)(51)', '1', 'Page-04', 8, 3, 24, 533, 12792, 0, 0, 0, 0, 0, 14710.8, 15, 0, '1'),
(422, 187, 'LL-183447', 50, '2018-02-15', '1', 'Others', 'LGED-KH-DH-U-147', '1', 'Page-05', 12, 5, 60, 533, 31980, 0, 0, 0, 0, 0, 36777, 15, 0, '1'),
(423, 35, 'BB-1834954', 28, '2018-02-15', '1', 'Others', 'BWDB-445', '1', 'Page-05', 8, 3, 24, 533, 12792, 0, 0, 0, 0, 0, 14710.8, 15, 0, '1'),
(424, 284, 'HH-1843052', 87, '2018-02-15', '1', '7', 'HED-CH-C-1595', '1', 'Page-10', 9, 3, 27, 533, 14391, 0, 0, 0, 0, 0, 16549.7, 15, 0, '1'),
(425, 221, 'LL-1843344', 73, '2018-02-15', '1', '13', 'LGED-CH-C-HU-02', '1', 'Page-10', 6, 4, 24, 533, 12792, 0, 0, 0, 0, 0, 14710.8, 15, 0, '1'),
(426, 285, 'LL-1843838', 22, '2018-02-15', '1', '1', 'LGED-RG-D-FU-01', '1', 'Page-10', 8, 4, 32, 533, 17056, 0, 0, 0, 0, 0, 19614.4, 15, 0, '1'),
(427, 286, 'SC-184394', 16, '2018-02-15', '1', '20', 'SCC', '1', 'Page-10', 8, 4, 32, 533, 17056, 0, 0, 0, 0, 0, 19614.4, 15, 0, '1'),
(428, 48, 'GL-1832811', 8, '2018-02-15', '1', 'Others', 'GTCL-38', '1', 'Page-11', 15, 3, 45, 533, 23985, 0, 0, 0, 0, 0, 27582.8, 15, 0, '1'),
(429, 23, 'BB-1833719', 21, '2018-02-15', '1', '15', 'BPDB-931', '1', 'Page-11', 5, 3, 15, 799.5, 11992.5, 0, 0, 0, 0, 0, 13791.4, 15, 0, '1'),
(430, 23, 'BB-1833719', 21, '2018-02-15', '1', '15', 'BPDB-929', '1', 'Page-11', 6, 3, 18, 799.5, 14391, 0, 0, 0, 0, 0, 16549.7, 15, 0, '1'),
(431, 153, 'LS-1831745', 16, '2018-02-15', '1', 'Others', 'LGED-S-S', '1', 'Page-12', 15, 4, 60, 533, 31980, 0, 0, 0, 0, 0, 36777, 15, 0, '1'),
(432, 117, 'RR-183134', 39, '2018-02-15', '1', 'Others', 'RHD-B-B-535(4)', '1', 'Page-12', 5, 4, 20, 533, 10660, 0, 0, 0, 0, 0, 12259, 15, 0, '1'),
(433, 287, 'LL-184584', 88, '2018-02-15', '1', '1', 'LGED-CH-C-BU-86/2', '1', 'Page-12', 8, 4, 32, 533, 17056, 0, 0, 0, 0, 0, 19614.4, 15, 0, '1'),
(434, 288, 'HH-184031', 16, '2018-02-15', '1', '23', 'HED', '1', 'Page-19', 12, 3, 36, 533, 19188, 0, 0, 0, 0, 0, 22066.2, 15, 0, '1'),
(435, 289, 'LL-184422', 86, '2018-02-16', '1', '1', 'LGED-S-H-MU-01', '1', 'Page-10', 7, 4, 28, 533, 14924, 0, 0, 0, 0, 0, 17162.6, 15, 0, '1'),
(436, 290, 'JL-18461', 47, '2018-02-16', '1', '15', 'JOCL-18', '1', 'Page-03', 5, 3, 15, 799.5, 11992.5, 0, 0, 0, 0, 0, 13791.4, 15, 0, '1'),
(437, 27, 'WW-183945', 14, '2018-02-16', '1', '2', 'WASA-D-86', '1', 'Page-03', 6, 4, 24, 533, 12792, 0, 0, 0, 0, 0, 14710.8, 15, 0, '1'),
(438, 291, 'BD-1841237', 7, '2018-02-16', '1', '24', 'BSD-419', '1', 'Page-03', 6, 3, 18, 533, 9594, 0, 0, 0, 0, 0, 11033.1, 15, 0, '1'),
(439, 88, 'LL-1832922', 6, '2018-02-16', '1', 'Others', 'LGED-RG-N-02', '1', 'Page-04', 6, 4, 24, 533, 12792, 0, 0, 0, 0, 0, 14710.8, 15, 0, '1'),
(440, 292, 'LL-1841813', 69, '2018-02-16', '1', 'Others', 'LGED-M-N-MU-01', '1', 'Page-04', 7, 4, 28, 533, 14924, 0, 0, 0, 0, 0, 17162.6, 15, 0, '1'),
(441, 293, 'KC-1841953', 81, '2018-02-16', '1', '20', 'KHDC-01', '1', 'Page-05', 15, 4, 60, 533, 31980, 0, 0, 0, 0, 0, 36777, 15, 0, '1'),
(442, 294, 'EE-184224', 89, '2018-02-16', '1', '5', 'EED-B-B-01', '1', 'Page-10', 6, 4, 24, 533, 12792, 0, 0, 0, 0, 0, 14710.8, 15, 0, '1'),
(443, 295, 'PC-184259', 12, '2018-02-16', '1', '3', 'PWD-PECU-2167(4)', '1', 'Page-12', 18, 4, 72, 533, 38376, 0, 0, 0, 0, 0, 44132.4, 15, 0, '1'),
(444, 296, 'LL-184301', 58, '2018-02-16', '1', '0', 'LGED-D-S-NU-01', '1', 'Page-12', 8, 4, 32, 533, 17056, 0, 0, 0, 0, 0, 19614.4, 15, 0, '1'),
(445, 226, 'RR-1841041', 46, '2018-02-17', '1', '13', 'RHD-D-G-447', '1', 'Page-04', 8, 4, 32, 533, 17056, 0, 0, 0, 0, 0, 19614.4, 15, 0, '1'),
(446, 8, 'MD-1832648', 8, '2018-02-17', '1', 'Others', 'ISPR-QMG-DW&amp;CE-1101', '1', 'Page-04', 11, 4, 44, 533, 23452, 0, 0, 0, 0, 0, 26969.8, 15, 0, '1'),
(447, 297, 'RR-1843456', 63, '2018-02-17', '1', '4', 'RHD-M-J-234(3)', '1', 'Page-05', 9, 3, 27, 533, 14391, 0, 0, 0, 0, 0, 16549.7, 15, 0, '1'),
(448, 298, 'PS-1843635', 74, '2018-02-17', '1', '10', 'SP-RG-L-01', '1', 'Page-05', 10, 4, 40, 533, 21320, 0, 0, 0, 0, 0, 24518, 15, 0, '1'),
(449, 299, 'PP-184392', 18, '2018-02-17', '1', '0', 'PWD-D-K-01', '1', 'Page-12', 6, 3, 18, 533, 9594, 0, 0, 0, 0, 0, 11033.1, 15, 0, '1'),
(450, 250, 'LL-1843150', 82, '2018-02-17', '1', '13', 'LGED-K-K-02', '1', 'Page-12', 5, 4, 20, 533, 10660, 0, 0, 0, 0, 0, 12259, 15, 0, '1'),
(451, 300, 'RR-1844127', 19, '2018-02-17', '1', '4', 'RHD-D-N-01', '1', 'Page-12', 6, 3, 18, 533, 9594, 0, 0, 0, 0, 0, 11033.1, 15, 0, '1'),
(452, 301, 'LS-1845021', 18, '2018-02-17', '1', '1', 'LGED-D-KU-01', '1', 'Page-12', 6, 4, 24, 533, 12792, 0, 0, 0, 0, 0, 14710.8, 15, 0, '1'),
(453, 302, 'BP-1845834', 58, '2018-02-18', '1', '20', 'BP-D-S-BU-03', '1', 'Page-04', 6, 3, 18, 533, 9594, 0, 0, 0, 0, 0, 11033.1, 15, 0, '1'),
(454, 81, 'RZ-1832250', 16, '2018-02-18', '1', 'Others', 'RHD-S-S-865', '1', 'Page-04', 8, 3, 24, 533, 12792, 0, 0, 0, 0, 0, 14710.8, 15, 0, '1'),
(455, 224, 'LL-184637', 5, '2018-02-18', '1', '13', 'LGED-K-K-PU-105(2)', '1', 'Page-05', 12, 5, 60, 533, 31980, 0, 0, 0, 0, 0, 36777, 15, 0, '1'),
(456, 303, 'PS-184449', 82, '2018-02-18', '1', '10', 'SP-KH-K-01', '1', 'Page-12', 15, 4, 60, 533, 31980, 0, 0, 0, 0, 0, 36777, 15, 0, '1'),
(457, 222, 'LL-1844340', 50, '2018-02-19', '1', '13', 'LGED-K-CU-111', '1', 'Page-04', 10, 4, 40, 533, 21320, 0, 0, 0, 0, 0, 24518, 15, 0, '1'),
(458, 304, 'EE-184843', 77, '2018-02-19', '1', '5', 'EED-D-T-02', '1', 'Page-04', 6, 3, 18, 533, 9594, 0, 0, 0, 0, 0, 11033.1, 15, 0, '1'),
(459, 305, 'RZ-1841137', 39, '2018-02-19', '1', '4', 'RHD-879-DZ', '1', 'Page-04', 6, 3, 18, 533, 9594, 0, 0, 0, 0, 0, 11033.1, 15, 0, '1'),
(460, 306, 'PD-1843350', 12, '2018-02-19', '1', '3', 'PWD-Dhaka-D1-216', '1', 'Page-04', 6, 3, 18, 533, 9594, 0, 0, 0, 0, 0, 11033.1, 15, 0, '1'),
(461, 35, 'BB-1834954', 28, '2018-02-19', '1', 'Others', 'BWDB-456', '1', 'Page-05', 7, 3, 21, 533, 11193, 0, 0, 0, 0, 0, 12872, 15, 0, '1'),
(462, 307, 'BV-1843747', 14, '2018-02-19', '1', '10', 'VDP-106', '2', 'Page-06', 20.5, 8, 164, 533, 87412, 0, 0, 45, 0, 0, 158434, 15, 10, '1'),
(463, 308, 'PP-1844116', 46, '2018-02-19', '1', '3', 'PWD-D-G-667', '1', 'Page-12', 5, 3, 15, 533, 7995, 0, 0, 0, 0, 0, 9194.25, 15, 0, '1'),
(464, 309, 'PA-184441', 14, '2018-02-19', '1', '14', 'PPA-D-69', '1', 'Page-12', 7, 4, 28, 799.5, 22386, 0, 0, 0, 0, 0, 25743.9, 15, 0, '1'),
(465, 310, 'BL-1844711', 14, '2018-02-19', '1', '15', 'BAPEX-284', '1', 'Page-12', 8, 4, 32, 533, 17056, 0, 0, 0, 0, 0, 19614.4, 15, 0, '1'),
(466, 311, 'PS-184501', 66, '2018-02-20', '1', '10', 'Sp-RJ-P-01', '1', 'Page-04', 12, 4, 48, 533, 25584, 0, 0, 0, 0, 0, 29421.6, 15, 0, '1'),
(467, 312, 'LL-1845258', 39, '2018-02-20', '1', '1', 'LGED-B-H-1', '1', 'Page-04', 5, 4, 20, 533, 10660, 0, 0, 0, 0, 0, 12259, 15, 0, '1'),
(468, 313, 'TP-1845445', 25, '2018-02-20', '1', '20', 'TP-D-G-01', '1', 'Page-04', 6, 4, 24, 533, 12792, 0, 0, 0, 0, 0, 14710.8, 15, 0, '1'),
(469, 251, 'LL-1843845', 24, '2018-02-20', '1', 'Others', 'LGED-K-J-3', '1', 'Page-05', 10, 5, 50, 533, 26650, 0, 0, 0, 0, 0, 30647.5, 15, 0, '1'),
(470, 314, 'LL-1845847', 18, '2018-02-20', '1', '1', 'LGED-Katiadi-01', '1', 'Page-05', 6, 3, 18, 533, 9594, 0, 0, 0, 0, 0, 11033.1, 15, 0, '1'),
(471, 59, 'PD-1834656', 27, '2018-02-20', '1', 'Others', 'PWD-D4-628(4)', '1', 'Page-10', 8, 5, 40, 533, 21320, 0, 0, 0, 0, 0, 24518, 15, 0, '1'),
(472, 23, 'BB-1833719', 21, '2018-02-20', '1', '15', 'BPDB-943', '1', 'Page-11', 6, 3, 18, 799.5, 14391, 0, 0, 0, 0, 0, 16549.7, 15, 0, '1'),
(473, 23, 'BB-1833719', 21, '2018-02-20', '1', '15', 'BPDB-939', '1', 'Page-11', 5, 3, 15, 799.5, 11992.5, 0, 0, 0, 0, 0, 13791.4, 15, 0, '1'),
(474, 29, 'PH-1831753', 14, '2018-02-20', '1', 'Others', 'P-H-DIG-ICT-02', '1', 'Page-12', 6, 4, 24, 533, 12792, 0, 0, 0, 0, 0, 14710.8, 15, 0, '1'),
(475, 59, 'PD-1834656', 27, '2018-02-20', '1', 'Others', 'PWD,D4-769/2', '1', 'Page-12', 8, 4, 32, 533, 17056, 0, 0, 0, 0, 0, 19614.4, 15, 0, '1'),
(476, 315, 'GP-1841526', 90, '2018-02-20', '1', '1', 'GP-RG-G-GU-15/1(100)', '1', 'Page-12', 8, 4, 32, 533, 17056, 0, 0, 0, 0, 0, 19614.4, 15, 0, '1'),
(477, 214, 'PD-1842159', 45, '2018-02-20', '1', '13', 'PWD-EM-475', '1', 'Page-12', 10, 4, 40, 533, 21320, 0, 0, 0, 0, 0, 24518, 15, 0, '1'),
(478, 1, 'IL-1835521', 2, '2018-02-21', '2', '2', 'IBBL-10', '4', 'Front Page', 8, 4, 32, 0, 0, 0, 0, 45, 0, 0, 0, 0, 0, '0'),
(479, 316, 'SL-1843928', 3, '2018-02-21', '1', '0', 'SBACBL-01', '1', 'Page-03', 10, 4, 40, 0, 0, 0, 0, 0, 0, 0, 0, 0, 0, '0'),
(480, 4, 'PL-1834745', 4, '2018-02-21', '2', '2', 'PBL-D-03', '1', 'Page-03', 4, 5, 20, 0, 0, 0, 0, 0, 0, 0, 0, 0, 0, '0'),
(481, 39, 'BB-183825', 3, '2018-02-21', '2', '2', 'BB-809', '3', 'Page-03', 8, 3, 24, 533, 12792, 0, 0, 0, 0, 0, 15990, 15, 10, '1'),
(482, 317, 'EE-1844339', 18, '2018-02-21', '1', '5', 'EED-D-K-01', '1', 'Page-04', 12, 4, 48, 533, 25584, 0, 0, 0, 0, 0, 29421.6, 15, 0, '1'),
(483, 318, 'LL-1844510', 41, '2018-02-21', '1', '1', 'LGED-CH-B-NU-01', '1', 'Page-04', 10, 4, 40, 533, 21320, 0, 0, 0, 0, 0, 24518, 15, 0, '1'),
(484, 319, 'NB-1844953', 12, '2018-02-21', '1', '7', 'NCTB-01', '1', 'Page-05', 12.5, 8, 100, 533, 53300, 0, 0, 0, 0, 0, 61295, 15, 0, '1'),
(485, 65, 'DP-1831752', 38, '2018-02-21', '1', 'Others', 'DFP-07', '2', 'Page-06-07', 41, 8, 328, 533, 174824, 0, 0, 0, 0, 0, 218530, 15, 10, '1'),
(486, 147, 'DC-1833012', 7, '2018-02-21', '1', 'Others', 'DNCC-64', '1', 'Page-11', 4, 3, 12, 533, 6396, 0, 0, 0, 0, 0, 7355.4, 15, 0, '1'),
(487, 13, 'DM-1832126', 13, '2018-02-21', '1', 'Others', 'DPHE-761', '1', 'Page-11', 3, 3, 9, 533, 4797, 0, 0, 0, 0, 0, 5516.55, 15, 0, '1'),
(488, 296, 'LL-184301', 58, '2018-02-21', '1', '1', 'LGED-D-S-NU-02', '1', 'Page-11', 6, 4, 24, 533, 12792, 0, 0, 0, 0, 0, 14710.8, 15, 0, '1'),
(489, 320, 'IS-18405', 45, '2018-02-21', '3', '25', 'ITHS-01', '1', 'Page-11', 5, 5, 25, 500, 12500, 0, 0, 0, 52, 6500, 6000, 0, 0, '1'),
(490, 321, 'ED-184256', 8, '2018-02-21', '1', '5', 'EED-Dhaka-01', '1', 'Page-12', 5, 4, 20, 533, 10660, 0, 0, 0, 0, 0, 12259, 15, 0, '1'),
(491, 22, 'NC-1832053', 20, '2018-02-21', '', '', 'NCC-02', '1', 'Page-12', 8, 4, 32, 533, 17056, 0, 0, 0, 0, 0, 19614.4, 15, 0, '1'),
(492, 322, 'PP-184259', 47, '2018-02-21', '1', '3', 'PWD-Ch-EM-D1', '1', 'Page-12', 4, 3, 12, 533, 6396, 0, 0, 0, 0, 0, 7355.4, 15, 0, '1'),
(493, 323, 'PP-1842823', 55, '2018-02-21', '1', '0', 'PWD-B-P-618/2', '1', 'Page-12', 4, 4, 16, 533, 8528, 0, 0, 0, 0, 0, 9807.2, 15, 0, '1'),
(494, 324, 'A-1843315', 45, '2018-02-21', '2', '2', 'AAIBL-01', '1', 'Page-16', 8, 4, 32, 0, 0, 0, 0, 0, 0, 0, 0, 15, 0, '0'),
(495, 344, 'KA-1842050', 3, '2018-02-21', '2', 'addNew', 'KA-4Bank-01', '1', 'Back Page', 4, 8, 32, 799.5, 25584, 0, 72, 45.5, 0, 0, 63992, 15, 0, '1'),
(496, 325, 'SC-1844228', 3, '2018-02-21', '1', '13', 'SBC-21', '1', 'Page-18', 10, 4, 40, 500, 20000, 0, 0, 0, 75, 15000, 5500, 0, 10, '1'),
(497, 326, 'LL-1845950', 91, '2018-02-22', '1', '0', 'LGED-K-S-TU-01', '1', 'LGED-01', 4, 3, 12, 533, 6396, 0, 0, 0, 0, 0, 7355.4, 15, 0, '1'),
(498, 327, 'CC-184423', 92, '2018-02-22', '1', '7', 'CTSC-01', '1', 'Page-05', 9, 3, 27, 533, 14391, 0, 0, 0, 0, 0, 16549.7, 15, 0, '1'),
(499, 328, 'NP-184724', 94, '2018-02-22', '1', '20', 'NPS-51', '1', 'Page-12', 4, 4, 16, 533, 8528, 0, 0, 0, 0, 0, 9807.2, 15, 0, '1'),
(500, 329, 'LL-1841243', 6, '2018-02-22', '1', '1', 'LGED-RG-N-J-01', '1', 'Page-12', 6, 4, 24, 533, 12792, 0, 0, 0, 0, 0, 14710.8, 15, 0, '1'),
(501, 330, 'UB-1841456', 43, '2018-02-23', '2', '2', 'UCB-01', '1', 'Page-03', 10, 4, 40, 500, 20000, 0, 0, 50, 50, 15000, 17250, 15, 0, '1'),
(502, 331, 'LL-1841813', 95, '2018-02-23', '1', '0', 'LGED-RJ-N-MU-154', '1', 'Page-04', 6, 3, 18, 533, 9594, 0, 0, 0, 0, 0, 11033.1, 15, 0, '1'),
(503, 332, 'LL-1842317', 47, '2018-02-23', '1', '0', 'LGED-CH-SKU-01', '1', 'Page-04', 7, 3, 21, 533, 11193, 0, 0, 0, 0, 0, 12872, 15, 0, '1'),
(504, 306, 'PD-1843350', 12, '2018-02-23', '1', '3', 'PED-D1-387/2', '1', 'Page-11', 8, 4, 32, 533, 17056, 0, 0, 0, 0, 0, 19614.4, 15, 0, '1'),
(505, 138, 'BB-1835519', 27, '2018-02-23', '', '', 'B-Bater-315', '1', 'Page-12', 15, 5, 75, 533, 39975, 0, 0, 0, 0, 0, 45971.2, 15, 0, '1'),
(506, 23, 'BB-1833719', 21, '2018-02-24', '1', '15', 'BPDB-954', '1', 'Page-04', 5, 3, 15, 799.5, 11992.5, 0, 0, 0, 0, 0, 13791.4, 15, 0, '1'),
(507, 23, 'BB-1833719', 21, '2018-02-24', '1', '15', 'BPDB-Ch-478', '1', 'Page-04', 5, 3, 15, 799.5, 11992.5, 0, 0, 0, 0, 0, 13791.4, 15, 0, '1'),
(508, 333, 'RR-1843356', 40, '2018-02-24', '1', '4', 'RHD-RJ-NT-01', '1', 'Page-05', 4, 3, 12, 533, 6396, 0, 0, 0, 0, 0, 7355.4, 15, 0, '1'),
(509, 334, 'LL-1843653', 13, '2018-02-24', '1', '1', 'LGED-D-MUN-01', '1', 'Page-05', 6, 3, 18, 533, 9594, 0, 0, 0, 0, 0, 11033.1, 15, 0, '1'),
(510, 73, 'DP-1835452', 8, '2018-02-24', '1', '11', 'ISPR-DGDP-2073', '1', 'Page-05', 4, 4, 16, 533, 8528, 0, 0, 0, 0, 0, 9807.2, 15, 0, '1'),
(511, 268, 'LL-1841543', 77, '2018-02-25', '1', '1', 'LGED-D-T-BPU-02', '1', 'Page-04', 6, 4, 24, 533, 12792, 0, 0, 0, 0, 0, 14710.8, 15, 0, '1'),
(512, 335, 'LL-1845458', 96, '2018-02-25', '1', '1', 'LGED-K-N-KU-01', '1', 'Page-04', 6, 4, 24, 533, 12792, 0, 0, 0, 0, 0, 14710.8, 15, 0, '1'),
(513, 139, 'BS-1835721', 8, '2018-02-25', '', '', 'BBS-343', '1', 'Page-05', 4, 3, 12, 533, 6396, 0, 0, 0, 0, 0, 7355.4, 15, 0, '1'),
(514, 336, 'DD-184051', 23, '2018-02-25', '1', '6', 'DPHE-CH-N-161/3', '1', 'Page-05', 6, 3, 18, 533, 9594, 0, 0, 0, 0, 0, 11033.1, 15, 0, '1'),
(515, 337, 'BC-18442', 43, '2018-02-25', '1', '7', 'UGC-S-1478', '2', 'Page-06', 20.5, 8, 164, 533, 87412, 0, 45, 0, 0, 0, 158434, 15, 10, '1'),
(516, 8, 'MD-1832648', 8, '2018-02-26', '', '', 'ISPR-Savar-C-1119', '1', 'Page-03', 3, 2, 6, 533, 3198, 0, 0, 0, 0, 0, 3677.7, 15, 0, '1'),
(517, 255, 'NH-1845353', 27, '2018-02-26', '1', '7', 'NIOH-3130', '1', 'Page-04', 5, 4, 20, 533, 10660, 0, 0, 0, 0, 0, 12259, 15, 0, '1'),
(518, 338, 'ME-184120', 27, '2018-02-26', '1', '7', 'MPME-208', '1', 'Page-04', 6, 4, 24, 533, 12792, 0, 0, 0, 0, 0, 14710.8, 15, 0, '1'),
(519, 52, 'BB-1831734', 7, '2018-02-26', '', '', 'BREB-07', '1', 'Page-04', 7, 4, 28, 799.5, 22386, 0, 0, 0, 0, 0, 25743.9, 15, 0, '1'),
(520, 266, 'LL-184534', 84, '2018-02-26', '1', '1', 'LGED-D-M-S-02', '1', 'Page-04', 7, 4, 28, 533, 14924, 0, 0, 0, 0, 0, 17162.6, 15, 0, '1'),
(521, 339, 'PS-1841353', 75, '2018-02-26', '1', '10', 'SP-B-JH-01', '1', 'Page-05', 9, 5, 45, 533, 23985, 0, 0, 0, 0, 0, 27582.8, 15, 0, '1'),
(522, 340, 'LS-1841632', 90, '2018-02-26', '1', '0', 'LGED-D-T-01', '1', 'Page-10', 7, 4, 28, 533, 14924, 0, 0, 0, 0, 0, 17162.6, 15, 0, '1'),
(523, 341, 'ZP-1844214', 39, '2018-02-26', '1', '20', 'ZPB-01', '1', 'Page-10', 10, 4, 40, 533, 21320, 0, 0, 0, 0, 0, 24518, 15, 0, '1'),
(524, 342, 'LL-1845746', 30, '2018-02-26', '1', '1', 'LGED-S-M-KU-01', '1', 'Page-12', 6, 4, 24, 533, 12792, 0, 0, 0, 0, 0, 14710.8, 15, 0, '1'),
(630, 387, 'PD-1844538', 12, '2018-03-08', '1', '3', 'PWD-D-CITY-01', '1', 'Page-12', 5, 3, 15, 533, 7995, 0, 0, 0, 0, 0, 9194.25, 15, 0, '1'),
(525, 283, 'LL-1842430', 76, '2018-02-26', '1', '1', 'LGED-CH-C-FU-01', '1', 'Page-12', 13, 4, 52, 533, 27716, 0, 0, 0, 0, 0, 31873.4, 15, 0, '1'),
(526, 61, 'DE-1835240', 12, '2018-02-27', '', '', 'DSHE-1771(2)', '1', 'Page-04', 5, 4, 20, 533, 10660, 0, 0, 0, 0, 0, 12259, 15, 0, '1'),
(527, 52, 'BB-1831734', 7, '2018-02-27', '', '', 'BREB-FEB-08', '1', 'Page-04', 7, 4, 28, 799.5, 22386, 0, 0, 0, 0, 0, 25743.9, 15, 0, '1'),
(528, 345, 'LL-1843514', 76, '2018-02-27', '1', '1', 'LGED-CH-CD-H-01', '1', 'Page-05', 5, 3, 15, 533, 7995, 0, 0, 0, 0, 0, 9194.25, 15, 0, '1'),
(529, 346, 'EE-1843650', 23, '2018-02-27', '1', '5', 'EED-CH-N-69(2)', '1', 'Page-05', 6, 3, 18, 533, 9594, 0, 0, 0, 0, 0, 11033.1, 15, 0, '1'),
(530, 185, 'RR-1833430', 47, '2018-02-27', '1', '13', 'RHD-Ch-863/3', '1', 'Page-05', 6, 3, 18, 533, 9594, 0, 0, 0, 0, 0, 11033.1, 15, 0, '1'),
(531, 23, 'BB-1833719', 21, '2018-02-27', '1', '15', 'BPDB-CH-972', '1', 'Page-12', 5, 3, 15, 799.5, 11992.5, 0, 0, 0, 0, 0, 13791.4, 15, 0, '1'),
(532, 347, 'EE-1844927', 22, '2018-02-27', '1', '5', 'EED-238/11', '1', 'Page-12', 11, 3, 33, 533, 17589, 0, 0, 0, 0, 0, 20227.3, 15, 0, '1'),
(533, 2, 'DL-183190', 3, '2018-02-28', '', '', 'DBBL-SP-(5*4)-02', 'addNew', 'Back Page (5 Day)', 4, 5, 20, 500, 10000, 0, 0, 0, 0, 0, 12500, 15, 10, '1'),
(534, 73, 'DP-1835452', 8, '2018-02-28', '1', '11', 'ISPT-DGDP-2080', '1', 'Page-04', 4, 4, 16, 533, 8528, 0, 0, 0, 0, 0, 9807.2, 15, 0, '1'),
(535, 8, 'MD-1832648', 8, '2018-02-28', '', '', 'BPDB-2080', '1', 'Page-04', 7, 4, 28, 533, 14924, 0, 0, 0, 0, 0, 17162.6, 15, 0, '1'),
(536, 348, 'PL-1842447', 45, '2018-02-28', '2', '27', 'PLIC-01', '1', 'Page-04', 8, 4, 32, 400, 12800, 0, 0, 0, 21.87, 2799.36, 11500.7, 15, 0, '1'),
(537, 33, '3B-1834255', 5, '2018-02-28', '', '', '3APB-1439', '1', 'Page-05', 12, 5, 60, 533, 31980, 0, 0, 0, 0, 0, 36777, 15, 0, '1'),
(538, 227, 'LL-184184', 75, '2018-02-28', '1', '13', 'LGED-K-JH-03', '1', 'Page-10', 5, 4, 20, 533, 10660, 0, 0, 0, 0, 0, 12259, 15, 0, '1'),
(539, 349, 'MP-1843444', 13, '2018-02-28', '1', '20', 'Poura-MY-01', '1', 'Page-10', 8, 4, 32, 533, 17056, 0, 0, 0, 0, 0, 19614.4, 15, 0, '1'),
(540, 239, 'P-184859', 78, '2018-02-28', '1', '6', 'PGCB-02', '1', 'Page-10', 5, 3, 15, 799.5, 11992.5, 0, 0, 0, 0, 0, 13791.4, 15, 0, '1'),
(541, 118, 'CR-183159', 47, '2018-02-28', '', '', 'CR-CH-S(18)(67)', '1', 'Page-10', 5, 3, 15, 533, 7995, 0, 0, 0, 0, 0, 9194.25, 15, 0, '1'),
(542, 350, 'BC-1845841', 14, '2018-02-28', '1', '12', 'BSFIC-SF-44', '1', 'Page-11', 9, 3, 27, 533, 14391, 0, 0, 0, 0, 0, 16549.7, 15, 0, '1'),
(543, 351, 'RR-184128', 93, '2018-02-28', '1', '4', 'RHD-m-S-275', '1', 'Page-12', 4, 3, 12, 533, 6396, 0, 0, 0, 0, 0, 7355.4, 15, 0, '1'),
(544, 121, 'LS-1833730', 30, '2018-02-28', '', '', 'LGED-S-M-02', '1', 'Page-12', 12, 3, 36, 533, 19188, 0, 0, 0, 0, 0, 22066.2, 15, 0, '1'),
(545, 27, 'WW-183945', 14, '2018-02-28', '', '', 'WASA-D-105', '1', 'Page-12', 5, 4, 20, 533, 10660, 0, 0, 0, 0, 0, 12259, 15, 0, '1'),
(546, 194, 'EE-1835945', 19, '2018-02-28', '1', 'Others', 'EED-02', '1', 'Page-12', 7, 4, 28, 533, 14924, 0, 0, 0, 0, 0, 17162.6, 15, 0, '1'),
(547, 352, 'NT-1843026', 43, '2018-02-28', '1', 'addNew', 'NMST-860', '1', 'Page-12', 8, 4, 32, 533, 17056, 0, 0, 45, 0, 0, 28440.9, 15, 0, '1'),
(548, 192, 'NL-1832937', 4, '2018-03-01', '1', '', 'NACPL-02', '1', 'Page-03', 3, 3, 9, 2500, 22500, 0, 0, 0, 70, 15750, 8437.5, 15, 10, '1'),
(549, 353, 'UL-18473', 2, '2018-03-01', '2', '2', 'UBL-18-01', '1', 'Page-03', 8, 3, 24, 500, 12000, 0, 0, 0, 0, 0, 13800, 15, 0, '1'),
(550, 235, 'LS-1841353', 76, '2018-03-01', '1', '13', 'LGED-CH-CD-03', '1', 'Page-04', 12, 4, 48, 533, 25584, 0, 0, 0, 0, 0, 29421.6, 15, 0, '1'),
(551, 354, 'RR-1841614', 13, '2018-03-01', '1', '4', 'RHD-D-MUN-409', '1', 'Page-04', 6, 4, 24, 533, 12792, 0, 0, 0, 0, 0, 14710.8, 15, 0, '1'),
(552, 208, 'LL-18473', 68, '2018-03-01', '1', '13', 'LGED-K-B-AU-02', '1', 'Page-04', 8, 4, 32, 533, 17056, 0, 0, 0, 0, 0, 19614.4, 15, 0, '1'),
(553, 301, 'LS-1845021', 18, '2018-03-01', '1', '1', 'LGED-D-K-106/1(100)', '1', 'Page-05', 10, 4, 40, 533, 21320, 0, 0, 0, 0, 0, 24518, 15, 0, '1'),
(554, 105, 'PS-1834952', 36, '2018-03-01', '', '', 'SP-CH-F-02', '1', 'Page-05', 10, 4, 40, 533, 21320, 0, 0, 0, 0, 0, 24518, 15, 0, '1'),
(555, 156, 'PP-1833241', 12, '2018-03-01', '', '', 'PWD-EM-D2-02', '1', 'Page-10', 3.5, 2, 7, 533, 3731, 0, 0, 0, 0, 0, 4290.65, 15, 0, '1'),
(556, 154, 'LL-1831956', 37, '2018-03-01', '', '', 'LGED,K-B-02', '1', 'Page-10', 5, 4, 20, 533, 10660, 0, 0, 0, 0, 0, 12259, 15, 0, '1'),
(557, 256, 'LL-1845740', 53, '2018-03-01', '1', '13', 'LGED-K-JH-HKU-02', '1', 'Page-10', 6, 4, 24, 533, 12792, 0, 0, 0, 0, 0, 14710.8, 15, 0, '1'),
(558, 355, 'BC-1843139', 97, '2018-03-01', '1', '16', 'BCC-ADB-Agency-233', '1', 'Page-11', 8, 4, 32, 533, 17056, 0, 0, 0, 40, 6822.4, 11768.6, 15, 0, '1'),
(559, 23, 'BB-1833719', 21, '2018-03-01', '1', '15', 'BPDB-CHT-980', '1', 'Page-12', 6, 3, 18, 799.5, 14391, 0, 0, 0, 0, 0, 16549.7, 15, 0, '1'),
(560, 23, 'BB-1833719', 21, '2018-03-01', '1', '15', 'BPDB-BOG-979', '1', 'Page-12', 6, 3, 18, 799.5, 14391, 0, 0, 0, 0, 0, 16549.7, 15, 0, '1'),
(561, 356, 'PC-1844637', 45, '2018-03-01', '1', '3', 'PWD-PPC-01', '1', 'Page-12', 14, 3, 42, 533, 22386, 0, 0, 0, 0, 0, 25743.9, 15, 0, '1'),
(562, 35, 'BB-1834954', 28, '2018-03-01', '', '', 'BWDB-499', '1', 'Page-12', 7, 3, 21, 533, 11193, 0, 0, 0, 0, 0, 12872, 15, 0, '1'),
(563, 39, 'BB-183825', 3, '2018-03-02', '', '', 'BB-2018-12', '1', 'Page-03', 4, 3, 12, 533, 6396, 0, 0, 0, 0, 0, 7995, 15, 10, '1'),
(564, 17, 'RL-18346', 3, '2018-03-02', '', '', 'RBL-2018-02', '1', 'Page-03', 8, 3, 24, 799.5, 19188, 0, 0, 0, 0, 0, 22066.2, 15, 0, '1'),
(565, 357, 'PS-1845339', 18, '2018-03-02', '1', '10', 'SP-D-K-01', '1', 'Page-04', 15, 4, 60, 533, 31980, 0, 0, 0, 0, 0, 36777, 15, 0, '1'),
(566, 358, 'PM-1845559', 12, '2018-03-02', '1', '10', 'PTIM-D-HQ-01', '1', 'Page-05', 12, 4, 48, 533, 25584, 0, 0, 0, 0, 0, 29421.6, 15, 0, '1'),
(567, 29, 'PH-1831753', 14, '2018-03-02', '', '', 'HQ-DIG-ICT-07', '1', 'Page-10', 11, 4, 44, 533, 23452, 0, 0, 0, 0, 0, 26969.8, 15, 0, '1'),
(568, 359, 'LL-1845257', 48, '2018-03-02', '1', '1', 'LGED-M-01', '1', 'Page-12', 8, 4, 32, 533, 17056, 0, 0, 0, 0, 0, 19614.4, 15, 0, '1'),
(569, 256, 'LL-1845740', 53, '2018-03-02', '1', '13', 'LGED-K-JH-HDU-03', '1', 'Page-12', 5, 4, 20, 533, 10660, 0, 0, 0, 0, 0, 12259, 15, 0, '1'),
(570, 8, 'MD-1832648', 8, '2018-03-02', '', '', 'ISPT-MD-DC-1128', '1', 'Page-12', 7, 4, 28, 533, 14924, 0, 0, 0, 0, 0, 17162.6, 15, 0, '1'),
(571, 360, 'BP-1841135', 22, '2018-03-03', '1', '20', 'Pourachava-RG-D-B-01', '1', 'Page-04', 7, 4, 28, 533, 14924, 0, 0, 0, 0, 0, 17162.6, 15, 0, '1'),
(572, 361, 'RR-1841519', 82, '2018-03-03', '1', '4', 'RHD-KH-K-01', '1', 'Page-05', 7, 3, 21, 533, 11193, 0, 0, 0, 0, 0, 12872, 15, 0, '1'),
(573, 220, 'BP-1842123', 45, '2018-03-03', '1', '12', 'BUP-02', '1', 'Page-05', 7, 5, 35, 533, 18655, 0, 0, 0, 0, 0, 21453.2, 15, 0, '1'),
(574, 26, 'RD-18325', 24, '2018-03-03', '', '', 'RHD-R-J-JD-01', '1', 'Page-10', 11, 3, 33, 533, 17589, 0, 0, 0, 0, 0, 20227.3, 15, 0, '1'),
(575, 362, 'LL-184263', 98, '2018-03-03', '1', '1', 'LGED-D-D-SU-01', '1', 'Page-12', 8, 4, 32, 533, 17056, 0, 0, 0, 0, 0, 19614.4, 15, 0, '1'),
(576, 363, 'SP-1843013', 56, '2018-03-03', '1', '20', 'Pourachava-D-M-', '1', 'Page-12', 10, 4, 40, 533, 21320, 0, 0, 0, 0, 0, 24518, 15, 0, '1'),
(577, 364, 'AM-1845432', 45, '2018-03-04', '2', '26', 'Ad-Moon-01', '3', 'Page-03', 3.5, 2, 7, 1200, 8400, 0, 0, 0, 0, 0, 8400, 0, 0, '1'),
(578, 303, 'PS-184449', 82, '2018-03-04', '1', '10', 'SP-K-179', '1', 'Page-04', 12, 4, 48, 533, 25584, 0, 0, 0, 0, 0, 29421.6, 15, 0, '1'),
(579, 365, 'LL-184957', 18, '2018-03-04', '1', '1', 'LGED-D-K-AU-01', '1', 'Page-04', 5, 4, 20, 533, 10660, 0, 0, 0, 0, 0, 12259, 15, 0, '1'),
(580, 366, 'BB-1841810', 14, '2018-03-04', '1', '11', 'BGB-138', '1', 'Page-04', 8, 4, 32, 533, 17056, 0, 0, 0, 0, 0, 19614.4, 15, 0, '1'),
(581, 124, 'C-18336', 45, '2018-03-04', '', '', 'CHTDB-454', '1', 'Page-05', 18, 4, 72, 533, 38376, 0, 0, 0, 0, 0, 44132.4, 15, 0, '1'),
(582, 92, 'CA-1835619', 47, '2018-03-04', '', '', 'CPA-CH-04', '1', 'Page-11', 5, 3, 15, 799.5, 11992.5, 0, 0, 0, 0, 0, 13791.4, 15, 0, '1'),
(583, 359, 'LL-1845257', 48, '2018-03-04', '1', '1', 'LGED-My-02', '1', 'Page-12', 8, 4, 32, 533, 17056, 0, 0, 0, 0, 0, 19614.4, 15, 0, '1'),
(584, 367, 'PS-1842638', 90, '2018-03-04', '1', '10', 'SP-RG-G-01', '1', 'Page-12', 10, 4, 40, 533, 21320, 0, 0, 0, 0, 0, 24518, 15, 0, '1'),
(585, 160, 'PD-183167', 63, '2018-03-04', '', '', 'PWD-M-J-01', '1', 'Page-12', 6, 4, 24, 533, 12792, 0, 0, 0, 0, 0, 14710.8, 15, 0, '1'),
(586, 364, 'AM-1845432', 45, '2018-03-05', '2', '26', 'Ad-Moon-02', '1', 'Page-03', 3, 4, 12, 1200, 14400, 0, 0, 0, 0, 0, 14400, 0, 0, '1'),
(587, 368, 'ZP-1842159', 99, '2018-03-05', '1', '20', 'ZP-RJ-CN-01', '1', 'Page-05', 3, 3, 9, 533, 4797, 0, 0, 0, 0, 0, 5516.55, 15, 0, '1'),
(588, 153, 'LS-1831745', 16, '2018-03-05', '', '', 'LGED-S-S-03', '1', 'Page-05', 7, 4, 28, 533, 14924, 0, 0, 0, 0, 0, 17162.6, 15, 0, '1'),
(589, 192, 'NL-1832937', 4, '2018-03-05', '1', '', 'NACPL-03', '1', 'Page-11', 4, 3, 12, 2500, 30000, 0, 0, 0, 70, 21000, 11250, 15, 10, '1'),
(590, 234, 'LS-184113', 31, '2018-03-05', '1', '13', 'LGED-CH-CU-02', '1', 'Page-12', 5, 4, 20, 533, 10660, 0, 0, 0, 0, 0, 12259, 15, 0, '1'),
(591, 369, 'PP-184487', 12, '2018-03-06', '1', '3', 'PWD-UAP-01', '1', 'Page-04', 5, 4, 20, 533, 10660, 0, 0, 0, 0, 0, 12259, 15, 0, '1'),
(592, 221, 'LL-1843344', 73, '2018-03-06', '1', '13', 'LGED-CH-C-HU-03', '1', 'Page-04', 6, 4, 24, 533, 12792, 0, 0, 0, 0, 0, 14710.8, 15, 0, '1'),
(593, 303, 'PS-184449', 82, '2018-03-06', '1', '10', 'SP-KH-K-105', '1', 'Page-04', 12, 4, 48, 533, 25584, 0, 0, 0, 0, 0, 29421.6, 15, 0, '1'),
(594, 136, 'LL-1834727', 58, '2018-03-06', '', '', 'LGED-D-S-02', '1', 'Page-05', 15, 4, 60, 533, 31980, 0, 0, 0, 0, 0, 36777, 15, 0, '1'),
(595, 370, 'BP-184584', 51, '2018-03-06', '1', '20', 'BP-D-F-B-01', '1', 'Page-05', 6, 4, 24, 533, 12792, 0, 0, 0, 0, 0, 14710.8, 15, 0, '1'),
(596, 371, 'PP-184146', 75, '2018-03-06', '1', '3', 'PWD-B-J-01', '1', 'Page-05', 10, 4, 40, 533, 21320, 0, 0, 0, 0, 0, 24518, 15, 0, '1'),
(597, 372, 'R-184423', 45, '2018-03-06', '2', '26', 'Jute-RA-4902', '2', 'Page-06', 20, 8, 160, 533, 85280, 0, 0, 45, 30, 37096.8, 99543.1, 15, 0, '1'),
(598, 373, 'BC-18498', 12, '2018-03-06', '1', '', 'BADC-169', '1', 'Page-10', 5, 3, 15, 533, 7995, 0, 0, 0, 0, 0, 9194.25, 15, 0, '1'),
(599, 280, 'LL-184121', 53, '2018-03-06', '1', '1', 'LGED-B-JH-K-02', '1', 'Page-10', 6, 3, 18, 533, 9594, 0, 0, 0, 0, 0, 11033.1, 15, 0, '1'),
(600, 185, 'RR-1833430', 47, '2018-03-06', '1', '13', 'RHD-CH-04', '1', 'Page-10', 6, 3, 18, 533, 9594, 0, 0, 0, 0, 0, 11033.1, 15, 0, '1'),
(601, 8, 'MD-1832648', 8, '2018-03-06', '', '', 'ISPR-BIRC-1143', '1', 'Page-11', 4, 3, 12, 533, 6396, 0, 0, 0, 0, 0, 7355.4, 15, 0, '1'),
(602, 23, 'BB-1833719', 21, '2018-03-06', '1', '15', 'BPDB-D-994', '1', 'Page-11', 5, 3, 15, 799.5, 11992.5, 0, 0, 0, 0, 0, 13791.4, 15, 0, '1'),
(603, 164, 'MA-18382', 33, '2018-03-06', '', '', 'MPA-993', '1', 'Page-12', 6, 3, 18, 799.5, 14391, 0, 0, 0, 0, 0, 16549.7, 15, 0, '1'),
(604, 374, 'LL-1842739', 45, '2018-03-06', '1', '1', 'LGED-D-D-NU-01', '1', 'Page-12', 7, 4, 28, 533, 14924, 0, 0, 0, 0, 0, 17162.6, 15, 0, '1'),
(605, 375, 'EE-184313', 53, '2018-03-06', '1', '5', 'EED-K-JH-242', '1', 'Page-12', 4.5, 4, 18, 533, 9594, 0, 0, 0, 0, 0, 11033.1, 15, 0, '1'),
(606, 8, 'MD-1832648', 8, '2018-03-06', '', '', 'ISPR-HQ-QMG-1137', '1', 'Page-12', 8, 4, 32, 533, 17056, 0, 0, 0, 0, 0, 19614.4, 15, 0, '1'),
(607, 340, 'LS-1841632', 90, '2018-03-06', '1', '', 'LGED-D-TU-02', '1', 'Page-12', 7, 4, 28, 533, 14924, 0, 0, 0, 0, 0, 17162.6, 15, 0, '1'),
(608, 376, 'ML-1845953', 3, '2018-03-06', '2', '2', 'MBL-01', '1', 'Backpage', 5, 4, 20, 5000, 100000, 0, 0, 0, 0, 0, 115000, 15, 0, '1'),
(609, 65, 'DP-1831752', 38, '2018-03-07', '', '', 'March-7-2018-08', '1', 'Page-03', 20.5, 8, 164, 533, 87412, 0, 0, 45, 0, 0, 158434, 15, 10, '1'),
(610, 1, 'IL-1835521', 2, '2018-03-07', '', '', 'IBBL-04', '1', 'Page-03', 8, 4, 32, 1032, 33024, 0, 0, 0, 0, 0, 37977.6, 15, 0, '1'),
(611, 35, 'BB-1834954', 28, '2018-03-07', '', '', 'BWDB-508', '1', 'Page-04', 6, 3, 18, 533, 9594, 0, 0, 0, 0, 0, 11033.1, 15, 0, '1'),
(612, 52, 'BB-1831734', 7, '2018-03-07', '', '', 'BREB-08', '1', 'Page-04', 9, 4, 36, 799.5, 28782, 0, 0, 0, 0, 0, 33099.3, 15, 0, '1'),
(613, 261, 'CB-1842233', 7, '2018-03-07', '1', '17', 'CAAB-82', '1', 'Page-04', 7, 3, 21, 533, 11193, 0, 0, 0, 0, 0, 12872, 15, 0, '1'),
(614, 377, 'HH-184458', 39, '2018-03-07', '1', '23', 'HED-B-01', '1', 'Page-05', 20, 4, 80, 533, 42640, 0, 0, 0, 0, 0, 49036, 15, 0, '1'),
(615, 378, 'PP-1844955', 12, '2018-03-07', '1', '3', 'PWD-D6', '1', 'Page-12', 5, 3, 15, 533, 7995, 0, 0, 0, 0, 0, 9194.25, 15, 0, '1'),
(616, 379, 'RR-1845252', 37, '2018-03-07', '1', '1', 'RHD-B-01', '1', 'Page-12', 8, 3, 24, 533, 12792, 0, 0, 0, 0, 0, 14710.8, 15, 0, '1'),
(617, 167, 'RR-1832339', 26, '2018-03-07', '', '', 'RHD-RJ-03', '1', 'Page-12', 6, 4, 24, 533, 12792, 0, 0, 0, 0, 0, 14710.8, 15, 0, '1'),
(618, 380, 'JG-184012', 100, '2018-03-07', '2', '30', 'JBG-01', '1', 'Page-19', 8.5, 4, 34, 0, 0, 0, 0, 0, 0, 0, 0, 0, 0, '1'),
(619, 381, 'EU-1845443', 101, '2018-03-08', '2', '31', 'EWU-Sara-Ad-45066', '1', 'Page-03', 8, 3, 24, 1000, 24000, 0, 0, 0, 37.5, 9000, 15000, 0, 0, '1'),
(620, 382, 'LL-184032', 55, '2018-03-08', '1', '1', 'LGED-P-MU-01', '1', 'Page-04', 5, 4, 20, 533, 10660, 0, 0, 0, 0, 0, 12259, 15, 0, '1'),
(621, 383, 'LL-18420', 31, '2018-03-08', '1', '13', 'LGED-CH-N-CU-01', '1', 'Page-04', 7, 4, 28, 533, 14924, 0, 0, 0, 0, 0, 17162.6, 15, 0, '1'),
(622, 251, 'LL-1843845', 24, '2018-03-08', '', '', 'LGED-KH-J-1040', '1', 'Page-05', 11, 5, 55, 533, 29315, 0, 0, 0, 0, 0, 33712.2, 15, 0, '1'),
(623, 59, 'PD-1834656', 27, '2018-03-08', '', '', 'PED-MD-2001/10(10', '1', 'Page-05', 4, 3, 12, 533, 6396, 0, 0, 0, 0, 0, 7355.4, 15, 0, '1'),
(624, 384, 'RR-184110', 92, '2018-03-08', '1', '4', 'RHD-S-SU-579/3', '1', 'Page-05', 6, 3, 18, 533, 9594, 0, 0, 0, 0, 0, 11033.1, 15, 0, '1'),
(625, 385, 'MA-1841259', 45, '2018-03-08', '1', '32', 'GOV-MRA-01', '1', 'Page-10', 20, 8, 160, 533, 85280, 0, 0, 0, 0, 0, 98072, 15, 0, '1'),
(626, 23, 'BB-1833719', 21, '2018-03-08', '1', '15', 'BPDB-D-1002', '1', 'Page-11', 4, 3, 12, 799.5, 9594, 0, 0, 0, 0, 0, 11033.1, 15, 0, '1'),
(627, 386, 'ZP-184644', 10, '2018-03-08', '1', '20', 'ZP-RG-01', '1', 'Page-11', 3, 4, 12, 533, 6396, 0, 0, 0, 0, 0, 7355.4, 15, 0, '1'),
(628, 147, 'DC-1833012', 7, '2018-03-08', '', '', 'DNCC-80', '1', 'Page-11', 5, 3, 15, 533, 7995, 0, 0, 0, 0, 0, 9194.25, 15, 0, '1'),
(629, 206, 'PD-1833351', 45, '2018-03-08', '1', '13', 'PWD-Savar-25(13)', '1', 'Page-12', 5, 3, 15, 533, 7995, 0, 0, 0, 0, 0, 9194.25, 15, 0, '1'),
(631, 35, 'BB-1834954', 28, '2018-03-08', '', '', 'BWDB-512', '1', 'Page-12', 8, 3, 24, 533, 12792, 0, 0, 0, 0, 0, 14710.8, 15, 0, '1'),
(632, 97, 'DP-1833016', 14, '2018-03-08', '', '', 'DGFP-3055', '1', 'Page-12', 12, 4, 48, 533, 25584, 0, 0, 0, 0, 0, 29421.6, 15, 0, '1'),
(633, 134, 'DE-1834128', 27, '2018-03-09', '', '', 'DPE-2377', '1', 'Page-03', 6, 4, 24, 533, 12792, 0, 0, 0, 0, 0, 14710.8, 15, 0, '1'),
(634, 310, 'BL-1844711', 14, '2018-03-09', '1', '15', 'BAPEX-892', '1', 'Page-05', 5, 4, 20, 533, 10660, 0, 0, 0, 0, 0, 12259, 15, 0, '1'),
(635, 388, 'DL-184142', 14, '2018-03-09', '1', '7', 'DPL-385', '1', 'Page-04', 12, 4, 48, 533, 25584, 0, 0, 0, 0, 0, 29421.6, 15, 0, '1'),
(636, 389, 'UP-18454', 6, '2018-03-09', '1', '20', 'UP-RG-N-01', '1', 'Page-05', 6, 3, 18, 533, 9594, 0, 0, 0, 0, 0, 11033.1, 15, 0, '1'),
(637, 88, 'LL-1832922', 6, '2018-03-09', '', '', 'LGED-RG-N-04', '1', 'Page-05', 6, 4, 24, 533, 12792, 0, 0, 0, 0, 0, 14710.8, 15, 0, '1'),
(638, 390, 'LL-1842324', 96, '2018-03-09', '1', '1', 'LGED-KH-N-01', '1', 'Page-10', 6, 3, 18, 533, 9594, 0, 0, 0, 0, 0, 11033.1, 15, 0, '1'),
(639, 391, 'BS-1842740', 7, '2018-03-09', '1', '22', 'BS-DH-D-01', '1', 'Page-10', 9, 3, 27, 533, 14391, 0, 0, 0, 0, 0, 16549.7, 15, 0, '1'),
(640, 58, 'EZ-1834034', 37, '2018-03-09', '', '', 'KH-B-103', '1', 'Page-11', 5, 4, 20, 533, 10660, 0, 0, 0, 0, 0, 12259, 15, 0, '1'),
(641, 338, 'ME-184120', 27, '2018-03-09', '1', '7', 'BLP-252', '1', 'Page-11', 4, 4, 16, 533, 8528, 0, 0, 0, 0, 0, 9807.2, 15, 0, '1'),
(642, 80, 'RZ-183023', 10, '2018-03-09', '1', '4', 'RHD-RG-02', '1', 'Page-12', 6, 4, 24, 533, 12792, 0, 0, 0, 0, 0, 14710.8, 15, 0, '1'),
(643, 8, 'MD-1832648', 8, '2018-03-09', '', '', 'ISPR-DWCE-Navy-539', '1', 'Page-12', 12, 4, 48, 533, 25584, 0, 0, 0, 0, 0, 29421.6, 15, 0, '1'),
(644, 8, 'MD-1832648', 8, '2018-03-09', '', '', 'ISPR-HQ-1147', '1', 'Page-12', 9, 4, 36, 533, 19188, 0, 0, 0, 0, 0, 22066.2, 15, 0, '1'),
(645, 109, 'LL-1832441', 52, '2018-03-10', '', '', 'LGED-CH-R-221', '1', 'Page-04', 6, 4, 24, 533, 12792, 0, 0, 0, 0, 0, 14710.8, 15, 0, '1'),
(646, 190, 'LL-1831324', 39, '2018-03-10', '1', '', 'LGED-B-B-02', '1', 'Page-04', 7, 4, 28, 533, 14924, 0, 0, 0, 0, 0, 17162.6, 15, 0, '1'),
(647, 392, 'LL-1844517', 40, '2018-03-10', '1', '1', 'LGED-R-N-01', '1', 'Page-05', 6, 3, 18, 533, 9594, 0, 0, 0, 0, 0, 11033.1, 15, 0, '1'),
(648, 393, 'DM-1845235', 45, '2018-03-10', '1', '19', 'DDM-NDP-01', '2', 'Page-06', 20.5, 8, 164, 500, 82000, 0, 0, 0, 14.63, 11996.6, 87504.2, 15, 10, '1'),
(649, 394, 'PP-184019', 84, '2018-03-10', '1', '3', 'PWD-D-MK-01', '1', 'Page-10', 4, 3, 12, 533, 6396, 0, 0, 0, 0, 0, 7355.4, 15, 0, '1'),
(650, 185, 'RR-1833430', 47, '2018-03-10', '1', '13', 'RHD-CH-05', '1', 'Page-10', 6, 3, 18, 533, 9594, 0, 0, 0, 0, 0, 11033.1, 15, 0, '1'),
(651, 23, 'BB-1833719', 21, '2018-03-10', '1', '15', 'BPDB-1019', '1', 'Page-12', 6, 3, 18, 799.5, 14391, 0, 0, 0, 0, 0, 16549.7, 15, 0, '1'),
(652, 23, 'BB-1833719', 21, '2018-03-10', '1', '15', 'BPDB-1022', '1', 'Page-12', 12, 3, 36, 799.5, 28782, 0, 0, 0, 0, 0, 33099.3, 15, 0, '1'),
(653, 395, 'LL-184110', 87, '2018-03-11', '1', '1', 'LGED-CH-C-N-01', '1', 'Page-04', 7, 4, 28, 533, 14924, 0, 0, 0, 0, 0, 17162.6, 15, 0, '1'),
(654, 396, 'LL-184369', 102, '2018-03-11', '1', '1', 'LGED-CH-B-N-01', '1', 'Page-04', 7, 4, 28, 533, 14924, 0, 0, 0, 0, 0, 17162.6, 15, 0, '1'),
(655, 397, 'LL-1842335', 49, '2018-03-11', '1', '1', 'LGED-RJ-S-RU-01', '1', 'Page-04', 3, 4, 12, 533, 6396, 0, 0, 0, 0, 0, 7355.4, 15, 0, '1'),
(656, 237, 'PT-184243', 77, '2018-03-12', '1', '10', 'SP-D-T-1378/1(43)/4', '1', 'Page-04', 15, 4, 60, 533, 31980, 0, 0, 0, 0, 0, 36777, 15, 0, '1'),
(657, 48, 'GL-1832811', 8, '2018-03-12', '1', '', 'GTCL-294', '1', 'Page-05', 20, 3, 60, 533, 31980, 0, 0, 0, 0, 0, 36777, 15, 0, '1'),
(658, 251, 'LL-1843845', 24, '2018-03-12', '1', '', 'LGED-KH-J-04', '1', 'Page-12', 7, 5, 35, 533, 18655, 0, 0, 0, 0, 0, 21453.2, 15, 0, '1'),
(659, 39, 'BB-183825', 3, '2018-03-13', '2', '2', 'BB-13', '1', 'Page-03', 5, 3, 15, 533, 7995, 0, 0, 0, 0, 0, 9993.75, 15, 10, '1'),
(660, 398, 'AP-18427', 43, '2018-03-13', '2', '26', 'AP-SFU-01', '1', 'Page-03', 5, 6, 30, 500, 15000, 0, 0, 0, 0, 0, 15000, 0, 0, '1'),
(661, 108, 'LF-183038', 51, '2018-03-13', '1', '1', 'LGED-D-F-02', '1', 'Page-04', 13, 4, 52, 533, 27716, 0, 0, 0, 0, 0, 31873.4, 15, 0, '1'),
(662, 268, 'LL-1841543', 77, '2018-03-13', '1', '1', 'LGED-D-T-B-03', '1', 'Page-04', 9, 4, 36, 533, 19188, 0, 0, 0, 0, 0, 22066.2, 15, 0, '1'),
(663, 256, 'LL-1845740', 53, '2018-03-13', '1', '13', 'LGED-K-J-H-04', '1', 'Page-05', 20, 4, 80, 533, 42640, 0, 0, 0, 0, 0, 49036, 15, 0, '1'),
(664, 217, 'PP-184220', 51, '2018-03-13', '1', '13', 'PWD-D-F-02', '1', 'Page-10', 6.5, 5, 32, 533, 17322.5, 0, 0, 0, 0, 0, 19920.9, 15, 0, '1'),
(665, 399, 'BL-1841629', 22, '2018-03-13', '1', '12', 'BCMCL-01', '1', 'Page-12', 8, 3, 24, 533, 12792, 0, 0, 0, 0, 0, 14710.8, 15, 0, '1'),
(666, 23, 'BB-1833719', 21, '2018-03-13', '1', '15', 'BPDB-C-1024', '1', 'Page-12', 4, 3, 12, 799.5, 9594, 0, 0, 0, 0, 0, 11033.1, 15, 0, '1'),
(667, 23, 'BB-1833719', 21, '2018-03-13', '1', '15', 'BPDB-D-1032', '1', 'Page-12', 5, 3, 15, 799.5, 11992.5, 0, 0, 0, 0, 0, 13791.4, 15, 0, '1'),
(668, 209, 'DD-1841130', 69, '2018-03-13', '1', '13', 'DPHE_K-C-02', '1', 'Page-12', 4, 3, 12, 533, 6396, 0, 0, 0, 0, 0, 7355.4, 15, 0, '1'),
(669, 35, 'BB-1834954', 28, '2018-03-13', '1', '', 'BWDB-', '1', 'Page-12', 5, 3, 15, 533, 7995, 0, 0, 0, 0, 0, 9194.25, 15, 0, '1'),
(670, 400, 'S-1843526', 45, '2018-03-13', '2', '', 'SSA-Legal-01', '1', 'Page-12', 5.5, 2, 11, 3000, 33000, 0, 0, 0, 27, 8910, 24090, 0, 0, '1'),
(671, 1, 'IL-1835521', 2, '2018-03-13', '2', '2', 'IBBL-05', '1', 'Back Page', 8, 4, 32, 1031.25, 33000, 0, 0, 0, 0, 0, 37950, 15, 0, '1'),
(672, 401, 'SL-184422', 45, '2018-03-14', '2', '21', 'SA-01', '6', 'Back Page', 4, 28, 112, 1000, 112000, 0, 0, 0, 10.7, 11984, 115018, 15, 0, '1'),
(673, 402, 'PW-1845655', 8, '2018-03-14', '1', '3', 'PWD-EM-01', '1', 'Page-03', 4, 3, 12, 533, 6396, 0, 0, 0, 0, 0, 7355.4, 15, 0, '1'),
(674, 278, 'LS-1841749', 79, '2018-03-14', '1', '1', 'LGED-RJ-M-02', '1', 'Page-03', 7, 4, 28, 533, 14924, 0, 0, 0, 0, 0, 17162.6, 15, 0, '1'),
(675, 92, 'CA-1835619', 47, '2018-03-14', '1', '', 'CPA-32', '1', 'Page-04', 4, 3, 12, 533, 6396, 0, 0, 0, 0, 0, 7355.4, 15, 0, '1'),
(676, 121, 'LS-1833730', 30, '2018-03-14', '1', '', 'LGED-S-M-03', '1', 'Page-03', 3, 3, 9, 533, 4797, 0, 0, 0, 0, 0, 5516.55, 15, 0, '1'),
(677, 403, 'LL-1843921', 62, '2018-03-14', '1', '1', 'LGED-RJ-NG-01', '1', 'Page-04', 8, 3, 24, 533, 12792, 0, 0, 0, 0, 0, 14710.8, 15, 0, '1'),
(678, 404, 'PS-1844223', 39, '2018-03-14', '1', '10', 'SP-BBB-01', '1', 'Page-04', 10, 3, 30, 533, 15990, 0, 0, 0, 0, 0, 18388.5, 15, 0, '1'),
(679, 274, 'BC-18412', 47, '2018-03-14', '1', '8', 'BCS-CH-02-01', '1', 'Page-05', 5, 3, 15, 799.5, 11992.5, 0, 0, 0, 0, 0, 13791.4, 15, 0, '1'),
(680, 122, 'RR-1834714', 26, '2018-03-14', '1', '', 'RR-RJ-4541', '1', 'Page-05', 6, 3, 18, 533, 9594, 0, 0, 0, 0, 0, 11033.1, 15, 0, '1'),
(681, 405, 'MA-1844950', 8, '2018-03-14', '1', '32', 'M-MCA-01', '1', 'Page-05', 13, 4, 52, 533, 27716, 0, 0, 0, 0, 0, 31873.4, 15, 0, '1'),
(682, 406, 'PA-1845336', 45, '2018-03-14', '2', '26', 'PGCBL-01', '1', 'Page-10', 5, 3, 15, 799.5, 11992.5, 0, 0, 0, 30, 3597.75, 8394.75, 0, 0, '1'),
(683, 8, 'MD-1832648', 8, '2018-03-14', '', '', 'HQ-QMG-DWCE-1159', '1', 'Page-10', 7, 4, 28, 533, 14924, 0, 0, 0, 0, 0, 17162.6, 15, 0, '1'),
(684, 407, 'CD-1845953', 7, '2018-03-14', '1', '6', 'CMSD-1957(13)', '1', 'Page-12', 10, 4, 40, 533, 21320, 0, 0, 0, 0, 0, 24518, 15, 0, '1'),
(685, 408, 'PP-1841336', 90, '2018-03-14', '1', '3', 'PWD-RG-G-360', '1', 'Page-12', 6, 4, 24, 533, 12792, 0, 0, 0, 0, 0, 14710.8, 15, 0, '1'),
(686, 88, 'LL-1832922', 6, '2018-03-14', '1', '', 'LGED-RG-N-05', '1', 'Page-12', 6, 4, 24, 533, 12792, 0, 0, 0, 0, 0, 14710.8, 15, 0, '1'),
(687, 409, 'LS-1841023', 44, '2018-03-15', '1', '1', 'LGED-RJ-B', '1', 'Page-03', 4, 3, 12, 533, 6396, 0, 0, 0, 0, 0, 7355.4, 15, 0, '1'),
(688, 137, 'PP-1835327', 47, '2018-03-15', '1', '', 'PWD-CH-D1-138', '1', 'Page-03', 7, 3, 21, 533, 11193, 0, 0, 0, 0, 0, 12872, 15, 0, '1'),
(689, 410, 'PT-1841615', 64, '2018-03-15', '1', '10', 'SP-RG-TH-01', '1', 'Page-04', 9, 4, 36, 533, 19188, 0, 0, 0, 0, 0, 22066.2, 15, 0, '1'),
(690, 235, 'LS-1841353', 76, '2018-03-15', '1', '13', 'LGED-CH-CHD-04', '1', 'Page-04', 8, 4, 32, 533, 17056, 0, 0, 0, 0, 0, 19614.4, 15, 0, '1'),
(691, 411, 'LL-1842146', 37, '2018-03-15', '1', '1', 'LGED-K-B-M-01', '1', 'Page-04', 9, 4, 36, 533, 19188, 0, 0, 0, 0, 0, 22066.2, 15, 0, '1'),
(692, 412, 'PD-1842329', 5, '2018-03-15', '1', '3', 'PWD-K-D2-679(2)', '1', 'Page-05', 6, 3, 18, 533, 9594, 0, 0, 0, 0, 0, 11033.1, 15, 0, '1'),
(693, 27, 'WW-183945', 14, '2018-03-15', '1', '2', 'WASA-130', '1', 'Page-05', 4, 3, 12, 533, 6396, 0, 0, 0, 0, 0, 7355.4, 15, 0, '1'),
(694, 123, 'LL-183560', 41, '2018-03-15', '1', '', 'LGED-CH-B-1149', '1', 'Page-05', 7, 3, 21, 533, 11193, 0, 0, 0, 0, 0, 12872, 15, 0, '1'),
(695, 59, 'PD-1834656', 27, '2018-03-15', '1', '', 'PWD-D8-1922', '1', 'Page-05', 7, 3, 21, 533, 11193, 0, 0, 0, 0, 0, 12872, 15, 0, '1'),
(696, 23, 'BB-1833719', 21, '2018-03-15', '1', '15', 'BPDB-1039', '1', 'Page-11', 5, 3, 15, 799.5, 11992.5, 0, 0, 0, 0, 0, 13791.4, 15, 0, '1'),
(697, 54, 'BG-183524', 8, '2018-03-15', '1', '', 'BCG-84', '1', 'Page-12', 9, 3, 27, 533, 14391, 0, 0, 0, 0, 0, 16549.7, 15, 0, '1'),
(698, 8, 'MD-1832648', 8, '2018-03-15', '', '', 'ISPR-AMCCS-1163', '1', 'Page-12', 3, 3, 9, 533, 4797, 0, 0, 0, 0, 0, 5516.55, 15, 0, '1'),
(699, 413, 'LL-1844127', 68, '2018-03-15', '1', '1', 'LGED-B-BG-01', '1', 'Page-12', 8, 3, 24, 533, 12792, 0, 0, 0, 0, 0, 14710.8, 15, 0, '1'),
(700, 414, 'P-184445', 56, '2018-03-15', '1', '20', 'Pourashava-D-M-01', '1', 'Page-12', 9, 4, 36, 533, 19188, 0, 0, 0, 0, 0, 22066.2, 15, 0, '1'),
(701, 415, 'RG-1844617', 103, '2018-03-15', '2', '34', 'PV-RG-01', '1', 'Page-03', 4, 5, 20, 500, 10000, 0, 0, 0, 0, 0, 11500, 15, 0, '1'),
(702, 142, 'PD-183854', 12, '2018-03-16', '1', '3', 'PWD-D-D4-1548', '1', 'Page-03', 4.5, 3, 13, 533, 7195.5, 0, 0, 0, 0, 0, 8274.83, 15, 0, '1');
INSERT INTO `tbl_order` (`order_id`, `cust_id`, `cust_id_new`, `ref_id`, `order_date`, `type`, `project_name`, `work_order_no`, `item`, `description`, `o_row`, `o_column`, `qty`, `unit_price`, `price`, `front_page`, `back_page`, `color`, `discount`, `discount_amount`, `payable_amount`, `vat`, `tax`, `status`) VALUES
(703, 8, 'MD-1832648', 8, '2018-03-16', '', '', 'ISPR-CAD-1172', '1', 'Page-03', 8, 4, 32, 533, 17056, 0, 0, 0, 0, 0, 19614.4, 15, 0, '1'),
(704, 45, 'BA-1831159', 28, '2018-03-16', '1', '', 'BIWTA-07', '1', 'Page-04', 6, 3, 18, 533, 9594, 0, 0, 0, 0, 0, 11033.1, 15, 0, '1'),
(705, 58, 'EZ-1834034', 37, '2018-03-16', '1', '', 'EED-K-B-04', '1', 'Page-04', 15, 5, 75, 533, 39975, 0, 0, 0, 0, 0, 45971.2, 15, 0, '1'),
(706, 416, 'EE-184580', 104, '2018-03-16', '1', '5', 'EED-B-P-01', '1', 'Page-04', 15, 5, 75, 533, 39975, 0, 0, 0, 0, 0, 45971.2, 15, 0, '1'),
(707, 417, 'EE-184229', 63, '2018-03-16', '1', '5', 'EED-M-J-01', '1', 'Page-11', 5, 4, 20, 533, 10660, 0, 0, 0, 0, 0, 12259, 15, 0, '1'),
(708, 32, 'LL-1833312', 25, '2018-03-16', '1', '', 'LGED-D-G-1260', '1', 'Page-12', 8, 3, 24, 533, 12792, 0, 0, 0, 0, 0, 14710.8, 15, 0, '1'),
(709, 418, 'LL-184530', 29, '2018-03-16', '1', '1', 'LGED-CH-Cox-01', '1', 'Page-12', 12, 5, 60, 533, 31980, 0, 0, 0, 0, 0, 36777, 15, 0, '1'),
(710, 419, 'KT-1845545', 5, '2018-03-16', '1', '7', 'KUET-169', '1', 'Page-12', 5, 3, 15, 533, 7995, 0, 0, 0, 0, 0, 9194.25, 15, 0, '1'),
(711, 1, 'IL-1835521', 2, '2018-03-17', '2', '2', 'IBNL-06', '1', 'Front Page', 7, 4, 28, 0, 0, 0, 0, 0, 0, 0, 0, 0, 0, '0'),
(712, 65, 'DP-1831752', 38, '2018-03-17', '1', '', 'DFP-NCD-2018-09', '1', 'Page-04-05', 41, 8, 328, 533, 174824, 0, 0, 45, 0, 0, 316868, 15, 10, '1'),
(713, 264, 'RR-1845444', 25, '2018-03-17', '1', '4', 'RHD-D-G-573(16)', '1', 'Page-06', 8, 3, 24, 533, 12792, 0, 0, 0, 0, 0, 14710.8, 15, 0, '1'),
(714, 8, 'MD-1832648', 8, '2018-03-17', '', '', 'ISPR-ARMY-DWCE-548', '1', 'Page-06', 8, 4, 32, 533, 17056, 0, 0, 0, 0, 0, 19614.4, 15, 0, '1'),
(715, 29, 'PH-1831753', 14, '2018-03-17', '1', '', 'PH-DIG-ICT-08', '1', 'Page-10', 11, 4, 44, 533, 23452, 0, 0, 0, 0, 0, 26969.8, 15, 0, '1'),
(716, 125, 'GP-183431', 55, '2018-03-17', '1', '', 'Pourashava-B-P-G-02', '1', 'Page-12', 5, 3, 15, 533, 7995, 0, 0, 0, 0, 0, 9194.25, 15, 0, '1'),
(717, 420, 'LL-1841658', 4, '2018-03-17', '1', '1', 'LGED-D-MU-T-01', '1', 'Page-12', 10, 4, 40, 533, 21320, 0, 0, 0, 0, 0, 24518, 15, 0, '1'),
(718, 75, 'LH-1831333', 7, '2018-03-17', '1', '', 'LSHEP-DH-03', '1', 'Back Page', 7, 3, 21, 533, 11193, 0, 72.5, 45, 0, 0, 27996.5, 15, 0, '1'),
(719, 8, 'MD-1832648', 8, '2018-03-18', '', '', 'ISRT-ARMY-DWCE-1181', '1', 'Page-04', 11, 4, 44, 533, 23452, 0, 0, 0, 0, 0, 26969.8, 15, 0, '1'),
(720, 8, 'MD-1832648', 8, '2018-03-18', '', '', 'ISPR-ARMY-DWCE-1190', '1', 'Page-04', 11, 4, 44, 533, 23452, 0, 0, 0, 0, 0, 26969.8, 15, 0, '1'),
(721, 8, 'MD-1832648', 8, '2018-03-18', '', '', 'ISPR-ARMY-HQ-1177', '1', 'Page-12', 8, 4, 32, 533, 17056, 0, 0, 0, 0, 0, 19614.4, 15, 0, '1'),
(722, 247, 'D,-184727', 51, '2018-03-18', '1', '13', 'DP-Jail-D-F-797(4)', '1', 'Page-12', 7, 3, 21, 533, 11193, 0, 0, 0, 0, 0, 12872, 15, 0, '1'),
(723, 59, 'PD-1834656', 27, '2018-03-18', '1', '3', 'PWD-D8-42/1950', '1', 'Page-12', 7, 3, 21, 533, 11193, 0, 0, 0, 0, 0, 12872, 15, 0, '1'),
(724, 23, 'BB-1833719', 21, '2018-03-19', '1', '15', 'BPDB-D-18-1046', '1', 'Page-04', 5, 3, 15, 799.5, 11992.5, 0, 0, 0, 0, 0, 13791.4, 15, 0, '1'),
(725, 421, 'LL-1843515', 57, '2018-03-18', '1', '1', 'LGED-D-N-01', '1', 'Page-04', 8, 3, 24, 533, 12792, 0, 0, 0, 0, 0, 14710.8, 15, 0, '1'),
(726, 422, 'AP-1843839', 17, '2018-03-19', '1', '20', 'Pourashava-RJ-J-A-01', '1', 'Page-05', 4, 3, 12, 533, 6396, 0, 0, 0, 0, 0, 7355.4, 15, 0, '1'),
(727, 105, 'PS-1834952', 36, '2018-03-19', '1', '', 'SP-CH-F-03', '1', 'Page-05', 10, 3, 30, 533, 15990, 0, 0, 0, 0, 0, 18388.5, 15, 0, '1'),
(728, 423, 'HB-1844520', 12, '2018-03-19', '1', '23', 'HED-HEB-D-62', '1', 'Page-12', 5, 3, 15, 533, 7995, 0, 0, 0, 0, 0, 9194.25, 15, 0, '1'),
(729, 8, 'MD-1832648', 8, '2018-03-19', '', '', 'ISPR-ARMY-WD-1194', '1', 'Page-12', 8, 4, 32, 533, 17056, 0, 0, 0, 0, 0, 19614.4, 15, 0, '1'),
(730, 420, 'LL-1841658', 4, '2018-03-20', '1', '1', 'LGED-D-MU-T-54', '1', 'Page-04', 6, 4, 24, 533, 12792, 0, 0, 0, 0, 0, 14710.8, 15, 0, '1'),
(731, 315, 'GP-1841526', 90, '2018-03-20', '1', '1', 'Pourashava-RG-G-G-27/1(5)', '1', 'Page-04', 5, 4, 20, 533, 10660, 0, 0, 0, 0, 0, 12259, 15, 0, '1'),
(732, 424, 'PP-1845339', 48, '2018-03-20', '1', '20', 'Pourashava-M-P-01', '1', 'Page-05', 7, 3, 21, 533, 11193, 0, 0, 0, 0, 0, 12872, 15, 0, '1'),
(733, 182, 'LL-1833530', 64, '2018-03-20', '1', '13', 'LGED-RG-TH-02', '1', 'Page-05', 16, 3, 48, 533, 25584, 0, 0, 0, 0, 0, 29421.6, 15, 0, '1'),
(734, 8, 'MD-1832648', 8, '2018-03-20', '', '', 'ISPR-BIRC-1214', '1', 'Page-12', 3, 3, 9, 533, 4797, 0, 0, 0, 0, 0, 5516.55, 15, 0, '1'),
(735, 23, 'BB-1833719', 21, '2018-03-20', '1', '15', 'BPDB-Kaptai-1056', '1', 'Page-12', 6, 3, 18, 799.5, 14391, 0, 0, 0, 0, 0, 16549.7, 15, 0, '1'),
(736, 23, 'BB-1833719', 21, '2018-03-20', '1', '15', 'BPDB-Rangamati-1061', '1', 'Page-12', 6, 3, 18, 799.5, 14391, 0, 0, 0, 0, 0, 16549.7, 15, 0, '1'),
(737, 8, 'MD-1832648', 8, '2018-03-20', '', '', 'ISPR-ARMY-WD-1201', '1', 'Page-12', 8, 4, 32, 533, 17056, 0, 0, 0, 0, 0, 19614.4, 15, 0, '1'),
(738, 299, 'PP-184392', 18, '2018-03-21', '1', '', 'PWD-D-K-02', '1', 'Page-04', 6, 3, 18, 533, 9594, 0, 0, 0, 0, 0, 11033.1, 15, 0, '1'),
(739, 425, 'PS-184512', 16, '2018-03-21', '1', '10', 'SP-SY-01', '1', 'Page-05', 12, 4, 48, 533, 25584, 0, 0, 0, 0, 0, 29421.6, 15, 0, '1'),
(740, 35, 'BB-1834954', 28, '2018-03-21', '1', '', 'BWDB-551', '1', 'Page-04', 5, 3, 15, 533, 7995, 0, 0, 0, 0, 0, 9194.25, 15, 0, '1'),
(741, 71, 'BA-1834634', 14, '2018-03-21', '1', '', 'BEZA-DHAKA-4039', '1', 'Page-04', 12, 3, 36, 533, 19188, 0, 0, 0, 0, 0, 19188, 15, 0, '1'),
(742, 130, 'BA-1833155', 14, '2018-03-21', '1', '', 'BEPZA-CHT-04', '1', 'Page-12', 20, 4, 80, 533, 42640, 0, 0, 0, 0, 0, 49036, 15, 0, '1'),
(743, 59, 'PD-1834656', 27, '2018-03-22', '1', '3', 'PWD-D8-2023', '1', 'Page-03', 7, 3, 21, 533, 11193, 0, 0, 0, 0, 0, 12872, 15, 0, '1'),
(744, 118, 'CR-183159', 47, '2018-03-22', '1', '', 'CR-CH-S(18)(86)', '1', 'Page-04', 8, 4, 32, 533, 17056, 0, 0, 0, 0, 0, 19614.4, 15, 0, '1'),
(745, 426, 'PP-1842051', 66, '2018-03-22', '1', '3', 'pwd-rj-p-2902(3)', '1', 'Page-04', 5, 4, 20, 533, 10660, 0, 0, 0, 0, 0, 12259, 15, 0, '1'),
(746, 315, 'GP-1841526', 90, '2018-03-22', '1', '1', 'Pourashava-RG-G-G-29/1(5)', '1', 'Page-04', 5, 4, 20, 533, 10660, 0, 0, 0, 0, 0, 12259, 15, 0, '1'),
(747, 94, 'DD-1831253', 49, '2018-03-22', '1', '', 'DPHE-RJ-S-02', '1', 'Page-04', 6, 4, 24, 533, 12792, 0, 0, 0, 0, 0, 14710.8, 15, 0, '1'),
(748, 427, 'DD-184301', 18, '2018-03-22', '1', '6', 'DPHE-D-K-01', '1', 'Page-04', 6, 3, 18, 533, 9594, 0, 0, 0, 0, 0, 11033.1, 15, 0, '1'),
(749, 116, 'NU-18397', 46, '2018-03-22', '1', '', 'NU-23(13)', '1', 'Page-05', 10, 3, 30, 533, 15990, 0, 0, 0, 0, 0, 18388.5, 15, 0, '1'),
(750, 428, 'NH-1843338', 27, '2018-03-22', '1', '6', 'NHIH-1387', '1', 'Page-05', 12, 5, 60, 533, 31980, 0, 0, 0, 0, 0, 36777, 15, 0, '1'),
(751, 361, 'RR-1841519', 82, '2018-03-22', '1', '4', 'RHD-678(3)', '1', 'Page-10', 10, 3, 30, 533, 15990, 0, 0, 0, 0, 0, 18388.5, 15, 0, '1'),
(752, 301, 'LS-1845021', 18, '2018-03-22', '1', '1', 'LGED-D-K-=03', '1', 'Page-10', 8, 4, 32, 533, 17056, 0, 0, 0, 0, 0, 19614.4, 15, 0, '1'),
(753, 343, 'BL-184928', 12, '2018-03-22', '1', '12', 'BCIC-18-491', '1', 'Page-11', 6, 3, 18, 799.5, 14391, 0, 0, 0, 0, 0, 16549.7, 15, 0, '0'),
(754, 366, 'BB-1841810', 14, '2018-03-22', '1', '11', 'BGB-149', '1', 'Page-11', 8, 4, 32, 533, 17056, 0, 0, 0, 0, 0, 19614.4, 15, 0, '0'),
(755, 136, 'LL-1834727', 58, '2018-03-22', '1', '', 'LGED-D-S-03', '1', 'Page-11', 6, 4, 24, 533, 12792, 0, 0, 0, 0, 0, 14710.8, 15, 0, '0'),
(756, 429, 'BB-1844620', 17, '2018-03-22', '1', '29', 'BMDA-RJ-J-685', '1', 'Page-12', 10, 4, 40, 533, 21320, 0, 0, 0, 0, 0, 24518, 15, 0, '0'),
(757, 112, 'LL-183327', 53, '2018-03-22', '1', '', 'LGED-K-J-UP-218(2)', '1', 'Page-12', 20, 4, 80, 533, 42640, 0, 0, 0, 0, 0, 49036, 15, 0, '0'),
(758, 430, 'BB-1845340', 2, '2018-03-22', '2', '35', 'Blaser-bd-', '1', 'Back Page(Sep17-Feb18)', 1, 169, 169, 2000, 338000, 0, 0, 0, 50, 169000, 169000, 0, 0, '0'),
(759, 133, 'LL-1833918', 10, '2018-03-23', '1', '', 'LGED-RG-02', '1', 'Page-03', 12, 3, 36, 533, 19188, 0, 0, 0, 0, 0, 22066.2, 15, 0, '0'),
(760, 144, 'LL-1831656', 59, '2018-03-23', '1', '', 'LGED-CH-C-04', '1', 'Page-04', 16, 3, 48, 533, 25584, 0, 0, 0, 0, 0, 29421.6, 15, 0, '0'),
(761, 431, 'LL-184112', 60, '2018-03-23', '1', '1', 'LGED-D-R-666(3)', '1', 'Page-05', 11.5, 8, 92, 533, 49036, 0, 0, 0, 0, 0, 56391.4, 15, 0, '0'),
(762, 23, 'BB-1833719', 21, '2018-03-23', '1', '15', 'BPDB-DHAKA-1075', '1', 'Page-10', 5, 3, 15, 799.5, 11992.5, 0, 0, 0, 0, 0, 13791.4, 15, 0, '0'),
(763, 432, 'GP-184167', 25, '2018-03-23', '1', '20', 'LGED-D-G-462', '1', 'Page-10', 7, 3, 21, 533, 11193, 0, 0, 0, 0, 0, 12872, 15, 0, '0'),
(764, 433, 'MP-1841839', 71, '2018-03-23', '1', '20', 'Pourashava-M-N-986(100)/13', '1', 'Page-12', 8, 4, 32, 533, 17056, 0, 0, 0, 0, 0, 19614.4, 15, 0, '0'),
(765, 88, 'LL-1832922', 6, '2018-03-23', '1', '', 'LGED-RG-N-06', '1', 'Page-10', 9, 4, 36, 533, 19188, 0, 0, 0, 0, 0, 22066.2, 15, 0, '0'),
(766, 126, 'LL-183946', 56, '2018-03-23', '1', '', 'LGED-D-MP-01', '1', 'Page-10', 10, 4, 40, 533, 21320, 0, 0, 0, 0, 0, 24518, 15, 0, '0'),
(767, 190, 'LL-1831324', 39, '2018-03-24', '1', '', 'LGED-BB-1299', '1', 'Page-04', 10, 3, 30, 533, 15990, 0, 0, 0, 0, 0, 18388.5, 15, 0, '0'),
(768, 434, 'LL-1842552', 79, '2018-03-24', '1', '1', 'LGED-K-M-MU-01', '1', 'Page-04', 11, 4, 44, 533, 23452, 0, 0, 0, 0, 0, 26969.8, 15, 0, '0'),
(769, 190, 'LL-1831324', 39, '2018-03-24', '1', '', 'BREB-04', '1', 'Page-05', 9.5, 4, 38, 799.5, 30381, 0, 0, 0, 0, 0, 34938.1, 15, 0, '0'),
(770, 310, 'BL-1844711', 14, '2018-03-24', '1', '15', 'BAPEX-292', '1', 'Page-05', 14, 4, 56, 533, 29848, 0, 0, 0, 0, 0, 34325.2, 15, 0, '0'),
(771, 435, 'PS-1843231', 10, '2018-03-24', '1', '0', 'SP-RG-01', '1', 'Page-12', 13, 4, 52, 533, 27716, 0, 0, 0, 0, 0, 31873.4, 15, 0, '0'),
(772, 65, 'DP-1831752', 38, '2018-03-25', '1', '', 'DFP-18-ID-10', '2', 'Page-10', 20.5, 8, 164, 533, 87412, 0, 0, 0, 0, 0, 109265, 15, 10, '0'),
(773, 436, 'BB-1844211', 27, '2018-03-25', '1', '6', 'BSMRMU-316', '1', 'Page-12', 10, 4, 40, 533, 21320, 0, 0, 0, 0, 0, 24518, 15, 0, '0'),
(774, 1, 'IL-1835521', 2, '2018-03-26', '2', '2', 'IBBL-07', '1', 'Front Page', 7, 4, 28, 0, 0, 0, 0, 0, 0, 0, 0, 0, 0, '0'),
(775, 437, 'CP-184187', 12, '2018-03-26', '1', '10', 'CID-01', '1', 'Page-03', 10, 4, 40, 533, 21320, 0, 0, 0, 0, 0, 24518, 15, 0, '0'),
(776, 320, 'IS-18405', 45, '2018-03-26', '3', '25', 'ITHS-02', '1', 'Page-03', 5, 4, 20, 500, 10000, 0, 0, 0, 40, 4000, 6000, 0, 0, '0'),
(777, 65, 'DP-1831752', 38, '2018-03-26', '1', '', 'DFP-18-ID-11', '1', 'Page-04-05', 41, 8, 328, 533, 174824, 0, 0, 45, 0, 0, 316868, 15, 10, '0'),
(778, 7, 'RD-1832020', 7, '2018-03-26', '1', '4', 'RHD-D-1598', '1', 'Page-06', 4, 3, 12, 533, 6396, 0, 0, 0, 0, 0, 7355.4, 15, 0, '0'),
(779, 23, 'BB-1833719', 21, '2018-03-26', '1', '15', 'BPDB-MY-1081', '1', 'Page-06', 4, 3, 12, 799.5, 9594, 0, 0, 0, 0, 0, 11033.1, 15, 0, '0'),
(780, 438, 'RR-1843646', 49, '2018-03-26', '1', '4', 'RHD-RJ-S-', '1', 'Page-06', 5, 3, 15, 533, 7995, 0, 0, 0, 0, 0, 9194.25, 15, 0, '0'),
(781, 439, 'DP-1845830', 73, '2018-03-26', '1', '20', 'Pourashava-CH-C-D-01', '1', 'Page-06', 5, 4, 20, 533, 10660, 0, 0, 0, 0, 0, 12259, 15, 0, '0'),
(782, 134, 'DE-1834128', 27, '2018-03-26', '1', '', 'DPE-2462', '1', 'Page-10', 4, 4, 16, 533, 8528, 0, 0, 0, 0, 0, 9807.2, 15, 0, '0'),
(783, 440, 'PP-184428', 6, '2018-03-26', '1', '3', 'PWD-RG-N-397', '1', 'Page-10', 8, 4, 32, 533, 17056, 0, 0, 0, 0, 0, 19614.4, 15, 0, '0'),
(784, 121, 'LS-1833730', 30, '2018-03-26', '1', '', 'LGED-S-M-04', '1', 'Page-12', 4, 3, 12, 533, 6396, 0, 0, 0, 0, 0, 7355.4, 15, 0, '0'),
(785, 310, 'BL-1844711', 14, '2018-03-26', '1', '15', 'BAPEX-294', '1', 'Page-12', 5, 4, 20, 533, 10660, 0, 0, 0, 0, 0, 12259, 15, 0, '0'),
(786, 441, 'RC-184950', 4, '2018-03-26', '2', '36', 'RAK-C-01', '1', 'Page-12', 10, 4, 40, 0, 0, 0, 0, 0, 0, 0, 0, 0, 0, '0'),
(787, 376, 'ML-1845953', 3, '2018-03-26', '2', '2', 'MBL-BANK-02', '1', 'Back Page', 7, 3, 21, 0, 0, 0, 0, 0, 0, 0, 0, 0, 0, '0'),
(788, 442, 'R-1841715', 3, '2018-03-26', '2', '26', 'RH-AGENCY-4BANK-01', '1', 'Back Page', 4.5, 8, 36, 799.5, 28782, 0, 72.5, 45, 30, 18780.3, 50393.7, 15, 0, '0'),
(789, 443, 'LL-1842148', 74, '2018-03-27', '1', '1', 'RG-L-P-01', '1', 'Page-12', 6, 4, 24, 533, 12792, 0, 0, 0, 0, 0, 14710.8, 15, 0, '0'),
(790, 111, 'TL-1835924', 14, '2018-03-27', '1', '', 'TGTDCL-02', '1', 'Back Page', 8, 3, 24, 799.5, 19188, 0, 72.5, 45, 0, 0, 47994, 15, 0, '0'),
(791, 444, 'RR-1842815', 69, '2018-03-28', '1', '4', 'RHD-CH-CD-01', '1', 'Page-03', 7, 3, 21, 533, 11193, 0, 0, 0, 0, 0, 12872, 15, 0, '0'),
(792, 8, 'MD-1832648', 8, '2018-03-28', '', '', 'ISPR-ARMY-DW-AHQ-1227', '1', 'Page-04', 8, 4, 32, 533, 17056, 0, 0, 0, 0, 0, 19614.4, 15, 0, '0'),
(793, 217, 'PP-184220', 51, '2018-03-28', '1', '13', 'PWD-D-F-652/2', '1', 'Page-04', 8, 4, 32, 533, 17056, 0, 0, 0, 0, 0, 19614.4, 15, 0, '0'),
(794, 359, 'LL-1845257', 48, '2018-03-28', '1', '1', 'LGED-MY-UP(S)-01', '1', 'Page-05', 6, 4, 24, 533, 12792, 0, 0, 0, 0, 0, 14710.8, 15, 0, '0'),
(795, 363, 'SP-1843013', 56, '2018-03-28', '1', '20', 'Pourashava-D-MP-SC-119', '1', 'Page-05', 10, 3, 30, 533, 15990, 0, 0, 0, 0, 0, 18388.5, 15, 0, '0'),
(796, 100, 'LL-1834157', 5, '2018-03-28', '1', '', 'LGED-KH-EE-997', '1', 'Page-12', 10, 3, 30, 533, 15990, 0, 0, 0, 0, 0, 18388.5, 15, 0, '0'),
(797, 59, 'PD-1834656', 27, '2018-03-28', '1', '3', 'PWD-D8-2040', '1', 'Page-12', 7, 3, 21, 533, 11193, 0, 0, 0, 0, 0, 12872, 15, 0, '0'),
(798, 246, 'PP-1845634', 8, '2018-03-28', '1', '13', 'PWD-D7-2611', '1', 'Page-12', 4, 4, 16, 533, 8528, 0, 0, 0, 0, 0, 9807.2, 15, 0, '0'),
(799, 252, 'PP-1844250', 77, '2018-03-29', '1', '13', 'PWD-D-T-368(2)', '1', 'Page-03', 6, 3, 18, 533, 9594, 0, 0, 0, 0, 0, 11033.1, 15, 0, '0'),
(800, 123, 'LL-183560', 41, '2018-03-29', '1', '', 'LGED-CH-BB-1291/1(2)', '1', 'Page-03', 6, 4, 24, 533, 12792, 0, 0, 0, 0, 0, 14710.8, 15, 0, '0'),
(801, 35, 'BB-1834954', 28, '2018-03-29', '1', '', 'BWDB-BAGURA-568', '1', 'Page-03', 6, 3, 18, 533, 9594, 0, 0, 0, 0, 0, 11033.1, 15, 0, '0'),
(802, 8, 'MD-1832648', 8, '2018-03-29', '', '', 'ISPR-ARMY-HQ-DWCE-1235', '1', 'Page-04', 10, 4, 40, 533, 21320, 0, 0, 0, 0, 0, 24518, 15, 0, '0'),
(803, 445, 'EE-1841149', 9, '2018-03-29', '1', '1', 'EED-K-J-404', '1', 'Page-04', 11, 3, 33, 533, 17589, 0, 0, 0, 0, 0, 20227.3, 15, 0, '0'),
(804, 148, 'LL-1835532', 61, '2018-03-29', '1', '', 'LGED-M-S-N-02', '1', 'Page-05', 4, 3, 12, 533, 6396, 0, 0, 0, 0, 0, 7355.4, 15, 0, '0'),
(805, 446, 'LL-1841520', 60, '2018-03-29', '1', '1', 'LGED-D-R-P-01', '1', 'Page-05', 5, 3, 15, 533, 7995, 0, 0, 0, 0, 0, 9194.25, 15, 0, '0'),
(806, 23, 'BB-1833719', 21, '2018-03-29', '1', '15', 'BPDB-RJ-2018', '1', 'Page-05', 4, 3, 12, 799.5, 9594, 0, 0, 0, 0, 0, 11033.1, 15, 0, '0'),
(807, 447, 'LL-1842150', 26, '2018-03-29', '1', '1', 'LGED-RJ-916', '1', 'Page-05', 6, 3, 18, 533, 9594, 0, 0, 0, 0, 0, 11033.1, 15, 0, '0'),
(808, 448, 'KP-1842511', 82, '2018-03-29', '1', '20', 'Pourashava-KH-K-KU-01', '1', 'Page-12', 10, 4, 40, 533, 21320, 0, 0, 0, 0, 0, 24518, 15, 0, '0'),
(809, 88, 'LL-1832922', 6, '2018-03-29', '1', '', 'LGED-657', '1', 'Page-10', 4, 4, 16, 533, 8528, 0, 0, 0, 0, 0, 9807.2, 15, 0, '0'),
(810, 42, 'PD-1835410', 10, '2018-03-29', '1', '3', 'PWD-RG-3078', '1', 'Page-12', 6, 4, 24, 533, 12792, 0, 0, 0, 0, 0, 14710.8, 15, 0, '0'),
(811, 2, 'DL-183190', 3, '2018-03-29', '2', '2', 'DBBL-SP-MAR-18', '6', 'Font page', 5, 2, 10, 1000, 10000, 0, 0, 0, 0, 0, 12500, 15, 10, '0'),
(812, 1, 'IL-1835521', 2, '2018-03-30', '2', '2', 'IBBL-ANIVERSARY-08', '1', 'Front Page', 7, 6, 42, 0, 0, 0, 0, 0, 0, 0, 0, 0, 0, '0'),
(813, 412, 'PD-1842329', 5, '2018-03-30', '1', '3', 'PWD-KH-D2-860(2)', '1', 'Page-04', 8, 3, 24, 533, 12792, 0, 0, 0, 0, 0, 14710.8, 15, 0, '0'),
(814, 117, 'RR-183134', 39, '2018-03-30', '1', '', 'RHD-B-04', '1', 'Page-04', 8, 3, 24, 533, 12792, 0, 0, 0, 0, 0, 14710.8, 15, 0, '0'),
(815, 198, 'LL-1833632', 22, '2018-03-30', '1', '13', 'LGED-RG-D-CH-02', '1', 'Page-05', 12.5, 8, 100, 533, 53300, 0, 0, 0, 0, 0, 61295, 15, 0, '0'),
(816, 257, 'BC-184108', 83, '2018-03-30', '2', '5', 'BJMC-RIA-02', '1', 'Page-10', 8, 3, 24, 799.5, 19188, 0, 0, 0, 30, 5756.4, 15446.3, 15, 0, '0'),
(817, 39, 'BB-183825', 3, '2018-03-30', '2', '2', 'BB-1293', '1', 'Page-04', 8, 4, 32, 533, 17056, 0, 0, 0, 0, 0, 21320, 15, 10, '0'),
(818, 319, 'NB-1844953', 12, '2018-03-30', '1', '7', 'NCTB-243', '1', 'Page-12', 12.5, 8, 100, 533, 53300, 0, 0, 0, 0, 0, 61295, 15, 0, '0'),
(819, 450, 'LL-18423', 73, '2018-03-31', '1', '1', 'LGED-CH-C-D-01', '1', 'Page-04', 12, 4, 48, 533, 25584, 0, 0, 0, 0, 0, 29421.6, 15, 0, '0'),
(820, 95, 'L-1831847', 8, '2018-03-31', '1', '', 'LGED-DHAKA-1919', '1', 'Page-05', 8, 5, 40, 533, 21320, 0, 0, 0, 0, 0, 24518, 15, 0, '0'),
(821, 121, 'LS-1833730', 30, '2018-03-31', '1', '', 'LGED-S-M-05', '1', 'Page-12', 3, 3, 9, 533, 4797, 0, 0, 0, 0, 0, 5516.55, 15, 0, '0'),
(822, 8, 'MD-1832648', 8, '2018-03-31', '', '', 'ISPR-CW-EME-1249', '1', 'Page-12', 4, 3, 12, 533, 6396, 0, 0, 0, 0, 0, 7355.4, 15, 0, '0'),
(823, 451, 'LL-1841141', 77, '2018-03-31', '1', '1', 'LGED-D-T-D-01', '1', 'Page-12', 4, 3, 12, 533, 6396, 0, 0, 0, 0, 0, 7355.4, 15, 0, '0'),
(824, 452, 'ZP-1841527', 13, '2018-03-31', '1', '20', 'Zila Porishod-D-MU-01', '1', 'Page-12', 5, 3, 15, 533, 7995, 0, 0, 0, 0, 0, 9194.25, 15, 0, '0'),
(825, 112, 'LL-183327', 53, '2018-03-31', '1', '', 'LGED-KH-JH-1012', '1', 'Page-12', 6, 3, 18, 533, 9594, 0, 0, 0, 0, 0, 11033.1, 15, 0, '0'),
(826, 0, 'tt-1851939', 0, '2018-06-03', '', '', 'test', '', '', 0, 0, 0, 0, 0, 0, 0, 0, 0, 0, 0, 0, 0, '0');

-- --------------------------------------------------------

--
-- Table structure for table `tbl_payment`
--

CREATE TABLE `tbl_payment` (
  `payment_id` int(11) NOT NULL,
  `invoice_id` int(20) NOT NULL,
  `order_id` varchar(20) NOT NULL,
  `cust_id` varchar(20) NOT NULL,
  `cust_id_new` varchar(100) NOT NULL,
  `ref_id` tinyint(4) NOT NULL,
  `name` varchar(100) NOT NULL,
  `payable_amount` float NOT NULL,
  `receive_amount` float NOT NULL,
  `ait_others_discount` float NOT NULL,
  `commission` float NOT NULL,
  `payment_date` date NOT NULL,
  `payment_method` varchar(20) NOT NULL,
  `check_num` varchar(30) NOT NULL,
  `memo` varchar(30) NOT NULL,
  `deposite_to` varchar(30) NOT NULL,
  `due` float NOT NULL
) ENGINE=InnoDB DEFAULT CHARSET=latin1;

--
-- Dumping data for table `tbl_payment`
--

INSERT INTO `tbl_payment` (`payment_id`, `invoice_id`, `order_id`, `cust_id`, `cust_id_new`, `ref_id`, `name`, `payable_amount`, `receive_amount`, `ait_others_discount`, `commission`, `payment_date`, `payment_method`, `check_num`, `memo`, `deposite_to`, `due`) VALUES
(1, 1, '1', '1', 'IL-1835521', 2, 'Islami Bank Bangladesh Limited', 40000.2, 40000.2, 0, 20, '2018-06-10', 'Cash', '', '120', '', 0),
(2, 7, '107', '1', 'IL-1835521', 2, 'Islami Bank Bangladesh Limited', 40000.8, 40000.8, 0, 20, '2018-06-10', 'Cash', '', '120', '', 0),
(3, 613, '610', '1', 'IL-1835521', 2, 'Islami Bank Bangladesh Limited', 33024, 33024, 0, 20, '2018-06-10', 'Cash', '', '120', '', 0),
(4, 670, '671', '1', 'IL-1835521', 2, 'Islami Bank Bangladesh Limited', 33000, 33000, 0, 20, '2018-06-10', 'Cash', '', '120', '', 0);

-- --------------------------------------------------------

--
-- Table structure for table `tbl_property`
--

CREATE TABLE `tbl_property` (
  `property_id` int(11) NOT NULL,
  `property_no` varchar(5) NOT NULL,
  `entry_date` date NOT NULL,
  `property_type` varchar(255) NOT NULL,
  `property_name` varchar(255) NOT NULL,
  `property_description` mediumtext NOT NULL,
  `original_amount` float NOT NULL,
  `present_approximate_amount` float NOT NULL
) ENGINE=MyISAM DEFAULT CHARSET=latin1;

-- --------------------------------------------------------

--
-- Table structure for table `tbl_reference`
--

CREATE TABLE `tbl_reference` (
  `ref_id` int(11) NOT NULL,
  `ref_name` varchar(100) NOT NULL,
  `ref_address` varchar(250) NOT NULL,
  `ref_division` tinyint(4) NOT NULL,
  `ref_district` tinyint(4) NOT NULL,
  `ref_upazila` varchar(30) NOT NULL,
  `ref_phone` varchar(20) DEFAULT NULL,
  `ref_email` varchar(50) DEFAULT NULL,
  `ref_created_at` date DEFAULT NULL,
  `ref_updated_at` date DEFAULT NULL
) ENGINE=MyISAM DEFAULT CHARSET=latin1;

--
-- Dumping data for table `tbl_reference`
--

INSERT INTO `tbl_reference` (`ref_id`, `ref_name`, `ref_address`, `ref_division`, `ref_district`, `ref_upazila`, `ref_phone`, `ref_email`, `ref_created_at`, `ref_updated_at`) VALUES
(1, 'Kamruzzaman Miah', 'Tejgaon', 1, 1, 'Tejgaon', '01719845856', 'kamruzzaman245@gmail.com', '2018-04-11', NULL),
(2, 'Tareq Iqbal', ' 49 Old Airport Road ', 1, 1, 'Tejgaon', '01799442388', 'piyal555@yahoo.com', '2018-04-21', NULL),
(3, 'Nasir Uddin Sha', '49 Old Airport Road', 1, 1, 'Tejgaon', '01741394525', 'sahnasiruddin222@gmail.com', '2018-04-21', NULL),
(4, 'Mahmudul Hasan Nadim', '49 Old Airport Tejgoan', 1, 1, 'Motijheel', '+8801672880388', 'nahid327@gmail.com', '2018-04-21', NULL),
(5, 'Ekramul Kobir', 'Khulna', 4, 38, 'Khulna Sadar', '01716413775', '', '2018-04-21', NULL),
(6, 'Raja', 'Nilphamari', 7, 54, 'Nilphamari sadar', '01711127631', '', '2018-04-21', NULL),
(7, 'Zahirul Islam', '49 old airport Road', 1, 1, 'Gulshan', '01911171869', '', '2018-04-21', NULL),
(8, 'Abdur Rashid', '49 Old Airport Road', 1, 1, 'Tejgaon', '01712796766', '', '2018-04-21', NULL),
(9, 'Abdul Mannan', 'Jessore', 4, 36, 'Jessore Sadar', '1710111111', '', '2018-04-21', NULL),
(10, 'Mizanur Rahman-R', 'Rangpur', 7, 49, 'Rngpur sadar', '01712258098', '', '2018-04-21', NULL),
(11, 'Yasinul Hakim', 'Bandarban ', 2, 31, 'Bandarban sadar', '01879752438', '', '2018-04-21', NULL),
(12, 'Mohammadullah Panchabasi', '49 Oldairport Road', 1, 1, 'Tejgaon', '01795201417', '', '2018-04-21', NULL),
(13, 'Nopor Chowdhury', 'Munshigonj', 1, 10, 'Monshigonj sadar', '01711383565', '', '2018-04-21', NULL),
(14, 'Dipok', '49 old airport road', 1, 1, 'Tejgaon', '01934040981', '', '2018-04-21', NULL),
(15, 'Neaz Murshed', 'Akkelpur', 3, 45, 'Akkelpur', '0171000000', '', '2018-04-22', NULL),
(16, 'Hydor Ali', 'Sylhet', 6, 59, 'Sylhet Sadar', '01711123806', '', '2018-04-22', NULL),
(17, 'Joypurhat-Neaz Murshed', 'Joypurhat', 3, 45, 'Akkelpur', '0171000000', '', '2018-04-22', '2018-05-27'),
(18, 'Ashraf Ali', 'Kishoregonj', 1, 64, 'Kishoreganj Sadar', '0171000000', '', '2018-04-22', NULL),
(19, 'Md Monir', 'Narayanganj', 1, 65, 'Narayanganj', '01710000000', '', '2018-04-22', NULL),
(20, 'Md Monir', 'Narayangonj', 1, 65, 'Narayanganj', '0171000000', '', '2018-04-22', NULL),
(21, 'Ferozul Islam', 'Wapda Babhan,', 1, 1, 'Motijheel', '01989430507', '', '2018-04-22', NULL),
(22, 'Rashed-Dinajpur', 'Dinajpur', 7, 50, 'Dinajpur sadar', '0171000000', '', '2018-04-22', NULL),
(23, 'Abul Hasnat Bablu', 'Noakhali', 2, 12, 'Noakhali Sadar', '01715994303', '', '2018-04-22', NULL),
(24, 'Md Abdur Rahman', 'Jessore', 4, 36, 'Jessore Sadar', '01712233092', '', '2018-04-22', NULL),
(25, 'Mizanur Rahman', 'Gopalgonj', 1, 5, 'Gopalganj Sadar', '01740578000', '', '2018-04-22', NULL),
(26, 'Arifin', 'Rajshahi Sadar', 3, 17, 'Rajshahi', '0171000000', '', '2018-04-22', NULL),
(27, 'Kobir Hosen', '49 Old Airport Road', 1, 1, 'Tejgaon', '01736819219', '', '2018-04-22', NULL),
(28, 'Mustafizur Rahman-F', 'MOtijheel', 1, 1, 'Motijheel', '01712687493', '', '2018-04-22', NULL),
(29, 'Chanchal', 'cox\'s bazar', 2, 33, 'Cox\'s Bazar', '0171000000', '', '2018-04-22', NULL),
(30, 'Ataur Rahman Chowsdhury', 'Moulovibazar', 6, 59, 'Sylhet Sadar', '0171113806', 'chyataur@gmail.com', '2018-04-23', NULL),
(31, 'Sabiha Shahin', 'Comilla Sadar', 2, 19, 'Comilla', '01710444555', '', '2018-04-23', NULL),
(32, 'Arif', 'Brahmanpara', 2, 19, 'Brahmanpara', '01070000000', '', '2018-04-23', NULL),
(33, 'Mustafuzur Rahman-Ashugonj', 'Ashuganj', 2, 25, 'Ashugonj', '01710-565852', '', '2018-04-23', NULL),
(34, 'Noor Alam Siker', '49 Old Airport Road', 1, 1, 'Tejgaon', '01740978745', '', '2018-04-23', NULL),
(35, 'Norul Islam-Thakurgoan', 'Pirgoanj', 7, 56, 'Pirganj', '01714000000', '', '2018-04-23', NULL),
(36, 'Ripon', 'Feni ', 2, 28, 'Feni Sadar', '01710444555', '', '2018-04-23', NULL),
(37, 'Mizanur Rahman-Bagerhat', 'Bagerhat', 4, 34, 'Bagerhat ', '01716121789', '', '2018-04-23', NULL),
(38, 'Naimul Alam Rinko', 'Asian Age', 1, 1, 'Tejgaon', '001912397651', '', '2018-04-23', NULL),
(39, 'Rashed-Barisal', 'Barisal', 5, 13, 'Barisal', '01915-114828', '', '2018-04-23', NULL),
(40, 'Latif Mahmud-Natore', 'Singra', 3, 47, 'Natore Sadar', '01715672962', '', '2018-04-23', NULL),
(41, 'Ashikur Rahman Mitu', 'Sorail', 2, 25, 'Sarail', '0171000000', '', '2018-04-23', NULL),
(42, 'Debproto-Kishoreganj', 'Katiadi', 1, 64, 'Katiadi', '017102222222', '', '2018-04-23', NULL),
(43, 'Saiful Alam Lalin', '49 Old Airport Road', 1, 1, 'Tejgaon', '01711127631', '', '2018-04-24', NULL),
(44, 'Jim Kobir - bogra', 'Borga', 3, 14, 'Bogra', '01737389285', '', '2018-04-24', NULL),
(45, 'AA Office', '49 Old Airport Road Tejgaon', 1, 1, 'Tejgaon', '9145606', '', '2018-04-24', NULL),
(46, 'Mahbub Alam', 'Gazipur', 1, 4, 'Gazipur Sadar', '01710444444', '', '2018-04-24', NULL),
(47, 'Rupom Kumer', 'Chittagong', 2, 32, 'Chittagong', '01742446764', '', '2018-04-24', NULL),
(48, 'Rohol Amin-Mymensingh', 'Mymensingh', 8, 60, 'Mymensingh Sadar', '01718813776', '', '2018-04-24', NULL),
(49, 'Sirazul Islam Shishir', 'Sirajganj', 1, 67, 'Select Upazila', '01704029657', '', '2018-04-24', NULL),
(50, 'Ariful Islam', 'Chuadanga', 4, 35, 'Chuadanga', '0171066666', '', '2018-04-25', NULL),
(51, 'Sayed-Faridpur', 'Farid', 1, 3, 'Faridpur', '017140000000', '', '2018-04-25', NULL),
(52, 'Nazim Uddin - Rangamati', 'Sadar', 2, 30, 'Rangamati sadar', '01879752438', '', '2018-04-26', NULL),
(53, 'Kazi Liku', 'Jhenaidah', 4, 37, 'Jhenaidah sadar', '01716854851', '', '2018-04-26', NULL),
(54, 'Sadar Uddin Bulu', 'Nababgonj', 3, 44, 'Nababgonj', '01710444555', '', '2018-04-26', NULL),
(55, 'Billash', 'Patuakhali', 5, 23, 'Patuakhali', '01711389722', '', '2018-04-26', NULL),
(56, 'Abdul Aziz - Madaripur', 'Maripur', 1, 6, 'Madaripur Sadar', '01710474747', '', '2018-04-26', NULL),
(57, 'Awal-Narsingdi', 'Polash', 1, 66, 'Polash', '017104445555', '', '2018-04-26', NULL),
(58, 'Shahiduzzaman-Shariatpur', 'Shariatpur', 1, 63, 'Shariatpur', '0140000000', '', '2018-04-26', NULL),
(59, 'Sabiha', 'Adarsha Sadar', 2, 19, 'Comilla', '01714555566', '', '2018-04-26', NULL),
(60, 'Jahangir-Rajbari', 'Sadar', 1, 9, 'Rajbari', '01712840815', '', '2018-04-26', NULL),
(61, 'Mohiminul Humayan', 'Sadar', 8, 62, 'Nakla', '01942252212', '', '2018-04-28', NULL),
(62, 'Lokman Ali', 'N-Sadar', 3, 46, 'Naogaon', '01728322006', '', '2018-04-28', NULL),
(63, 'Ershadur Rahman - Jamalpur', 'Jamalpur', 8, 15, 'Jamalpur', '01710454545', '', '2018-04-28', NULL),
(64, 'Thakurgaon-Firoz', 'Thakurgoan', 7, 56, 'Ranisankail', '01745666622', '', '2018-04-28', '2018-05-27'),
(65, 'Alamgir', 'Burichong', 2, 19, 'Burichong', '01712873258', '', '2018-04-28', NULL),
(66, 'Pabna', 'Santhia', 3, 48, 'Santhia', '017152233366', '', '2018-04-28', NULL),
(67, 'Abdul Malek - Lashmipur', 'Lakshmipur', 2, 32, 'Chittagong', '01745222222', '', '2018-04-30', NULL),
(68, 'Barguna', 'District', 5, 20, 'Barguna Sadar', '017180000000', '', '2018-05-02', NULL),
(69, 'Chandpur', 'District', 2, 26, 'Chandpur Sadar', '017109999999', '', '2018-05-02', NULL),
(70, 'Jhalokati', 'District', 5, 22, 'Jhalokati Sadar', '001710989898', '', '2018-05-02', NULL),
(71, 'Chandon Chakroborty', 'Netrokona', 8, 61, 'Netrokona Sadar', '01710456456', '', '2018-05-06', NULL),
(72, 'Sayed-Faridpur', 'Faridpur', 1, 3, 'Faridpur', '01785000000', '', '2018-05-06', NULL),
(73, 'Kamal-', 'Debidar', 2, 19, 'Debidwar', '01710454546', '', '2018-05-06', NULL),
(74, 'Uttam Kumer', 'Lalmonirhat', 7, 53, 'Lalmonirhat Sadar', '01710555555', '', '2018-05-06', NULL),
(75, 'Abdul Mannan-Jhalokati', 'Correspondent', 5, 22, 'Jhalokati Sadar', '01714565656', '', '2018-05-06', NULL),
(76, 'Amanullah-Chandpur-01', 'Chandpur', 2, 26, 'Chandpur Sadar', '01710454545', '', '2018-05-06', NULL),
(77, 'Tangail-Masud', '01', 1, 2, 'Tangail Sadar', '01710878787', '', '2018-05-06', NULL),
(78, 'Rangdhonu Advertising', 'Danik Banglar Mor', 1, 1, 'Motijheel', '01710743712', '', '2018-05-06', NULL),
(79, 'Mizan- Meherpur', 'DC', 4, 41, 'Meherpur', '01710454545', '', '2018-05-06', NULL),
(80, 'Kurigram-Fazle Elahi', 'DC', 7, 52, 'Kurigram Sadar', '01710454545', '', '2018-05-06', NULL),
(81, 'Khagrachari - Norul Azam', 'DC', 2, 29, 'Khagrachhari', '01710454545', '', '2018-05-06', NULL),
(82, 'Jamal Uddin Hydari', 'Kishtia', 4, 39, 'Kushtia', '01710454545', '', '2018-05-07', NULL),
(83, 'Ria Advertising ', 'RK Mission Road', 1, 1, 'Motijheel', '8989562', '', '2018-05-07', NULL),
(84, 'Manikganj,Md.Sohel', 'MK', 1, 7, 'Manikganj', '01714565656', '', '2018-05-07', NULL),
(86, 'Tipu-Habigang', 'Habiganj', 6, 57, '244', '01710454545', '', '2018-05-10', NULL),
(87, 'Rasel-Cumilla', 'Comilla', 2, 19, '97', '01714565656', '', '2018-05-12', NULL),
(88, 'Comilla-Brahmanpara', 'Faruk', 2, 19, '98', '01714565656', '', '2018-05-12', NULL),
(89, 'Bhola-Foyzullah', '06', 5, 21, '350', '01715444555', '', '2018-05-12', NULL),
(90, 'Gaibanda-01', 'DC', 7, 51, '198', '12344556', '', '2018-05-12', NULL),
(91, 'Satkhira-Shahin Gulzar', '01', 4, 43, '290', '4545458', '', '2018-05-13', NULL),
(92, 'Sunamganj-Sylhet', '01', 6, 58, '258', '01714565656', '', '2018-05-13', NULL),
(93, 'Humayan-Sherpur', 'Sadar', 8, 62, '150', '01714585858', '', '2018-05-13', NULL),
(94, 'Humayan-Sherpur', 'Sadar', 8, 62, '150', '01714585858', '', '2018-05-13', NULL),
(95, 'Naogaon-Lokman', '-01', 3, 46, '153', '0171454545', '', '2018-05-13', NULL),
(96, 'Narail-Al-Amin', '01', 4, 42, '284', '01710000000', '', '2018-05-13', NULL),
(97, 'Ad Bangla Advertising ', '67 West Agargaon, (3rd Floor),', 1, 1, '58', '017852258', '', '2018-05-14', NULL),
(98, 'Savar', '-01', 1, 1, '55', '01710454545', '', '2018-05-14', NULL),
(99, 'Chapainawabganj', '01', 3, 44, '138', '01711127631', '', '2018-05-15', NULL),
(100, 'Fakir Abul Kamal Azad', 'SR Tower', 1, 1, '61', '01717873111', '', '2018-05-16', NULL),
(101, 'Sara Advertising', 'Motalen Mension,RK Mission Road', 1, 1, 'Select Upazila', '01710232323', '', '2018-05-16', NULL),
(102, 'Khan Jahan Ali Chowdury', 'Nabinagar', 2, 25, '435', '01611724222', '', '2018-05-23', NULL),
(103, 'Dhaka-Khayrul Islam Ovi', 'Dhaka', 1, 1, '19', '01833556929', '', '2018-05-27', NULL),
(104, 'Pirojpur-Hasan Mahmud', 'Pirojpur-Barisal', 5, 24, '365', '01776102215', '', '2018-05-27', NULL);

-- --------------------------------------------------------

--
-- Table structure for table `tbl_ref_payment`
--

CREATE TABLE `tbl_ref_payment` (
  `refpaymentid` int(11) NOT NULL,
  `invoice_id` smallint(6) NOT NULL,
  `order_id` smallint(6) NOT NULL,
  `ref_id` smallint(6) NOT NULL,
  `ref_payable_amount` float NOT NULL,
  `ref_receive_amount` float NOT NULL,
  `commission` float NOT NULL,
  `ref_payment_date` date DEFAULT NULL,
  `ref_payment_method` varchar(50) DEFAULT NULL,
  `ref_check_num` varchar(20) DEFAULT NULL,
  `ref_memo` varchar(20) DEFAULT NULL,
  `ref_deposite_to` varchar(20) DEFAULT NULL,
  `ref_due` float DEFAULT NULL
) ENGINE=InnoDB DEFAULT CHARSET=utf8;

-- --------------------------------------------------------

--
-- Table structure for table `tbl_test`
--

CREATE TABLE `tbl_test` (
  `test_id` int(11) NOT NULL,
  `receiveable_amt` float NOT NULL,
  `pay_method` varchar(20) NOT NULL,
  `check_num` varchar(50) NOT NULL,
  `bank_name` varchar(100) NOT NULL
) ENGINE=MyISAM DEFAULT CHARSET=latin1;

-- --------------------------------------------------------

--
-- Table structure for table `tbl_transaction`
--

CREATE TABLE `tbl_transaction` (
  `t_id` int(11) NOT NULL,
  `memo_no` varchar(10) NOT NULL,
  `member_id` varchar(20) NOT NULL,
  `member_name` varchar(100) NOT NULL,
  `amount` float NOT NULL,
  `transaction_type` varchar(50) NOT NULL,
  `payment_date` datetime NOT NULL,
  `received_by` varchar(150) NOT NULL
) ENGINE=MyISAM DEFAULT CHARSET=latin1;

-- --------------------------------------------------------

--
-- Table structure for table `tbl_type`
--

CREATE TABLE `tbl_type` (
  `typeid` int(11) NOT NULL,
  `type_name` varchar(50) NOT NULL,
  `type_status` tinyint(4) NOT NULL
) ENGINE=InnoDB DEFAULT CHARSET=utf8 ROW_FORMAT=COMPACT;

--
-- Dumping data for table `tbl_type`
--

INSERT INTO `tbl_type` (`typeid`, `type_name`, `type_status`) VALUES
(1, 'Advertisement', 1),
(2, 'Supplimentary', 1),
(3, 'Notice', 1),
(4, 'Others', 1),
(5, 'Financial Statement', 1),
(6, 'Spot Ad', 1);

-- --------------------------------------------------------

--
-- Table structure for table `user`
--

CREATE TABLE `user` (
  `srno` int(11) NOT NULL,
  `username` varchar(30) NOT NULL,
  `password` varchar(30) NOT NULL,
  `email` varchar(50) NOT NULL
) ENGINE=MyISAM DEFAULT CHARSET=latin1;

--
-- Dumping data for table `user`
--

INSERT INTO `user` (`srno`, `username`, `password`, `email`) VALUES
(1, 'superadmin', '147', 'superadmin@dailyasianage.com'),
(9, 'sales', '147', 'sales@dailyasianage.com'),
(10, 'admin', '147', 'admin@dailyasianage.com');

-- --------------------------------------------------------

--
-- Table structure for table `users`
--

CREATE TABLE `users` (
  `id` int(11) NOT NULL,
  `firstname` varchar(50) DEFAULT NULL,
  `lastname` varchar(50) DEFAULT NULL,
  `phone` varchar(200) DEFAULT NULL,
  `email` varchar(200) DEFAULT NULL,
  `presentadd` varchar(200) NOT NULL,
  `permanentadd` varchar(200) NOT NULL
) ENGINE=MyISAM DEFAULT CHARSET=utf8;

--
-- Dumping data for table `users`
--

INSERT INTO `users` (`id`, `firstname`, `lastname`, `phone`, `email`, `presentadd`, `permanentadd`) VALUES
(15, 'jaman', 'ahmed', '01719845856', 'jaman201152@yahoo.com', 'Mohakhali, Dhaka.', 'Mirzapur, Tangail.'),
(16, 'Maruf', 'Ahmed1', '1234561', 'maruf@yahoo.com', 'Mohakhali, Dhaka.', 'Gaibandha,'),
(18, 'Hasem', 'ahmed', '0123456789', 'hasem@gmail.com', 'nnn', 'mmm'),
(23, 'Kalam', 'Ahmed', '01719845856', 'Kalam@gmail.com', 'Mirpur, Dhaka.', 'Khulna, Dhaka.'),
(24, 'Salam', 'ahmed', '01719845856', 'salam@yahoo.com', 'dhaka', 'Tangail'),
(25, 'Hossain', 'Khaer', '123456', 'hassain@gmail.com', 'mohakhali, Dhaka.', 'Tangail.'),
(26, 'morshed', 'Robel', '25849', 'morshed@yahoo.com', 'Banani, Dhaka.', 'Tangial.'),
(28, 'Alom', 'hassan', '01546', 'alom@gmail.com', 'mohakhali, Dhaka.', 'Tangail'),
(29, 'sabbir', 'ahmed', '01719845856', 'sabbir@gmail.com', 'Banani, Dhaka.', 'Mirzapur, Tangail.'),
(30, 'Rahim', 'Ahmed', '01719845856', 'rahim@gmail.com', 'banani, Dhaka.', 'Mirzapur, angail.'),
(31, 'hasan', 'ahmed', '01719845856', 'hasan@gmail.com', 'Mirpur, Dhaka.', 'Mirzapur, Tangail.'),
(33, 'Kamruzzaman ', 'Miah', '123456', 'kamruzzaman@gmail.com', 'mohakhali, Dhaka.', 'Mirzapur, Tangail.'),
(34, '', '', '', '', '', ''),
(35, '', '', '', '', '', '');

--
-- Indexes for dumped tables
--

--
-- Indexes for table `city`
--
ALTER TABLE `city`
  ADD PRIMARY KEY (`id`);

--
-- Indexes for table `company_cat_tbl`
--
ALTER TABLE `company_cat_tbl`
  ADD PRIMARY KEY (`companycatid`);

--
-- Indexes for table `company_type_tbl`
--
ALTER TABLE `company_type_tbl`
  ADD PRIMARY KEY (`companytypeid`);

--
-- Indexes for table `country`
--
ALTER TABLE `country`
  ADD PRIMARY KEY (`id`);

--
-- Indexes for table `item`
--
ALTER TABLE `item`
  ADD PRIMARY KEY (`itemid`);

--
-- Indexes for table `nodes`
--
ALTER TABLE `nodes`
  ADD PRIMARY KEY (`id`);

--
-- Indexes for table `state`
--
ALTER TABLE `state`
  ADD PRIMARY KEY (`id`);

--
-- Indexes for table `tbl_customer`
--
ALTER TABLE `tbl_customer`
  ADD PRIMARY KEY (`cust_id`);

--
-- Indexes for table `tbl_ememo`
--
ALTER TABLE `tbl_ememo`
  ADD PRIMARY KEY (`memo_id`);

--
-- Indexes for table `tbl_invoice`
--
ALTER TABLE `tbl_invoice`
  ADD PRIMARY KEY (`invoice_id`);

--
-- Indexes for table `tbl_order`
--
ALTER TABLE `tbl_order`
  ADD PRIMARY KEY (`order_id`);

--
-- Indexes for table `tbl_payment`
--
ALTER TABLE `tbl_payment`
  ADD PRIMARY KEY (`payment_id`);

--
-- Indexes for table `tbl_property`
--
ALTER TABLE `tbl_property`
  ADD PRIMARY KEY (`property_id`);

--
-- Indexes for table `tbl_reference`
--
ALTER TABLE `tbl_reference`
  ADD PRIMARY KEY (`ref_id`);

--
-- Indexes for table `tbl_ref_payment`
--
ALTER TABLE `tbl_ref_payment`
  ADD PRIMARY KEY (`refpaymentid`);

--
-- Indexes for table `tbl_test`
--
ALTER TABLE `tbl_test`
  ADD PRIMARY KEY (`test_id`);

--
-- Indexes for table `tbl_transaction`
--
ALTER TABLE `tbl_transaction`
  ADD PRIMARY KEY (`t_id`);

--
-- Indexes for table `tbl_type`
--
ALTER TABLE `tbl_type`
  ADD PRIMARY KEY (`typeid`);

--
-- Indexes for table `user`
--
ALTER TABLE `user`
  ADD PRIMARY KEY (`srno`);

--
-- Indexes for table `users`
--
ALTER TABLE `users`
  ADD PRIMARY KEY (`id`);

--
-- AUTO_INCREMENT for dumped tables
--

--
-- AUTO_INCREMENT for table `city`
--
ALTER TABLE `city`
  MODIFY `id` int(11) NOT NULL AUTO_INCREMENT, AUTO_INCREMENT=521;
--
-- AUTO_INCREMENT for table `company_cat_tbl`
--
ALTER TABLE `company_cat_tbl`
  MODIFY `companycatid` int(11) NOT NULL AUTO_INCREMENT, AUTO_INCREMENT=37;
--
-- AUTO_INCREMENT for table `company_type_tbl`
--
ALTER TABLE `company_type_tbl`
  MODIFY `companytypeid` int(11) NOT NULL AUTO_INCREMENT, AUTO_INCREMENT=6;
--
-- AUTO_INCREMENT for table `country`
--
ALTER TABLE `country`
  MODIFY `id` int(11) NOT NULL AUTO_INCREMENT, AUTO_INCREMENT=9;
--
-- AUTO_INCREMENT for table `item`
--
ALTER TABLE `item`
  MODIFY `itemid` int(11) NOT NULL AUTO_INCREMENT, AUTO_INCREMENT=4;
--
-- AUTO_INCREMENT for table `nodes`
--
ALTER TABLE `nodes`
  MODIFY `id` int(11) NOT NULL AUTO_INCREMENT, AUTO_INCREMENT=10;
--
-- AUTO_INCREMENT for table `state`
--
ALTER TABLE `state`
  MODIFY `id` int(11) NOT NULL AUTO_INCREMENT, AUTO_INCREMENT=68;
--
-- AUTO_INCREMENT for table `tbl_customer`
--
ALTER TABLE `tbl_customer`
  MODIFY `cust_id` int(11) NOT NULL AUTO_INCREMENT, AUTO_INCREMENT=455;
--
-- AUTO_INCREMENT for table `tbl_ememo`
--
ALTER TABLE `tbl_ememo`
  MODIFY `memo_id` int(11) NOT NULL AUTO_INCREMENT;
--
-- AUTO_INCREMENT for table `tbl_invoice`
--
ALTER TABLE `tbl_invoice`
  MODIFY `invoice_id` int(11) NOT NULL AUTO_INCREMENT, AUTO_INCREMENT=748;
--
-- AUTO_INCREMENT for table `tbl_order`
--
ALTER TABLE `tbl_order`
  MODIFY `order_id` int(11) NOT NULL AUTO_INCREMENT, AUTO_INCREMENT=827;
--
-- AUTO_INCREMENT for table `tbl_payment`
--
ALTER TABLE `tbl_payment`
  MODIFY `payment_id` int(11) NOT NULL AUTO_INCREMENT, AUTO_INCREMENT=5;
--
-- AUTO_INCREMENT for table `tbl_property`
--
ALTER TABLE `tbl_property`
  MODIFY `property_id` int(11) NOT NULL AUTO_INCREMENT;
--
-- AUTO_INCREMENT for table `tbl_reference`
--
ALTER TABLE `tbl_reference`
  MODIFY `ref_id` int(11) NOT NULL AUTO_INCREMENT, AUTO_INCREMENT=105;
--
-- AUTO_INCREMENT for table `tbl_ref_payment`
--
ALTER TABLE `tbl_ref_payment`
  MODIFY `refpaymentid` int(11) NOT NULL AUTO_INCREMENT;
--
-- AUTO_INCREMENT for table `tbl_test`
--
ALTER TABLE `tbl_test`
  MODIFY `test_id` int(11) NOT NULL AUTO_INCREMENT;
--
-- AUTO_INCREMENT for table `tbl_transaction`
--
ALTER TABLE `tbl_transaction`
  MODIFY `t_id` int(11) NOT NULL AUTO_INCREMENT;
--
-- AUTO_INCREMENT for table `tbl_type`
--
ALTER TABLE `tbl_type`
  MODIFY `typeid` int(11) NOT NULL AUTO_INCREMENT, AUTO_INCREMENT=7;
--
-- AUTO_INCREMENT for table `user`
--
ALTER TABLE `user`
  MODIFY `srno` int(11) NOT NULL AUTO_INCREMENT, AUTO_INCREMENT=11;
--
-- AUTO_INCREMENT for table `users`
--
ALTER TABLE `users`
  MODIFY `id` int(11) NOT NULL AUTO_INCREMENT, AUTO_INCREMENT=36;
/*!40101 SET CHARACTER_SET_CLIENT=@OLD_CHARACTER_SET_CLIENT */;
/*!40101 SET CHARACTER_SET_RESULTS=@OLD_CHARACTER_SET_RESULTS */;
/*!40101 SET COLLATION_CONNECTION=@OLD_COLLATION_CONNECTION */;
